x,y,unit,lithology,era,age_ma
0.0892,0.1152,2855986,granite,Proterozoic,1300.0
0.2676,0.1152,2855986,granite,Proterozoic,1300.0
0.4459,0.1152,2855986,granite,Proterozoic,1300.0
0.6243,0.1152,2855986,granite,Proterozoic,1300.0
0.8027,0.1152,2855986,granite,Proterozoic,1300.0
0.9810,0.1152,2855986,granite,Proterozoic,1300.0
1.1594,0.1152,2855986,granite,Proterozoic,1300.0
1.3378,0.1152,2855986,granite,Proterozoic,1300.0
1.5162,0.1152,2855986,granite,Proterozoic,1300.0
1.6945,0.1152,2855986,granite,Proterozoic,1300.0
1.8729,0.1152,2855986,granite,Proterozoic,1300.0
2.0513,0.1152,2855986,granite,Proterozoic,1300.0
2.2296,0.1152,2855986,granite,Proterozoic,1300.0
2.4080,0.1152,2855986,granite,Proterozoic,1300.0
2.5864,0.1152,2855986,granite,Proterozoic,1300.0
2.7648,0.1152,2855986,granite,Proterozoic,1300.0
2.9431,0.1152,2855986,granite,Proterozoic,1300.0
3.1215,0.1152,2855986,granite,Proterozoic,1300.0
3.2999,0.1152,2855986,granite,Proterozoic,1300.0
3.4783,0.1152,2855986,granite,Proterozoic,1300.0
3.6566,0.1152,2855986,granite,Proterozoic,1300.0
3.8350,0.1152,2855986,granite,Proterozoic,1300.0
4.0134,0.1152,2855986,granite,Proterozoic,1300.0
4.1917,0.1152,2855986,granite,Proterozoic,1300.0
4.3701,0.1152,2855986,granite,Proterozoic,1300.0
4.5485,0.1152,2855986,granite,Proterozoic,1300.0
4.7269,0.1152,2855986,granite,Proterozoic,1300.0
4.9052,0.1152,2855986,granite,Proterozoic,1300.0
5.0836,0.1152,2855986,granite,Proterozoic,1300.0
5.2620,0.1152,2957947,gneiss,Proterozoic,2050.0
5.4403,0.1152,2957947,gneiss,Proterozoic,2050.0
5.6187,0.1152,2957947,gneiss,Proterozoic,2050.0
5.7971,0.1152,2957947,gneiss,Proterozoic,2050.0
5.9755,0.1152,2957947,gneiss,Proterozoic,2050.0
6.1538,0.1152,2957947,gneiss,Proterozoic,2050.0
6.3322,0.1152,2957947,gneiss,Proterozoic,2050.0
6.5106,0.1152,2957947,gneiss,Proterozoic,2050.0
6.6889,0.1152,2720676,granite,Proterozoic,1300.0
6.8673,0.1152,2720676,granite,Proterozoic,1300.0
7.0457,0.1152,2720676,granite,Proterozoic,1300.0
7.2241,0.1152,2720676,granite,Proterozoic,1300.0
7.4024,0.1152,2720676,granite,Proterozoic,1300.0
7.5808,0.1152,2720676,granite,Proterozoic,1300.0
7.7592,0.1152,2720676,granite,Proterozoic,1300.0
7.9376,0.1152,2720676,granite,Proterozoic,1300.0
8.1159,0.1152,2957947,gneiss,Proterozoic,2050.0
8.2943,0.1152,2957947,gneiss,Proterozoic,2050.0
8.4727,0.1152,2957947,gneiss,Proterozoic,2050.0
8.6510,0.1152,2957947,gneiss,Proterozoic,2050.0
8.8294,0.1152,2957947,gneiss,Proterozoic,2050.0
9.0078,0.1152,2957947,gneiss,Proterozoic,2050.0
9.1862,0.1152,2957947,gneiss,Proterozoic,2050.0
9.3645,0.1152,2957947,gneiss,Proterozoic,2050.0
9.5429,0.1152,2957947,gneiss,Proterozoic,2050.0
9.7213,0.1152,2957947,gneiss,Proterozoic,2050.0
9.8996,0.1152,2957947,gneiss,Proterozoic,2050.0
10.0780,0.1152,2855894,granite,Proterozoic,2050.0
10.2564,0.1152,2855894,granite,Proterozoic,2050.0
10.4348,0.1152,2855894,granite,Proterozoic,2050.0
10.6131,0.1152,2855894,granite,Proterozoic,2050.0
10.7915,0.1152,2855894,granite,Proterozoic,2050.0
10.9699,0.1152,2855882,gneiss,Proterozoic,2050.0
11.1482,0.1152,2855882,gneiss,Proterozoic,2050.0
11.3266,0.1152,2855882,gneiss,Proterozoic,2050.0
11.5050,0.1152,2855882,gneiss,Proterozoic,2050.0
11.6834,0.1152,2855882,gneiss,Proterozoic,2050.0
11.8617,0.1152,2855882,gneiss,Proterozoic,2050.0
12.0401,0.1152,2855882,gneiss,Proterozoic,2050.0
12.2185,0.1152,2855882,gneiss,Proterozoic,2050.0
12.3968,0.1152,2855882,gneiss,Proterozoic,2050.0
12.5752,0.1152,2855882,gneiss,Proterozoic,2050.0
12.7536,0.1152,2855882,gneiss,Proterozoic,2050.0
12.9320,0.1152,2855882,gneiss,Proterozoic,2050.0
13.1103,0.1152,2855882,gneiss,Proterozoic,2050.0
13.2887,0.1152,2855882,gneiss,Proterozoic,2050.0
13.4671,0.1152,2957947,gneiss,Proterozoic,2050.0
13.6455,0.1152,2957947,gneiss,Proterozoic,2050.0
13.8238,0.1152,2957947,gneiss,Proterozoic,2050.0
14.0022,0.1152,2957947,gneiss,Proterozoic,2050.0
14.1806,0.1152,2813702,sandstone,Paleozoic,307.4
14.3589,0.1152,2813702,sandstone,Paleozoic,307.4
14.5373,0.1152,2813702,sandstone,Paleozoic,307.4
14.7157,0.1152,2813702,sandstone,Paleozoic,307.4
14.8941,0.1152,2813702,sandstone,Paleozoic,307.4
15.0724,0.1152,2813702,sandstone,Paleozoic,307.4
15.2508,0.1152,2813702,sandstone,Paleozoic,307.4
15.4292,0.1152,2813702,sandstone,Paleozoic,307.4
15.6075,0.1152,2813702,sandstone,Paleozoic,307.4
15.7859,0.1152,2813702,sandstone,Paleozoic,307.4
15.9643,0.1152,3014794,sandstone,Paleozoic,263.9
16.1427,0.1152,3014794,sandstone,Paleozoic,263.9
16.3210,0.1152,2855586,sandstone,Mesozoic,132.0
16.4994,0.1152,2855586,sandstone,Mesozoic,132.0
16.6778,0.1152,2855586,sandstone,Mesozoic,132.0
16.8561,0.1152,2740920,shale,Mesozoic,92.4
17.0345,0.1152,2740920,shale,Mesozoic,92.4
17.2129,0.1152,2740920,shale,Mesozoic,92.4
17.3913,0.1152,2740920,shale,Mesozoic,92.4
17.5696,0.1152,2809559,shale,Mesozoic,79.6
17.7480,0.1152,2809559,shale,Mesozoic,79.6
17.9264,0.1152,2809559,shale,Mesozoic,79.6
18.1048,0.1152,2809559,shale,Mesozoic,79.6
18.2831,0.1152,2843189,shale,Mesozoic,79.6
18.4615,0.1152,2843189,shale,Mesozoic,79.6
18.6399,0.1152,2843189,shale,Mesozoic,79.6
18.8182,0.1152,2843189,shale,Mesozoic,79.6
18.9966,0.1152,2753594,shale,Mesozoic,79.6
19.1750,0.1152,2753594,shale,Mesozoic,79.6
19.3534,0.1152,2753594,shale,Mesozoic,79.6
19.5317,0.1152,2753594,shale,Mesozoic,79.6
19.7101,0.1152,2753594,shale,Mesozoic,79.6
19.8885,0.1152,2753594,shale,Mesozoic,79.6
20.0668,0.1152,2753594,shale,Mesozoic,79.6
20.2452,0.1152,2818367,alluvium,Cenozoic,1.0
20.4236,0.1152,2818367,alluvium,Cenozoic,1.0
20.6020,0.1152,2818367,alluvium,Cenozoic,1.0
20.7803,0.1152,2818367,alluvium,Cenozoic,1.0
20.9587,0.1152,2818367,alluvium,Cenozoic,1.0
21.1371,0.1152,2818367,alluvium,Cenozoic,1.0
21.3154,0.1152,2818367,alluvium,Cenozoic,1.0
0.0892,0.3455,2855986,granite,Proterozoic,1300.0
0.2676,0.3455,2855986,granite,Proterozoic,1300.0
0.4459,0.3455,2855986,granite,Proterozoic,1300.0
0.6243,0.3455,2855986,granite,Proterozoic,1300.0
0.8027,0.3455,2855986,granite,Proterozoic,1300.0
0.9810,0.3455,2855986,granite,Proterozoic,1300.0
1.1594,0.3455,2855986,granite,Proterozoic,1300.0
1.3378,0.3455,2855986,granite,Proterozoic,1300.0
1.5162,0.3455,2855986,granite,Proterozoic,1300.0
1.6945,0.3455,2855986,granite,Proterozoic,1300.0
1.8729,0.3455,2855986,granite,Proterozoic,1300.0
2.0513,0.3455,2855986,granite,Proterozoic,1300.0
2.2296,0.3455,2855986,granite,Proterozoic,1300.0
2.4080,0.3455,2855986,granite,Proterozoic,1300.0
2.5864,0.3455,2855986,granite,Proterozoic,1300.0
2.7648,0.3455,2855986,granite,Proterozoic,1300.0
2.9431,0.3455,2855986,granite,Proterozoic,1300.0
3.1215,0.3455,2855986,granite,Proterozoic,1300.0
3.2999,0.3455,2855986,granite,Proterozoic,1300.0
3.4783,0.3455,2855986,granite,Proterozoic,1300.0
3.6566,0.3455,2855986,granite,Proterozoic,1300.0
3.8350,0.3455,2855986,granite,Proterozoic,1300.0
4.0134,0.3455,2855986,granite,Proterozoic,1300.0
4.1917,0.3455,2855986,granite,Proterozoic,1300.0
4.3701,0.3455,2855986,granite,Proterozoic,1300.0
4.5485,0.3455,2855986,granite,Proterozoic,1300.0
4.7269,0.3455,2855986,granite,Proterozoic,1300.0
4.9052,0.3455,2855986,granite,Proterozoic,1300.0
5.0836,0.3455,2855986,granite,Proterozoic,1300.0
5.2620,0.3455,2855986,granite,Proterozoic,1300.0
5.4403,0.3455,2855986,granite,Proterozoic,1300.0
5.6187,0.3455,2855986,granite,Proterozoic,1300.0
5.7971,0.3455,2855986,granite,Proterozoic,1300.0
5.9755,0.3455,2957947,gneiss,Proterozoic,2050.0
6.1538,0.3455,2957947,gneiss,Proterozoic,2050.0
6.3322,0.3455,2957947,gneiss,Proterozoic,2050.0
6.5106,0.3455,2957947,gneiss,Proterozoic,2050.0
6.6889,0.3455,2720676,granite,Proterozoic,1300.0
6.8673,0.3455,2720676,granite,Proterozoic,1300.0
7.0457,0.3455,2720676,granite,Proterozoic,1300.0
7.2241,0.3455,2720676,granite,Proterozoic,1300.0
7.4024,0.3455,2720676,granite,Proterozoic,1300.0
7.5808,0.3455,2720676,granite,Proterozoic,1300.0
7.7592,0.3455,2720676,granite,Proterozoic,1300.0
7.9376,0.3455,2957947,gneiss,Proterozoic,2050.0
8.1159,0.3455,2957947,gneiss,Proterozoic,2050.0
8.2943,0.3455,2957947,gneiss,Proterozoic,2050.0
8.4727,0.3455,2957947,gneiss,Proterozoic,2050.0
8.6510,0.3455,2957947,gneiss,Proterozoic,2050.0
8.8294,0.3455,2957947,gneiss,Proterozoic,2050.0
9.0078,0.3455,2957947,gneiss,Proterozoic,2050.0
9.1862,0.3455,2957947,gneiss,Proterozoic,2050.0
9.3645,0.3455,2957947,gneiss,Proterozoic,2050.0
9.5429,0.3455,2957947,gneiss,Proterozoic,2050.0
9.7213,0.3455,2957947,gneiss,Proterozoic,2050.0
9.8996,0.3455,2957947,gneiss,Proterozoic,2050.0
10.0780,0.3455,2855894,granite,Proterozoic,2050.0
10.2564,0.3455,2855894,granite,Proterozoic,2050.0
10.4348,0.3455,2855894,granite,Proterozoic,2050.0
10.6131,0.3455,2855894,granite,Proterozoic,2050.0
10.7915,0.3455,2855894,granite,Proterozoic,2050.0
10.9699,0.3455,2855882,gneiss,Proterozoic,2050.0
11.1482,0.3455,2855882,gneiss,Proterozoic,2050.0
11.3266,0.3455,2855882,gneiss,Proterozoic,2050.0
11.5050,0.3455,2855882,gneiss,Proterozoic,2050.0
11.6834,0.3455,2855882,gneiss,Proterozoic,2050.0
11.8617,0.3455,2855882,gneiss,Proterozoic,2050.0
12.0401,0.3455,2855882,gneiss,Proterozoic,2050.0
12.2185,0.3455,2855882,gneiss,Proterozoic,2050.0
12.3968,0.3455,2855882,gneiss,Proterozoic,2050.0
12.5752,0.3455,2855882,gneiss,Proterozoic,2050.0
12.7536,0.3455,2855882,gneiss,Proterozoic,2050.0
12.9320,0.3455,2855882,gneiss,Proterozoic,2050.0
13.1103,0.3455,2855882,gneiss,Proterozoic,2050.0
13.2887,0.3455,2855882,gneiss,Proterozoic,2050.0
13.4671,0.3455,2855882,gneiss,Proterozoic,2050.0
13.6455,0.3455,2855882,gneiss,Proterozoic,2050.0
13.8238,0.3455,2957947,gneiss,Proterozoic,2050.0
14.0022,0.3455,2813702,sandstone,Paleozoic,307.4
14.1806,0.3455,2813702,sandstone,Paleozoic,307.4
14.3589,0.3455,2813702,sandstone,Paleozoic,307.4
14.5373,0.3455,2813702,sandstone,Paleozoic,307.4
14.7157,0.3455,2813702,sandstone,Paleozoic,307.4
14.8941,0.3455,2813702,sandstone,Paleozoic,307.4
15.0724,0.3455,2813702,sandstone,Paleozoic,307.4
15.2508,0.3455,2813702,sandstone,Paleozoic,307.4
15.4292,0.3455,2813702,sandstone,Paleozoic,307.4
15.6075,0.3455,2813702,sandstone,Paleozoic,307.4
15.7859,0.3455,3014794,sandstone,Paleozoic,263.9
15.9643,0.3455,3014794,sandstone,Paleozoic,263.9
16.1427,0.3455,3014794,sandstone,Paleozoic,263.9
16.3210,0.3455,2855586,sandstone,Mesozoic,132.0
16.4994,0.3455,2855586,sandstone,Mesozoic,132.0
16.6778,0.3455,2855586,sandstone,Mesozoic,132.0
16.8561,0.3455,2740920,shale,Mesozoic,92.4
17.0345,0.3455,2740920,shale,Mesozoic,92.4
17.2129,0.3455,2740920,shale,Mesozoic,92.4
17.3913,0.3455,2740920,shale,Mesozoic,92.4
17.5696,0.3455,2809559,shale,Mesozoic,79.6
17.7480,0.3455,2809559,shale,Mesozoic,79.6
17.9264,0.3455,2809559,shale,Mesozoic,79.6
18.1048,0.3455,2809559,shale,Mesozoic,79.6
18.2831,0.3455,2843189,shale,Mesozoic,79.6
18.4615,0.3455,2843189,shale,Mesozoic,79.6
18.6399,0.3455,2843189,shale,Mesozoic,79.6
18.8182,0.3455,2843189,shale,Mesozoic,79.6
18.9966,0.3455,2753594,shale,Mesozoic,79.6
19.1750,0.3455,2818367,alluvium,Cenozoic,1.0
19.3534,0.3455,2818367,alluvium,Cenozoic,1.0
19.5317,0.3455,2818367,alluvium,Cenozoic,1.0
19.7101,0.3455,2818367,alluvium,Cenozoic,1.0
19.8885,0.3455,2818367,alluvium,Cenozoic,1.0
20.0668,0.3455,2818367,alluvium,Cenozoic,1.0
20.2452,0.3455,2818367,alluvium,Cenozoic,1.0
20.4236,0.3455,2818367,alluvium,Cenozoic,1.0
20.6020,0.3455,2818367,alluvium,Cenozoic,1.0
20.7803,0.3455,2818367,alluvium,Cenozoic,1.0
20.9587,0.3455,2818367,alluvium,Cenozoic,1.0
21.1371,0.3455,2818367,alluvium,Cenozoic,1.0
21.3154,0.3455,2818367,alluvium,Cenozoic,1.0
0.0892,0.5759,2855986,granite,Proterozoic,1300.0
0.2676,0.5759,2855986,granite,Proterozoic,1300.0
0.4459,0.5759,2855986,granite,Proterozoic,1300.0
0.6243,0.5759,2855986,granite,Proterozoic,1300.0
0.8027,0.5759,2855986,granite,Proterozoic,1300.0
0.9810,0.5759,2855986,granite,Proterozoic,1300.0
1.1594,0.5759,2855986,granite,Proterozoic,1300.0
1.3378,0.5759,2855986,granite,Proterozoic,1300.0
1.5162,0.5759,2855986,granite,Proterozoic,1300.0
1.6945,0.5759,2855986,granite,Proterozoic,1300.0
1.8729,0.5759,2855986,granite,Proterozoic,1300.0
2.0513,0.5759,2855986,granite,Proterozoic,1300.0
2.2296,0.5759,2855986,granite,Proterozoic,1300.0
2.4080,0.5759,2855986,granite,Proterozoic,1300.0
2.5864,0.5759,2855986,granite,Proterozoic,1300.0
2.7648,0.5759,2855986,granite,Proterozoic,1300.0
2.9431,0.5759,2855986,granite,Proterozoic,1300.0
3.1215,0.5759,2855986,granite,Proterozoic,1300.0
3.2999,0.5759,2855986,granite,Proterozoic,1300.0
3.4783,0.5759,2855986,granite,Proterozoic,1300.0
3.6566,0.5759,2855986,granite,Proterozoic,1300.0
3.8350,0.5759,2855986,granite,Proterozoic,1300.0
4.0134,0.5759,2855986,granite,Proterozoic,1300.0
4.1917,0.5759,2855986,granite,Proterozoic,1300.0
4.3701,0.5759,2855986,granite,Proterozoic,1300.0
4.5485,0.5759,2855986,granite,Proterozoic,1300.0
4.7269,0.5759,2855986,granite,Proterozoic,1300.0
4.9052,0.5759,2855986,granite,Proterozoic,1300.0
5.0836,0.5759,2855986,granite,Proterozoic,1300.0
5.2620,0.5759,2855986,granite,Proterozoic,1300.0
5.4403,0.5759,2855986,granite,Proterozoic,1300.0
5.6187,0.5759,2855986,granite,Proterozoic,1300.0
5.7971,0.5759,2855986,granite,Proterozoic,1300.0
5.9755,0.5759,2957947,gneiss,Proterozoic,2050.0
6.1538,0.5759,2957947,gneiss,Proterozoic,2050.0
6.3322,0.5759,2957947,gneiss,Proterozoic,2050.0
6.5106,0.5759,2957947,gneiss,Proterozoic,2050.0
6.6889,0.5759,2720676,granite,Proterozoic,1300.0
6.8673,0.5759,2720676,granite,Proterozoic,1300.0
7.0457,0.5759,2720676,granite,Proterozoic,1300.0
7.2241,0.5759,2720676,granite,Proterozoic,1300.0
7.4024,0.5759,2720676,granite,Proterozoic,1300.0
7.5808,0.5759,2720676,granite,Proterozoic,1300.0
7.7592,0.5759,2720676,granite,Proterozoic,1300.0
7.9376,0.5759,2720676,granite,Proterozoic,1300.0
8.1159,0.5759,2720676,granite,Proterozoic,1300.0
8.2943,0.5759,2957947,gneiss,Proterozoic,2050.0
8.4727,0.5759,2957947,gneiss,Proterozoic,2050.0
8.6510,0.5759,2957947,gneiss,Proterozoic,2050.0
8.8294,0.5759,2957947,gneiss,Proterozoic,2050.0
9.0078,0.5759,2957947,gneiss,Proterozoic,2050.0
9.1862,0.5759,2957947,gneiss,Proterozoic,2050.0
9.3645,0.5759,2957947,gneiss,Proterozoic,2050.0
9.5429,0.5759,2957947,gneiss,Proterozoic,2050.0
9.7213,0.5759,2957947,gneiss,Proterozoic,2050.0
9.8996,0.5759,2855894,granite,Proterozoic,2050.0
10.0780,0.5759,2855894,granite,Proterozoic,2050.0
10.2564,0.5759,2855894,granite,Proterozoic,2050.0
10.4348,0.5759,2855894,granite,Proterozoic,2050.0
10.6131,0.5759,2855894,granite,Proterozoic,2050.0
10.7915,0.5759,2855882,gneiss,Proterozoic,2050.0
10.9699,0.5759,2855882,gneiss,Proterozoic,2050.0
11.1482,0.5759,2855882,gneiss,Proterozoic,2050.0
11.3266,0.5759,2855882,gneiss,Proterozoic,2050.0
11.5050,0.5759,2855882,gneiss,Proterozoic,2050.0
11.6834,0.5759,2855882,gneiss,Proterozoic,2050.0
11.8617,0.5759,2855882,gneiss,Proterozoic,2050.0
12.0401,0.5759,2855882,gneiss,Proterozoic,2050.0
12.2185,0.5759,2855882,gneiss,Proterozoic,2050.0
12.3968,0.5759,2855882,gneiss,Proterozoic,2050.0
12.5752,0.5759,2855882,gneiss,Proterozoic,2050.0
12.7536,0.5759,2855882,gneiss,Proterozoic,2050.0
12.9320,0.5759,2855882,gneiss,Proterozoic,2050.0
13.1103,0.5759,2855882,gneiss,Proterozoic,2050.0
13.2887,0.5759,2855882,gneiss,Proterozoic,2050.0
13.4671,0.5759,2855882,gneiss,Proterozoic,2050.0
13.6455,0.5759,2855882,gneiss,Proterozoic,2050.0
13.8238,0.5759,2813702,sandstone,Paleozoic,307.4
14.0022,0.5759,2813702,sandstone,Paleozoic,307.4
14.1806,0.5759,2813702,sandstone,Paleozoic,307.4
14.3589,0.5759,2813702,sandstone,Paleozoic,307.4
14.5373,0.5759,2813702,sandstone,Paleozoic,307.4
14.7157,0.5759,2813702,sandstone,Paleozoic,307.4
14.8941,0.5759,2813702,sandstone,Paleozoic,307.4
15.0724,0.5759,2813702,sandstone,Paleozoic,307.4
15.2508,0.5759,2813702,sandstone,Paleozoic,307.4
15.4292,0.5759,2813702,sandstone,Paleozoic,307.4
15.6075,0.5759,2813702,sandstone,Paleozoic,307.4
15.7859,0.5759,3014794,sandstone,Paleozoic,263.9
15.9643,0.5759,3014794,sandstone,Paleozoic,263.9
16.1427,0.5759,2855586,sandstone,Mesozoic,132.0
16.3210,0.5759,2855586,sandstone,Mesozoic,132.0
16.4994,0.5759,2855586,sandstone,Mesozoic,132.0
16.6778,0.5759,2855586,sandstone,Mesozoic,132.0
16.8561,0.5759,2740920,shale,Mesozoic,92.4
17.0345,0.5759,2740920,shale,Mesozoic,92.4
17.2129,0.5759,2740920,shale,Mesozoic,92.4
17.3913,0.5759,2740920,shale,Mesozoic,92.4
17.5696,0.5759,2809559,shale,Mesozoic,79.6
17.7480,0.5759,2809559,shale,Mesozoic,79.6
17.9264,0.5759,2809559,shale,Mesozoic,79.6
18.1048,0.5759,2843189,shale,Mesozoic,79.6
18.2831,0.5759,2843189,shale,Mesozoic,79.6
18.4615,0.5759,2843189,shale,Mesozoic,79.6
18.6399,0.5759,2818367,alluvium,Cenozoic,1.0
18.8182,0.5759,2818367,alluvium,Cenozoic,1.0
18.9966,0.5759,2818367,alluvium,Cenozoic,1.0
19.1750,0.5759,2818367,alluvium,Cenozoic,1.0
19.3534,0.5759,2818367,alluvium,Cenozoic,1.0
19.5317,0.5759,2818367,alluvium,Cenozoic,1.0
19.7101,0.5759,2818367,alluvium,Cenozoic,1.0
19.8885,0.5759,2818367,alluvium,Cenozoic,1.0
20.0668,0.5759,2818367,alluvium,Cenozoic,1.0
20.2452,0.5759,2818367,alluvium,Cenozoic,1.0
20.4236,0.5759,2818367,alluvium,Cenozoic,1.0
20.6020,0.5759,2818367,alluvium,Cenozoic,1.0
20.7803,0.5759,2818367,alluvium,Cenozoic,1.0
20.9587,0.5759,2818367,alluvium,Cenozoic,1.0
21.1371,0.5759,2818367,alluvium,Cenozoic,1.0
21.3154,0.5759,2818367,alluvium,Cenozoic,1.0
0.0892,0.8062,2855986,granite,Proterozoic,1300.0
0.2676,0.8062,2855986,granite,Proterozoic,1300.0
0.4459,0.8062,2855986,granite,Proterozoic,1300.0
0.6243,0.8062,2855986,granite,Proterozoic,1300.0
0.8027,0.8062,2855986,granite,Proterozoic,1300.0
0.9810,0.8062,2855986,granite,Proterozoic,1300.0
1.1594,0.8062,2855986,granite,Proterozoic,1300.0
1.3378,0.8062,2855986,granite,Proterozoic,1300.0
1.5162,0.8062,2855986,granite,Proterozoic,1300.0
1.6945,0.8062,2855986,granite,Proterozoic,1300.0
1.8729,0.8062,2855986,granite,Proterozoic,1300.0
2.0513,0.8062,2855986,granite,Proterozoic,1300.0
2.2296,0.8062,2855986,granite,Proterozoic,1300.0
2.4080,0.8062,2855986,granite,Proterozoic,1300.0
2.5864,0.8062,2855986,granite,Proterozoic,1300.0
2.7648,0.8062,2855986,granite,Proterozoic,1300.0
2.9431,0.8062,2855986,granite,Proterozoic,1300.0
3.1215,0.8062,2855986,granite,Proterozoic,1300.0
3.2999,0.8062,2855986,granite,Proterozoic,1300.0
3.4783,0.8062,2855986,granite,Proterozoic,1300.0
3.6566,0.8062,2855986,granite,Proterozoic,1300.0
3.8350,0.8062,2855986,granite,Proterozoic,1300.0
4.0134,0.8062,2855986,granite,Proterozoic,1300.0
4.1917,0.8062,2855986,granite,Proterozoic,1300.0
4.3701,0.8062,2855986,granite,Proterozoic,1300.0
4.5485,0.8062,2855986,granite,Proterozoic,1300.0
4.7269,0.8062,2855986,granite,Proterozoic,1300.0
4.9052,0.8062,2855986,granite,Proterozoic,1300.0
5.0836,0.8062,2855986,granite,Proterozoic,1300.0
5.2620,0.8062,2855986,granite,Proterozoic,1300.0
5.4403,0.8062,2855986,granite,Proterozoic,1300.0
5.6187,0.8062,2855986,granite,Proterozoic,1300.0
5.7971,0.8062,2957947,gneiss,Proterozoic,2050.0
5.9755,0.8062,2957947,gneiss,Proterozoic,2050.0
6.1538,0.8062,2957947,gneiss,Proterozoic,2050.0
6.3322,0.8062,2957947,gneiss,Proterozoic,2050.0
6.5106,0.8062,2720676,granite,Proterozoic,1300.0
6.6889,0.8062,2720676,granite,Proterozoic,1300.0
6.8673,0.8062,2720676,granite,Proterozoic,1300.0
7.0457,0.8062,2720676,granite,Proterozoic,1300.0
7.2241,0.8062,2720676,granite,Proterozoic,1300.0
7.4024,0.8062,2720676,granite,Proterozoic,1300.0
7.5808,0.8062,2720676,granite,Proterozoic,1300.0
7.7592,0.8062,2720676,granite,Proterozoic,1300.0
7.9376,0.8062,2720676,granite,Proterozoic,1300.0
8.1159,0.8062,2720676,granite,Proterozoic,1300.0
8.2943,0.8062,2720676,granite,Proterozoic,1300.0
8.4727,0.8062,2957947,gneiss,Proterozoic,2050.0
8.6510,0.8062,2957947,gneiss,Proterozoic,2050.0
8.8294,0.8062,2957947,gneiss,Proterozoic,2050.0
9.0078,0.8062,2957947,gneiss,Proterozoic,2050.0
9.1862,0.8062,2957947,gneiss,Proterozoic,2050.0
9.3645,0.8062,2957947,gneiss,Proterozoic,2050.0
9.5429,0.8062,2957947,gneiss,Proterozoic,2050.0
9.7213,0.8062,2957947,gneiss,Proterozoic,2050.0
9.8996,0.8062,2855894,granite,Proterozoic,2050.0
10.0780,0.8062,2855894,granite,Proterozoic,2050.0
10.2564,0.8062,2855894,granite,Proterozoic,2050.0
10.4348,0.8062,2855894,granite,Proterozoic,2050.0
10.6131,0.8062,2855882,gneiss,Proterozoic,2050.0
10.7915,0.8062,2855882,gneiss,Proterozoic,2050.0
10.9699,0.8062,2855882,gneiss,Proterozoic,2050.0
11.1482,0.8062,2855882,gneiss,Proterozoic,2050.0
11.3266,0.8062,2855882,gneiss,Proterozoic,2050.0
11.5050,0.8062,2855882,gneiss,Proterozoic,2050.0
11.6834,0.8062,2855882,gneiss,Proterozoic,2050.0
11.8617,0.8062,2855882,gneiss,Proterozoic,2050.0
12.0401,0.8062,2855882,gneiss,Proterozoic,2050.0
12.2185,0.8062,2855882,gneiss,Proterozoic,2050.0
12.3968,0.8062,2855882,gneiss,Proterozoic,2050.0
12.5752,0.8062,2855882,gneiss,Proterozoic,2050.0
12.7536,0.8062,2855882,gneiss,Proterozoic,2050.0
12.9320,0.8062,2855882,gneiss,Proterozoic,2050.0
13.1103,0.8062,2855882,gneiss,Proterozoic,2050.0
13.2887,0.8062,2855882,gneiss,Proterozoic,2050.0
13.4671,0.8062,2855882,gneiss,Proterozoic,2050.0
13.6455,0.8062,2813702,sandstone,Paleozoic,307.4
13.8238,0.8062,2813702,sandstone,Paleozoic,307.4
14.0022,0.8062,2813702,sandstone,Paleozoic,307.4
14.1806,0.8062,2813702,sandstone,Paleozoic,307.4
14.3589,0.8062,2813702,sandstone,Paleozoic,307.4
14.5373,0.8062,2813702,sandstone,Paleozoic,307.4
14.7157,0.8062,2813702,sandstone,Paleozoic,307.4
14.8941,0.8062,2813702,sandstone,Paleozoic,307.4
15.0724,0.8062,2813702,sandstone,Paleozoic,307.4
15.2508,0.8062,2813702,sandstone,Paleozoic,307.4
15.4292,0.8062,2813702,sandstone,Paleozoic,307.4
15.6075,0.8062,3014794,sandstone,Paleozoic,263.9
15.7859,0.8062,3014794,sandstone,Paleozoic,263.9
15.9643,0.8062,3014794,sandstone,Paleozoic,263.9
16.1427,0.8062,2855586,sandstone,Mesozoic,132.0
16.3210,0.8062,2855586,sandstone,Mesozoic,132.0
16.4994,0.8062,2855586,sandstone,Mesozoic,132.0
16.6778,0.8062,2740920,shale,Mesozoic,92.4
16.8561,0.8062,2740920,shale,Mesozoic,92.4
17.0345,0.8062,2740920,shale,Mesozoic,92.4
17.2129,0.8062,2740920,shale,Mesozoic,92.4
17.3913,0.8062,2809559,shale,Mesozoic,79.6
17.5696,0.8062,2809559,shale,Mesozoic,79.6
17.7480,0.8062,2921305,,,
17.9264,0.8062,2921305,,,
18.1048,0.8062,2843189,shale,Mesozoic,79.6
18.2831,0.8062,2843189,shale,Mesozoic,79.6
18.4615,0.8062,2818367,alluvium,Cenozoic,1.0
18.6399,0.8062,2818367,alluvium,Cenozoic,1.0
18.8182,0.8062,2818367,alluvium,Cenozoic,1.0
18.9966,0.8062,2818367,alluvium,Cenozoic,1.0
19.1750,0.8062,2818367,alluvium,Cenozoic,1.0
19.3534,0.8062,2818367,alluvium,Cenozoic,1.0
19.5317,0.8062,2818367,alluvium,Cenozoic,1.0
19.7101,0.8062,2818367,alluvium,Cenozoic,1.0
19.8885,0.8062,2818367,alluvium,Cenozoic,1.0
20.0668,0.8062,2818367,alluvium,Cenozoic,1.0
20.2452,0.8062,2818367,alluvium,Cenozoic,1.0
20.4236,0.8062,2818367,alluvium,Cenozoic,1.0
20.6020,0.8062,2818367,alluvium,Cenozoic,1.0
20.7803,0.8062,2818367,alluvium,Cenozoic,1.0
20.9587,0.8062,2818367,alluvium,Cenozoic,1.0
21.1371,0.8062,2818367,alluvium,Cenozoic,1.0
21.3154,0.8062,2818367,alluvium,Cenozoic,1.0
0.0892,1.0366,2855986,granite,Proterozoic,1300.0
0.2676,1.0366,2855986,granite,Proterozoic,1300.0
0.4459,1.0366,2855986,granite,Proterozoic,1300.0
0.6243,1.0366,2855986,granite,Proterozoic,1300.0
0.8027,1.0366,2855986,granite,Proterozoic,1300.0
0.9810,1.0366,2855986,granite,Proterozoic,1300.0
1.1594,1.0366,2957947,gneiss,Proterozoic,2050.0
1.3378,1.0366,2957947,gneiss,Proterozoic,2050.0
1.5162,1.0366,2957947,gneiss,Proterozoic,2050.0
1.6945,1.0366,2957947,gneiss,Proterozoic,2050.0
1.8729,1.0366,2855986,granite,Proterozoic,1300.0
2.0513,1.0366,2855986,granite,Proterozoic,1300.0
2.2296,1.0366,2855986,granite,Proterozoic,1300.0
2.4080,1.0366,2855986,granite,Proterozoic,1300.0
2.5864,1.0366,2855986,granite,Proterozoic,1300.0
2.7648,1.0366,2855986,granite,Proterozoic,1300.0
2.9431,1.0366,2855986,granite,Proterozoic,1300.0
3.1215,1.0366,2855986,granite,Proterozoic,1300.0
3.2999,1.0366,2855986,granite,Proterozoic,1300.0
3.4783,1.0366,2855986,granite,Proterozoic,1300.0
3.6566,1.0366,2855986,granite,Proterozoic,1300.0
3.8350,1.0366,2855986,granite,Proterozoic,1300.0
4.0134,1.0366,2855986,granite,Proterozoic,1300.0
4.1917,1.0366,2855986,granite,Proterozoic,1300.0
4.3701,1.0366,2855986,granite,Proterozoic,1300.0
4.5485,1.0366,2855986,granite,Proterozoic,1300.0
4.7269,1.0366,2855986,granite,Proterozoic,1300.0
4.9052,1.0366,2855986,granite,Proterozoic,1300.0
5.0836,1.0366,2855986,granite,Proterozoic,1300.0
5.2620,1.0366,2855986,granite,Proterozoic,1300.0
5.4403,1.0366,2855986,granite,Proterozoic,1300.0
5.6187,1.0366,2957947,gneiss,Proterozoic,2050.0
5.7971,1.0366,2957947,gneiss,Proterozoic,2050.0
5.9755,1.0366,2957947,gneiss,Proterozoic,2050.0
6.1538,1.0366,2957947,gneiss,Proterozoic,2050.0
6.3322,1.0366,2957947,gneiss,Proterozoic,2050.0
6.5106,1.0366,2720676,granite,Proterozoic,1300.0
6.6889,1.0366,2720676,granite,Proterozoic,1300.0
6.8673,1.0366,2720676,granite,Proterozoic,1300.0
7.0457,1.0366,2720676,granite,Proterozoic,1300.0
7.2241,1.0366,2720676,granite,Proterozoic,1300.0
7.4024,1.0366,2720676,granite,Proterozoic,1300.0
7.5808,1.0366,2720676,granite,Proterozoic,1300.0
7.7592,1.0366,2720676,granite,Proterozoic,1300.0
7.9376,1.0366,2720676,granite,Proterozoic,1300.0
8.1159,1.0366,2720676,granite,Proterozoic,1300.0
8.2943,1.0366,2957947,gneiss,Proterozoic,2050.0
8.4727,1.0366,2957947,gneiss,Proterozoic,2050.0
8.6510,1.0366,2957947,gneiss,Proterozoic,2050.0
8.8294,1.0366,2957947,gneiss,Proterozoic,2050.0
9.0078,1.0366,2957947,gneiss,Proterozoic,2050.0
9.1862,1.0366,2957947,gneiss,Proterozoic,2050.0
9.3645,1.0366,2957947,gneiss,Proterozoic,2050.0
9.5429,1.0366,2957947,gneiss,Proterozoic,2050.0
9.7213,1.0366,2855894,granite,Proterozoic,2050.0
9.8996,1.0366,2855894,granite,Proterozoic,2050.0
10.0780,1.0366,2855894,granite,Proterozoic,2050.0
10.2564,1.0366,2855894,granite,Proterozoic,2050.0
10.4348,1.0366,2855894,granite,Proterozoic,2050.0
10.6131,1.0366,2855882,gneiss,Proterozoic,2050.0
10.7915,1.0366,2855882,gneiss,Proterozoic,2050.0
10.9699,1.0366,2855882,gneiss,Proterozoic,2050.0
11.1482,1.0366,2855882,gneiss,Proterozoic,2050.0
11.3266,1.0366,2855882,gneiss,Proterozoic,2050.0
11.5050,1.0366,2855882,gneiss,Proterozoic,2050.0
11.6834,1.0366,2855882,gneiss,Proterozoic,2050.0
11.8617,1.0366,2855882,gneiss,Proterozoic,2050.0
12.0401,1.0366,2855882,gneiss,Proterozoic,2050.0
12.2185,1.0366,2855882,gneiss,Proterozoic,2050.0
12.3968,1.0366,2855882,gneiss,Proterozoic,2050.0
12.5752,1.0366,2855882,gneiss,Proterozoic,2050.0
12.7536,1.0366,2855882,gneiss,Proterozoic,2050.0
12.9320,1.0366,2855882,gneiss,Proterozoic,2050.0
13.1103,1.0366,2855882,gneiss,Proterozoic,2050.0
13.2887,1.0366,2855882,gneiss,Proterozoic,2050.0
13.4671,1.0366,2855882,gneiss,Proterozoic,2050.0
13.6455,1.0366,2813702,sandstone,Paleozoic,307.4
13.8238,1.0366,2813702,sandstone,Paleozoic,307.4
14.0022,1.0366,2813702,sandstone,Paleozoic,307.4
14.1806,1.0366,2813702,sandstone,Paleozoic,307.4
14.3589,1.0366,2813702,sandstone,Paleozoic,307.4
14.5373,1.0366,2813702,sandstone,Paleozoic,307.4
14.7157,1.0366,2813702,sandstone,Paleozoic,307.4
14.8941,1.0366,2813702,sandstone,Paleozoic,307.4
15.0724,1.0366,2813702,sandstone,Paleozoic,307.4
15.2508,1.0366,2813702,sandstone,Paleozoic,307.4
15.4292,1.0366,3014794,sandstone,Paleozoic,263.9
15.6075,1.0366,3014794,sandstone,Paleozoic,263.9
15.7859,1.0366,3014794,sandstone,Paleozoic,263.9
15.9643,1.0366,3014794,sandstone,Paleozoic,263.9
16.1427,1.0366,2855586,sandstone,Mesozoic,132.0
16.3210,1.0366,2855586,sandstone,Mesozoic,132.0
16.4994,1.0366,2855586,sandstone,Mesozoic,132.0
16.6778,1.0366,2740920,shale,Mesozoic,92.4
16.8561,1.0366,2740920,shale,Mesozoic,92.4
17.0345,1.0366,2740920,shale,Mesozoic,92.4
17.2129,1.0366,2740920,shale,Mesozoic,92.4
17.3913,1.0366,2809559,shale,Mesozoic,79.6
17.5696,1.0366,2809559,shale,Mesozoic,79.6
17.7480,1.0366,2809559,shale,Mesozoic,79.6
17.9264,1.0366,2921305,,,
18.1048,1.0366,2843189,shale,Mesozoic,79.6
18.2831,1.0366,2843189,shale,Mesozoic,79.6
18.4615,1.0366,2843189,shale,Mesozoic,79.6
18.6399,1.0366,2818367,alluvium,Cenozoic,1.0
18.8182,1.0366,2818367,alluvium,Cenozoic,1.0
18.9966,1.0366,2818367,alluvium,Cenozoic,1.0
19.1750,1.0366,2818367,alluvium,Cenozoic,1.0
19.3534,1.0366,2818367,alluvium,Cenozoic,1.0
19.5317,1.0366,2818367,alluvium,Cenozoic,1.0
19.7101,1.0366,2818367,alluvium,Cenozoic,1.0
19.8885,1.0366,3006567,sandstone,Mesozoic,72.0
20.0668,1.0366,3006567,sandstone,Mesozoic,72.0
20.2452,1.0366,3006567,sandstone,Mesozoic,72.0
20.4236,1.0366,3006567,sandstone,Mesozoic,72.0
20.6020,1.0366,2954406,sandstone,Mesozoic,67.2
20.7803,1.0366,2818367,alluvium,Cenozoic,1.0
20.9587,1.0366,2818367,alluvium,Cenozoic,1.0
21.1371,1.0366,2818367,alluvium,Cenozoic,1.0
21.3154,1.0366,2818367,alluvium,Cenozoic,1.0
0.0892,1.2669,2957947,gneiss,Proterozoic,2050.0
0.2676,1.2669,2855986,granite,Proterozoic,1300.0
0.4459,1.2669,2855986,granite,Proterozoic,1300.0
0.6243,1.2669,2855986,granite,Proterozoic,1300.0
0.8027,1.2669,2855986,granite,Proterozoic,1300.0
0.9810,1.2669,2957947,gneiss,Proterozoic,2050.0
1.1594,1.2669,2957947,gneiss,Proterozoic,2050.0
1.3378,1.2669,2957947,gneiss,Proterozoic,2050.0
1.5162,1.2669,2957947,gneiss,Proterozoic,2050.0
1.6945,1.2669,2957947,gneiss,Proterozoic,2050.0
1.8729,1.2669,2957947,gneiss,Proterozoic,2050.0
2.0513,1.2669,2957947,gneiss,Proterozoic,2050.0
2.2296,1.2669,2855986,granite,Proterozoic,1300.0
2.4080,1.2669,2855986,granite,Proterozoic,1300.0
2.5864,1.2669,2855986,granite,Proterozoic,1300.0
2.7648,1.2669,2855986,granite,Proterozoic,1300.0
2.9431,1.2669,2855986,granite,Proterozoic,1300.0
3.1215,1.2669,2855986,granite,Proterozoic,1300.0
3.2999,1.2669,2855986,granite,Proterozoic,1300.0
3.4783,1.2669,2855986,granite,Proterozoic,1300.0
3.6566,1.2669,2855986,granite,Proterozoic,1300.0
3.8350,1.2669,2957947,gneiss,Proterozoic,2050.0
4.0134,1.2669,2957947,gneiss,Proterozoic,2050.0
4.1917,1.2669,2855986,granite,Proterozoic,1300.0
4.3701,1.2669,2855986,granite,Proterozoic,1300.0
4.5485,1.2669,2855986,granite,Proterozoic,1300.0
4.7269,1.2669,2855986,granite,Proterozoic,1300.0
4.9052,1.2669,2855986,granite,Proterozoic,1300.0
5.0836,1.2669,2855986,granite,Proterozoic,1300.0
5.2620,1.2669,2855986,granite,Proterozoic,1300.0
5.4403,1.2669,2957947,gneiss,Proterozoic,2050.0
5.6187,1.2669,2957947,gneiss,Proterozoic,2050.0
5.7971,1.2669,2957947,gneiss,Proterozoic,2050.0
5.9755,1.2669,2957947,gneiss,Proterozoic,2050.0
6.1538,1.2669,2957947,gneiss,Proterozoic,2050.0
6.3322,1.2669,2957947,gneiss,Proterozoic,2050.0
6.5106,1.2669,2720676,granite,Proterozoic,1300.0
6.6889,1.2669,2720676,granite,Proterozoic,1300.0
6.8673,1.2669,2720676,granite,Proterozoic,1300.0
7.0457,1.2669,2720676,granite,Proterozoic,1300.0
7.2241,1.2669,2720676,granite,Proterozoic,1300.0
7.4024,1.2669,2720676,granite,Proterozoic,1300.0
7.5808,1.2669,2720676,granite,Proterozoic,1300.0
7.7592,1.2669,2720676,granite,Proterozoic,1300.0
7.9376,1.2669,2720676,granite,Proterozoic,1300.0
8.1159,1.2669,2957947,gneiss,Proterozoic,2050.0
8.2943,1.2669,2957947,gneiss,Proterozoic,2050.0
8.4727,1.2669,2957947,gneiss,Proterozoic,2050.0
8.6510,1.2669,2957947,gneiss,Proterozoic,2050.0
8.8294,1.2669,2957947,gneiss,Proterozoic,2050.0
9.0078,1.2669,2957947,gneiss,Proterozoic,2050.0
9.1862,1.2669,2957947,gneiss,Proterozoic,2050.0
9.3645,1.2669,2957947,gneiss,Proterozoic,2050.0
9.5429,1.2669,2855894,granite,Proterozoic,2050.0
9.7213,1.2669,2855894,granite,Proterozoic,2050.0
9.8996,1.2669,2855894,granite,Proterozoic,2050.0
10.0780,1.2669,2855894,granite,Proterozoic,2050.0
10.2564,1.2669,2855894,granite,Proterozoic,2050.0
10.4348,1.2669,2855882,gneiss,Proterozoic,2050.0
10.6131,1.2669,2855882,gneiss,Proterozoic,2050.0
10.7915,1.2669,2855882,gneiss,Proterozoic,2050.0
10.9699,1.2669,2855882,gneiss,Proterozoic,2050.0
11.1482,1.2669,2855882,gneiss,Proterozoic,2050.0
11.3266,1.2669,2855882,gneiss,Proterozoic,2050.0
11.5050,1.2669,2855882,gneiss,Proterozoic,2050.0
11.6834,1.2669,2855882,gneiss,Proterozoic,2050.0
11.8617,1.2669,2855882,gneiss,Proterozoic,2050.0
12.0401,1.2669,2855882,gneiss,Proterozoic,2050.0
12.2185,1.2669,2855882,gneiss,Proterozoic,2050.0
12.3968,1.2669,2855882,gneiss,Proterozoic,2050.0
12.5752,1.2669,2855882,gneiss,Proterozoic,2050.0
12.7536,1.2669,2855882,gneiss,Proterozoic,2050.0
12.9320,1.2669,2855882,gneiss,Proterozoic,2050.0
13.1103,1.2669,2855882,gneiss,Proterozoic,2050.0
13.2887,1.2669,2855882,gneiss,Proterozoic,2050.0
13.4671,1.2669,2855882,gneiss,Proterozoic,2050.0
13.6455,1.2669,2813702,sandstone,Paleozoic,307.4
13.8238,1.2669,2813702,sandstone,Paleozoic,307.4
14.0022,1.2669,2813702,sandstone,Paleozoic,307.4
14.1806,1.2669,2813702,sandstone,Paleozoic,307.4
14.3589,1.2669,2813702,sandstone,Paleozoic,307.4
14.5373,1.2669,2813702,sandstone,Paleozoic,307.4
14.7157,1.2669,2813702,sandstone,Paleozoic,307.4
14.8941,1.2669,2813702,sandstone,Paleozoic,307.4
15.0724,1.2669,2813702,sandstone,Paleozoic,307.4
15.2508,1.2669,2813702,sandstone,Paleozoic,307.4
15.4292,1.2669,3014794,sandstone,Paleozoic,263.9
15.6075,1.2669,3014794,sandstone,Paleozoic,263.9
15.7859,1.2669,3014794,sandstone,Paleozoic,263.9
15.9643,1.2669,3014794,sandstone,Paleozoic,263.9
16.1427,1.2669,2855586,sandstone,Mesozoic,132.0
16.3210,1.2669,2855586,sandstone,Mesozoic,132.0
16.4994,1.2669,2855586,sandstone,Mesozoic,132.0
16.6778,1.2669,2740920,shale,Mesozoic,92.4
16.8561,1.2669,2740920,shale,Mesozoic,92.4
17.0345,1.2669,2740920,shale,Mesozoic,92.4
17.2129,1.2669,2809559,shale,Mesozoic,79.6
17.3913,1.2669,2809559,shale,Mesozoic,79.6
17.5696,1.2669,2809559,shale,Mesozoic,79.6
17.7480,1.2669,2809559,shale,Mesozoic,79.6
17.9264,1.2669,2843189,shale,Mesozoic,79.6
18.1048,1.2669,2843189,shale,Mesozoic,79.6
18.2831,1.2669,2843189,shale,Mesozoic,79.6
18.4615,1.2669,2843189,shale,Mesozoic,79.6
18.6399,1.2669,2818367,alluvium,Cenozoic,1.0
18.8182,1.2669,2818367,alluvium,Cenozoic,1.0
18.9966,1.2669,2818367,alluvium,Cenozoic,1.0
19.1750,1.2669,2818367,alluvium,Cenozoic,1.0
19.3534,1.2669,2818367,alluvium,Cenozoic,1.0
19.5317,1.2669,2822474,shale,Mesozoic,79.6
19.7101,1.2669,2822474,shale,Mesozoic,79.6
19.8885,1.2669,3006567,sandstone,Mesozoic,72.0
20.0668,1.2669,3006567,sandstone,Mesozoic,72.0
20.2452,1.2669,3006567,sandstone,Mesozoic,72.0
20.4236,1.2669,2954406,sandstone,Mesozoic,67.2
20.6020,1.2669,2954406,sandstone,Mesozoic,67.2
20.7803,1.2669,2954406,sandstone,Mesozoic,67.2
20.9587,1.2669,2818367,alluvium,Cenozoic,1.0
21.1371,1.2669,2818367,alluvium,Cenozoic,1.0
21.3154,1.2669,2818367,alluvium,Cenozoic,1.0
0.0892,1.4973,2957947,gneiss,Proterozoic,2050.0
0.2676,1.4973,2957947,gneiss,Proterozoic,2050.0
0.4459,1.4973,2957947,gneiss,Proterozoic,2050.0
0.6243,1.4973,2957947,gneiss,Proterozoic,2050.0
0.8027,1.4973,2957947,gneiss,Proterozoic,2050.0
0.9810,1.4973,2957947,gneiss,Proterozoic,2050.0
1.1594,1.4973,2957947,gneiss,Proterozoic,2050.0
1.3378,1.4973,2957947,gneiss,Proterozoic,2050.0
1.5162,1.4973,2957947,gneiss,Proterozoic,2050.0
1.6945,1.4973,2957947,gneiss,Proterozoic,2050.0
1.8729,1.4973,2957947,gneiss,Proterozoic,2050.0
2.0513,1.4973,2957947,gneiss,Proterozoic,2050.0
2.2296,1.4973,2957947,gneiss,Proterozoic,2050.0
2.4080,1.4973,2957947,gneiss,Proterozoic,2050.0
2.5864,1.4973,2957947,gneiss,Proterozoic,2050.0
2.7648,1.4973,2957947,gneiss,Proterozoic,2050.0
2.9431,1.4973,2957947,gneiss,Proterozoic,2050.0
3.1215,1.4973,2957947,gneiss,Proterozoic,2050.0
3.2999,1.4973,2957947,gneiss,Proterozoic,2050.0
3.4783,1.4973,2957947,gneiss,Proterozoic,2050.0
3.6566,1.4973,2957947,gneiss,Proterozoic,2050.0
3.8350,1.4973,2957947,gneiss,Proterozoic,2050.0
4.0134,1.4973,2957947,gneiss,Proterozoic,2050.0
4.1917,1.4973,2957947,gneiss,Proterozoic,2050.0
4.3701,1.4973,2855986,granite,Proterozoic,1300.0
4.5485,1.4973,2855986,granite,Proterozoic,1300.0
4.7269,1.4973,2855986,granite,Proterozoic,1300.0
4.9052,1.4973,2855986,granite,Proterozoic,1300.0
5.0836,1.4973,2855986,granite,Proterozoic,1300.0
5.2620,1.4973,2957947,gneiss,Proterozoic,2050.0
5.4403,1.4973,2957947,gneiss,Proterozoic,2050.0
5.6187,1.4973,2957947,gneiss,Proterozoic,2050.0
5.7971,1.4973,2957947,gneiss,Proterozoic,2050.0
5.9755,1.4973,2957947,gneiss,Proterozoic,2050.0
6.1538,1.4973,2957947,gneiss,Proterozoic,2050.0
6.3322,1.4973,2957947,gneiss,Proterozoic,2050.0
6.5106,1.4973,2957947,gneiss,Proterozoic,2050.0
6.6889,1.4973,2957947,gneiss,Proterozoic,2050.0
6.8673,1.4973,2720676,granite,Proterozoic,1300.0
7.0457,1.4973,2720676,granite,Proterozoic,1300.0
7.2241,1.4973,2720676,granite,Proterozoic,1300.0
7.4024,1.4973,2720676,granite,Proterozoic,1300.0
7.5808,1.4973,2720676,granite,Proterozoic,1300.0
7.7592,1.4973,2720676,granite,Proterozoic,1300.0
7.9376,1.4973,2957947,gneiss,Proterozoic,2050.0
8.1159,1.4973,2957947,gneiss,Proterozoic,2050.0
8.2943,1.4973,2957947,gneiss,Proterozoic,2050.0
8.4727,1.4973,2957947,gneiss,Proterozoic,2050.0
8.6510,1.4973,2957947,gneiss,Proterozoic,2050.0
8.8294,1.4973,2957947,gneiss,Proterozoic,2050.0
9.0078,1.4973,2957947,gneiss,Proterozoic,2050.0
9.1862,1.4973,2957947,gneiss,Proterozoic,2050.0
9.3645,1.4973,2855894,granite,Proterozoic,2050.0
9.5429,1.4973,2855894,granite,Proterozoic,2050.0
9.7213,1.4973,2855894,granite,Proterozoic,2050.0
9.8996,1.4973,2855894,granite,Proterozoic,2050.0
10.0780,1.4973,2855894,granite,Proterozoic,2050.0
10.2564,1.4973,2855882,gneiss,Proterozoic,2050.0
10.4348,1.4973,2855882,gneiss,Proterozoic,2050.0
10.6131,1.4973,2855882,gneiss,Proterozoic,2050.0
10.7915,1.4973,2855882,gneiss,Proterozoic,2050.0
10.9699,1.4973,2855882,gneiss,Proterozoic,2050.0
11.1482,1.4973,2855882,gneiss,Proterozoic,2050.0
11.3266,1.4973,2855882,gneiss,Proterozoic,2050.0
11.5050,1.4973,2855882,gneiss,Proterozoic,2050.0
11.6834,1.4973,2855882,gneiss,Proterozoic,2050.0
11.8617,1.4973,2855882,gneiss,Proterozoic,2050.0
12.0401,1.4973,2855882,gneiss,Proterozoic,2050.0
12.2185,1.4973,2855882,gneiss,Proterozoic,2050.0
12.3968,1.4973,2855882,gneiss,Proterozoic,2050.0
12.5752,1.4973,2855882,gneiss,Proterozoic,2050.0
12.7536,1.4973,2855882,gneiss,Proterozoic,2050.0
12.9320,1.4973,2855882,gneiss,Proterozoic,2050.0
13.1103,1.4973,2855882,gneiss,Proterozoic,2050.0
13.2887,1.4973,2855882,gneiss,Proterozoic,2050.0
13.4671,1.4973,2813702,sandstone,Paleozoic,307.4
13.6455,1.4973,2813702,sandstone,Paleozoic,307.4
13.8238,1.4973,2813702,sandstone,Paleozoic,307.4
14.0022,1.4973,2813702,sandstone,Paleozoic,307.4
14.1806,1.4973,2813702,sandstone,Paleozoic,307.4
14.3589,1.4973,2813702,sandstone,Paleozoic,307.4
14.5373,1.4973,2813702,sandstone,Paleozoic,307.4
14.7157,1.4973,2813702,sandstone,Paleozoic,307.4
14.8941,1.4973,2813702,sandstone,Paleozoic,307.4
15.0724,1.4973,2813702,sandstone,Paleozoic,307.4
15.2508,1.4973,2813702,sandstone,Paleozoic,307.4
15.4292,1.4973,3014794,sandstone,Paleozoic,263.9
15.6075,1.4973,3014794,sandstone,Paleozoic,263.9
15.7859,1.4973,3014794,sandstone,Paleozoic,263.9
15.9643,1.4973,2855586,sandstone,Mesozoic,132.0
16.1427,1.4973,2855586,sandstone,Mesozoic,132.0
16.3210,1.4973,2855586,sandstone,Mesozoic,132.0
16.4994,1.4973,2855586,sandstone,Mesozoic,132.0
16.6778,1.4973,2740920,shale,Mesozoic,92.4
16.8561,1.4973,2740920,shale,Mesozoic,92.4
17.0345,1.4973,2740920,shale,Mesozoic,92.4
17.2129,1.4973,2809559,shale,Mesozoic,79.6
17.3913,1.4973,2809559,shale,Mesozoic,79.6
17.5696,1.4973,2809559,shale,Mesozoic,79.6
17.7480,1.4973,2809559,shale,Mesozoic,79.6
17.9264,1.4973,2843189,shale,Mesozoic,79.6
18.1048,1.4973,2843189,shale,Mesozoic,79.6
18.2831,1.4973,2843189,shale,Mesozoic,79.6
18.4615,1.4973,2843189,shale,Mesozoic,79.6
18.6399,1.4973,2822474,shale,Mesozoic,79.6
18.8182,1.4973,2822474,shale,Mesozoic,79.6
18.9966,1.4973,2822474,shale,Mesozoic,79.6
19.1750,1.4973,2822474,shale,Mesozoic,79.6
19.3534,1.4973,2822474,shale,Mesozoic,79.6
19.5317,1.4973,2822474,shale,Mesozoic,79.6
19.7101,1.4973,2822474,shale,Mesozoic,79.6
19.8885,1.4973,3006567,sandstone,Mesozoic,72.0
20.0668,1.4973,3006567,sandstone,Mesozoic,72.0
20.2452,1.4973,3006567,sandstone,Mesozoic,72.0
20.4236,1.4973,2954406,sandstone,Mesozoic,67.2
20.6020,1.4973,2954406,sandstone,Mesozoic,67.2
20.7803,1.4973,2954406,sandstone,Mesozoic,67.2
20.9587,1.4973,2954406,sandstone,Mesozoic,67.2
21.1371,1.4973,2818367,alluvium,Cenozoic,1.0
21.3154,1.4973,2818367,alluvium,Cenozoic,1.0
0.0892,1.7277,2957947,gneiss,Proterozoic,2050.0
0.2676,1.7277,2957947,gneiss,Proterozoic,2050.0
0.4459,1.7277,2957947,gneiss,Proterozoic,2050.0
0.6243,1.7277,2957947,gneiss,Proterozoic,2050.0
0.8027,1.7277,2957947,gneiss,Proterozoic,2050.0
0.9810,1.7277,2957947,gneiss,Proterozoic,2050.0
1.1594,1.7277,2957947,gneiss,Proterozoic,2050.0
1.3378,1.7277,2957947,gneiss,Proterozoic,2050.0
1.5162,1.7277,2957947,gneiss,Proterozoic,2050.0
1.6945,1.7277,2957947,gneiss,Proterozoic,2050.0
1.8729,1.7277,2957947,gneiss,Proterozoic,2050.0
2.0513,1.7277,2957947,gneiss,Proterozoic,2050.0
2.2296,1.7277,2957947,gneiss,Proterozoic,2050.0
2.4080,1.7277,2957947,gneiss,Proterozoic,2050.0
2.5864,1.7277,2957947,gneiss,Proterozoic,2050.0
2.7648,1.7277,2957947,gneiss,Proterozoic,2050.0
2.9431,1.7277,2957947,gneiss,Proterozoic,2050.0
3.1215,1.7277,2957947,gneiss,Proterozoic,2050.0
3.2999,1.7277,2957947,gneiss,Proterozoic,2050.0
3.4783,1.7277,2957947,gneiss,Proterozoic,2050.0
3.6566,1.7277,2957947,gneiss,Proterozoic,2050.0
3.8350,1.7277,2957947,gneiss,Proterozoic,2050.0
4.0134,1.7277,2957947,gneiss,Proterozoic,2050.0
4.1917,1.7277,2957947,gneiss,Proterozoic,2050.0
4.3701,1.7277,2957947,gneiss,Proterozoic,2050.0
4.5485,1.7277,2855986,granite,Proterozoic,1300.0
4.7269,1.7277,2855986,granite,Proterozoic,1300.0
4.9052,1.7277,2957947,gneiss,Proterozoic,2050.0
5.0836,1.7277,2957947,gneiss,Proterozoic,2050.0
5.2620,1.7277,2957947,gneiss,Proterozoic,2050.0
5.4403,1.7277,2957947,gneiss,Proterozoic,2050.0
5.6187,1.7277,2957947,gneiss,Proterozoic,2050.0
5.7971,1.7277,2957947,gneiss,Proterozoic,2050.0
5.9755,1.7277,2957947,gneiss,Proterozoic,2050.0
6.1538,1.7277,2957947,gneiss,Proterozoic,2050.0
6.3322,1.7277,2957947,gneiss,Proterozoic,2050.0
6.5106,1.7277,2957947,gneiss,Proterozoic,2050.0
6.6889,1.7277,2720676,granite,Proterozoic,1300.0
6.8673,1.7277,2720676,granite,Proterozoic,1300.0
7.0457,1.7277,2720676,granite,Proterozoic,1300.0
7.2241,1.7277,2720676,granite,Proterozoic,1300.0
7.4024,1.7277,2720676,granite,Proterozoic,1300.0
7.5808,1.7277,2720676,granite,Proterozoic,1300.0
7.7592,1.7277,2720676,granite,Proterozoic,1300.0
7.9376,1.7277,2957947,gneiss,Proterozoic,2050.0
8.1159,1.7277,2957947,gneiss,Proterozoic,2050.0
8.2943,1.7277,2957947,gneiss,Proterozoic,2050.0
8.4727,1.7277,2957947,gneiss,Proterozoic,2050.0
8.6510,1.7277,2957947,gneiss,Proterozoic,2050.0
8.8294,1.7277,2957947,gneiss,Proterozoic,2050.0
9.0078,1.7277,2957947,gneiss,Proterozoic,2050.0
9.1862,1.7277,2855894,granite,Proterozoic,2050.0
9.3645,1.7277,2855894,granite,Proterozoic,2050.0
9.5429,1.7277,2855894,granite,Proterozoic,2050.0
9.7213,1.7277,2855894,granite,Proterozoic,2050.0
9.8996,1.7277,2855882,gneiss,Proterozoic,2050.0
10.0780,1.7277,2855882,gneiss,Proterozoic,2050.0
10.2564,1.7277,2855882,gneiss,Proterozoic,2050.0
10.4348,1.7277,2855882,gneiss,Proterozoic,2050.0
10.6131,1.7277,2855882,gneiss,Proterozoic,2050.0
10.7915,1.7277,2855882,gneiss,Proterozoic,2050.0
10.9699,1.7277,2855882,gneiss,Proterozoic,2050.0
11.1482,1.7277,2855882,gneiss,Proterozoic,2050.0
11.3266,1.7277,2855882,gneiss,Proterozoic,2050.0
11.5050,1.7277,2855882,gneiss,Proterozoic,2050.0
11.6834,1.7277,2855882,gneiss,Proterozoic,2050.0
11.8617,1.7277,2855882,gneiss,Proterozoic,2050.0
12.0401,1.7277,2855882,gneiss,Proterozoic,2050.0
12.2185,1.7277,2855882,gneiss,Proterozoic,2050.0
12.3968,1.7277,2855882,gneiss,Proterozoic,2050.0
12.5752,1.7277,2855882,gneiss,Proterozoic,2050.0
12.7536,1.7277,2855882,gneiss,Proterozoic,2050.0
12.9320,1.7277,2855882,gneiss,Proterozoic,2050.0
13.1103,1.7277,2855882,gneiss,Proterozoic,2050.0
13.2887,1.7277,2855882,gneiss,Proterozoic,2050.0
13.4671,1.7277,2813702,sandstone,Paleozoic,307.4
13.6455,1.7277,2813702,sandstone,Paleozoic,307.4
13.8238,1.7277,2813702,sandstone,Paleozoic,307.4
14.0022,1.7277,2813702,sandstone,Paleozoic,307.4
14.1806,1.7277,2813702,sandstone,Paleozoic,307.4
14.3589,1.7277,2813702,sandstone,Paleozoic,307.4
14.5373,1.7277,2813702,sandstone,Paleozoic,307.4
14.7157,1.7277,2813702,sandstone,Paleozoic,307.4
14.8941,1.7277,2813702,sandstone,Paleozoic,307.4
15.0724,1.7277,2813702,sandstone,Paleozoic,307.4
15.2508,1.7277,2813702,sandstone,Paleozoic,307.4
15.4292,1.7277,3014794,sandstone,Paleozoic,263.9
15.6075,1.7277,3014794,sandstone,Paleozoic,263.9
15.7859,1.7277,3014794,sandstone,Paleozoic,263.9
15.9643,1.7277,2855586,sandstone,Mesozoic,132.0
16.1427,1.7277,2855586,sandstone,Mesozoic,132.0
16.3210,1.7277,2855586,sandstone,Mesozoic,132.0
16.4994,1.7277,2740920,shale,Mesozoic,92.4
16.6778,1.7277,2740920,shale,Mesozoic,92.4
16.8561,1.7277,2740920,shale,Mesozoic,92.4
17.0345,1.7277,2740920,shale,Mesozoic,92.4
17.2129,1.7277,2809559,shale,Mesozoic,79.6
17.3913,1.7277,2809559,shale,Mesozoic,79.6
17.5696,1.7277,2809559,shale,Mesozoic,79.6
17.7480,1.7277,2809559,shale,Mesozoic,79.6
17.9264,1.7277,2843189,shale,Mesozoic,79.6
18.1048,1.7277,2843189,shale,Mesozoic,79.6
18.2831,1.7277,2843189,shale,Mesozoic,79.6
18.4615,1.7277,2843189,shale,Mesozoic,79.6
18.6399,1.7277,2822474,shale,Mesozoic,79.6
18.8182,1.7277,2822474,shale,Mesozoic,79.6
18.9966,1.7277,2822474,shale,Mesozoic,79.6
19.1750,1.7277,2822474,shale,Mesozoic,79.6
19.3534,1.7277,2822474,shale,Mesozoic,79.6
19.5317,1.7277,2822474,shale,Mesozoic,79.6
19.7101,1.7277,2822474,shale,Mesozoic,79.6
19.8885,1.7277,3006567,sandstone,Mesozoic,72.0
20.0668,1.7277,3006567,sandstone,Mesozoic,72.0
20.2452,1.7277,2954406,sandstone,Mesozoic,67.2
20.4236,1.7277,2954406,sandstone,Mesozoic,67.2
20.6020,1.7277,2954406,sandstone,Mesozoic,67.2
20.7803,1.7277,2954406,sandstone,Mesozoic,67.2
20.9587,1.7277,2954406,sandstone,Mesozoic,67.2
21.1371,1.7277,2954406,sandstone,Mesozoic,67.2
21.3154,1.7277,2818367,alluvium,Cenozoic,1.0
0.0892,1.9580,2957947,gneiss,Proterozoic,2050.0
0.2676,1.9580,2957947,gneiss,Proterozoic,2050.0
0.4459,1.9580,2957947,gneiss,Proterozoic,2050.0
0.6243,1.9580,2957947,gneiss,Proterozoic,2050.0
0.8027,1.9580,2957947,gneiss,Proterozoic,2050.0
0.9810,1.9580,2957947,gneiss,Proterozoic,2050.0
1.1594,1.9580,2957947,gneiss,Proterozoic,2050.0
1.3378,1.9580,2957947,gneiss,Proterozoic,2050.0
1.5162,1.9580,2957947,gneiss,Proterozoic,2050.0
1.6945,1.9580,2957947,gneiss,Proterozoic,2050.0
1.8729,1.9580,2957947,gneiss,Proterozoic,2050.0
2.0513,1.9580,2957947,gneiss,Proterozoic,2050.0
2.2296,1.9580,2957947,gneiss,Proterozoic,2050.0
2.4080,1.9580,2957947,gneiss,Proterozoic,2050.0
2.5864,1.9580,2957947,gneiss,Proterozoic,2050.0
2.7648,1.9580,2957947,gneiss,Proterozoic,2050.0
2.9431,1.9580,2957947,gneiss,Proterozoic,2050.0
3.1215,1.9580,2957947,gneiss,Proterozoic,2050.0
3.2999,1.9580,2957947,gneiss,Proterozoic,2050.0
3.4783,1.9580,2957947,gneiss,Proterozoic,2050.0
3.6566,1.9580,2957947,gneiss,Proterozoic,2050.0
3.8350,1.9580,2957947,gneiss,Proterozoic,2050.0
4.0134,1.9580,2957947,gneiss,Proterozoic,2050.0
4.1917,1.9580,2957947,gneiss,Proterozoic,2050.0
4.3701,1.9580,2957947,gneiss,Proterozoic,2050.0
4.5485,1.9580,2957947,gneiss,Proterozoic,2050.0
4.7269,1.9580,2957947,gneiss,Proterozoic,2050.0
4.9052,1.9580,2957947,gneiss,Proterozoic,2050.0
5.0836,1.9580,2957947,gneiss,Proterozoic,2050.0
5.2620,1.9580,2957947,gneiss,Proterozoic,2050.0
5.4403,1.9580,2957947,gneiss,Proterozoic,2050.0
5.6187,1.9580,2957947,gneiss,Proterozoic,2050.0
5.7971,1.9580,2957947,gneiss,Proterozoic,2050.0
5.9755,1.9580,2957947,gneiss,Proterozoic,2050.0
6.1538,1.9580,2957947,gneiss,Proterozoic,2050.0
6.3322,1.9580,2957947,gneiss,Proterozoic,2050.0
6.5106,1.9580,2957947,gneiss,Proterozoic,2050.0
6.6889,1.9580,2720676,granite,Proterozoic,1300.0
6.8673,1.9580,2720676,granite,Proterozoic,1300.0
7.0457,1.9580,2720676,granite,Proterozoic,1300.0
7.2241,1.9580,2720676,granite,Proterozoic,1300.0
7.4024,1.9580,2720676,granite,Proterozoic,1300.0
7.5808,1.9580,2720676,granite,Proterozoic,1300.0
7.7592,1.9580,2720676,granite,Proterozoic,1300.0
7.9376,1.9580,2957947,gneiss,Proterozoic,2050.0
8.1159,1.9580,2957947,gneiss,Proterozoic,2050.0
8.2943,1.9580,2957947,gneiss,Proterozoic,2050.0
8.4727,1.9580,2957947,gneiss,Proterozoic,2050.0
8.6510,1.9580,2855894,granite,Proterozoic,2050.0
8.8294,1.9580,2855894,granite,Proterozoic,2050.0
9.0078,1.9580,2855894,granite,Proterozoic,2050.0
9.1862,1.9580,2855894,granite,Proterozoic,2050.0
9.3645,1.9580,2855894,granite,Proterozoic,2050.0
9.5429,1.9580,2855894,granite,Proterozoic,2050.0
9.7213,1.9580,2855894,granite,Proterozoic,2050.0
9.8996,1.9580,2855882,gneiss,Proterozoic,2050.0
10.0780,1.9580,2855882,gneiss,Proterozoic,2050.0
10.2564,1.9580,2855882,gneiss,Proterozoic,2050.0
10.4348,1.9580,2855882,gneiss,Proterozoic,2050.0
10.6131,1.9580,2855882,gneiss,Proterozoic,2050.0
10.7915,1.9580,2855882,gneiss,Proterozoic,2050.0
10.9699,1.9580,2855882,gneiss,Proterozoic,2050.0
11.1482,1.9580,2855882,gneiss,Proterozoic,2050.0
11.3266,1.9580,2855882,gneiss,Proterozoic,2050.0
11.5050,1.9580,2855882,gneiss,Proterozoic,2050.0
11.6834,1.9580,2855882,gneiss,Proterozoic,2050.0
11.8617,1.9580,2855882,gneiss,Proterozoic,2050.0
12.0401,1.9580,2855882,gneiss,Proterozoic,2050.0
12.2185,1.9580,2855882,gneiss,Proterozoic,2050.0
12.3968,1.9580,2855882,gneiss,Proterozoic,2050.0
12.5752,1.9580,2855882,gneiss,Proterozoic,2050.0
12.7536,1.9580,2855882,gneiss,Proterozoic,2050.0
12.9320,1.9580,2855882,gneiss,Proterozoic,2050.0
13.1103,1.9580,2855882,gneiss,Proterozoic,2050.0
13.2887,1.9580,2813702,sandstone,Paleozoic,307.4
13.4671,1.9580,2813702,sandstone,Paleozoic,307.4
13.6455,1.9580,2813702,sandstone,Paleozoic,307.4
13.8238,1.9580,2813702,sandstone,Paleozoic,307.4
14.0022,1.9580,2813702,sandstone,Paleozoic,307.4
14.1806,1.9580,2813702,sandstone,Paleozoic,307.4
14.3589,1.9580,2813702,sandstone,Paleozoic,307.4
14.5373,1.9580,2813702,sandstone,Paleozoic,307.4
14.7157,1.9580,2813702,sandstone,Paleozoic,307.4
14.8941,1.9580,2813702,sandstone,Paleozoic,307.4
15.0724,1.9580,2813702,sandstone,Paleozoic,307.4
15.2508,1.9580,2813702,sandstone,Paleozoic,307.4
15.4292,1.9580,3014794,sandstone,Paleozoic,263.9
15.6075,1.9580,3014794,sandstone,Paleozoic,263.9
15.7859,1.9580,3014794,sandstone,Paleozoic,263.9
15.9643,1.9580,3014794,sandstone,Paleozoic,263.9
16.1427,1.9580,2855586,sandstone,Mesozoic,132.0
16.3210,1.9580,2855586,sandstone,Mesozoic,132.0
16.4994,1.9580,2740920,shale,Mesozoic,92.4
16.6778,1.9580,2740920,shale,Mesozoic,92.4
16.8561,1.9580,2740920,shale,Mesozoic,92.4
17.0345,1.9580,2740920,shale,Mesozoic,92.4
17.2129,1.9580,2809559,shale,Mesozoic,79.6
17.3913,1.9580,2809559,shale,Mesozoic,79.6
17.5696,1.9580,2809559,shale,Mesozoic,79.6
17.7480,1.9580,2843189,shale,Mesozoic,79.6
17.9264,1.9580,2843189,shale,Mesozoic,79.6
18.1048,1.9580,2843189,shale,Mesozoic,79.6
18.2831,1.9580,2843189,shale,Mesozoic,79.6
18.4615,1.9580,2822474,shale,Mesozoic,79.6
18.6399,1.9580,2822474,shale,Mesozoic,79.6
18.8182,1.9580,2822474,shale,Mesozoic,79.6
18.9966,1.9580,2822474,shale,Mesozoic,79.6
19.1750,1.9580,2822474,shale,Mesozoic,79.6
19.3534,1.9580,2822474,shale,Mesozoic,79.6
19.5317,1.9580,2822474,shale,Mesozoic,79.6
19.7101,1.9580,3006567,sandstone,Mesozoic,72.0
19.8885,1.9580,3006567,sandstone,Mesozoic,72.0
20.0668,1.9580,3006567,sandstone,Mesozoic,72.0
20.2452,1.9580,2954406,sandstone,Mesozoic,67.2
20.4236,1.9580,2954406,sandstone,Mesozoic,67.2
20.6020,1.9580,2954406,sandstone,Mesozoic,67.2
20.7803,1.9580,2954406,sandstone,Mesozoic,67.2
20.9587,1.9580,2954406,sandstone,Mesozoic,67.2
21.1371,1.9580,2954406,sandstone,Mesozoic,67.2
21.3154,1.9580,2818367,alluvium,Cenozoic,1.0
0.0892,2.1884,2957947,gneiss,Proterozoic,2050.0
0.2676,2.1884,2957947,gneiss,Proterozoic,2050.0
0.4459,2.1884,2957947,gneiss,Proterozoic,2050.0
0.6243,2.1884,2957947,gneiss,Proterozoic,2050.0
0.8027,2.1884,2957947,gneiss,Proterozoic,2050.0
0.9810,2.1884,2957947,gneiss,Proterozoic,2050.0
1.1594,2.1884,2957947,gneiss,Proterozoic,2050.0
1.3378,2.1884,2957947,gneiss,Proterozoic,2050.0
1.5162,2.1884,2957947,gneiss,Proterozoic,2050.0
1.6945,2.1884,2957947,gneiss,Proterozoic,2050.0
1.8729,2.1884,2957947,gneiss,Proterozoic,2050.0
2.0513,2.1884,2957947,gneiss,Proterozoic,2050.0
2.2296,2.1884,2957947,gneiss,Proterozoic,2050.0
2.4080,2.1884,2957947,gneiss,Proterozoic,2050.0
2.5864,2.1884,2957947,gneiss,Proterozoic,2050.0
2.7648,2.1884,2957947,gneiss,Proterozoic,2050.0
2.9431,2.1884,2957947,gneiss,Proterozoic,2050.0
3.1215,2.1884,2957947,gneiss,Proterozoic,2050.0
3.2999,2.1884,2957947,gneiss,Proterozoic,2050.0
3.4783,2.1884,2957947,gneiss,Proterozoic,2050.0
3.6566,2.1884,2957947,gneiss,Proterozoic,2050.0
3.8350,2.1884,2957947,gneiss,Proterozoic,2050.0
4.0134,2.1884,2957947,gneiss,Proterozoic,2050.0
4.1917,2.1884,2957947,gneiss,Proterozoic,2050.0
4.3701,2.1884,2957947,gneiss,Proterozoic,2050.0
4.5485,2.1884,2957947,gneiss,Proterozoic,2050.0
4.7269,2.1884,2957947,gneiss,Proterozoic,2050.0
4.9052,2.1884,2957947,gneiss,Proterozoic,2050.0
5.0836,2.1884,2957947,gneiss,Proterozoic,2050.0
5.2620,2.1884,2957947,gneiss,Proterozoic,2050.0
5.4403,2.1884,2957947,gneiss,Proterozoic,2050.0
5.6187,2.1884,2957947,gneiss,Proterozoic,2050.0
5.7971,2.1884,2957947,gneiss,Proterozoic,2050.0
5.9755,2.1884,2957947,gneiss,Proterozoic,2050.0
6.1538,2.1884,2957947,gneiss,Proterozoic,2050.0
6.3322,2.1884,2957947,gneiss,Proterozoic,2050.0
6.5106,2.1884,2957947,gneiss,Proterozoic,2050.0
6.6889,2.1884,2720676,granite,Proterozoic,1300.0
6.8673,2.1884,2720676,granite,Proterozoic,1300.0
7.0457,2.1884,2720676,granite,Proterozoic,1300.0
7.2241,2.1884,2720676,granite,Proterozoic,1300.0
7.4024,2.1884,2720676,granite,Proterozoic,1300.0
7.5808,2.1884,2720676,granite,Proterozoic,1300.0
7.7592,2.1884,2855894,granite,Proterozoic,2050.0
7.9376,2.1884,2855894,granite,Proterozoic,2050.0
8.1159,2.1884,2855894,granite,Proterozoic,2050.0
8.2943,2.1884,2855894,granite,Proterozoic,2050.0
8.4727,2.1884,2855894,granite,Proterozoic,2050.0
8.6510,2.1884,2855894,granite,Proterozoic,2050.0
8.8294,2.1884,2855894,granite,Proterozoic,2050.0
9.0078,2.1884,2855894,granite,Proterozoic,2050.0
9.1862,2.1884,2855894,granite,Proterozoic,2050.0
9.3645,2.1884,2855894,granite,Proterozoic,2050.0
9.5429,2.1884,2855894,granite,Proterozoic,2050.0
9.7213,2.1884,2855894,granite,Proterozoic,2050.0
9.8996,2.1884,2855882,gneiss,Proterozoic,2050.0
10.0780,2.1884,2855882,gneiss,Proterozoic,2050.0
10.2564,2.1884,2855882,gneiss,Proterozoic,2050.0
10.4348,2.1884,2855882,gneiss,Proterozoic,2050.0
10.6131,2.1884,2855882,gneiss,Proterozoic,2050.0
10.7915,2.1884,2855882,gneiss,Proterozoic,2050.0
10.9699,2.1884,2855882,gneiss,Proterozoic,2050.0
11.1482,2.1884,2855882,gneiss,Proterozoic,2050.0
11.3266,2.1884,2855882,gneiss,Proterozoic,2050.0
11.5050,2.1884,2855882,gneiss,Proterozoic,2050.0
11.6834,2.1884,2855882,gneiss,Proterozoic,2050.0
11.8617,2.1884,2855882,gneiss,Proterozoic,2050.0
12.0401,2.1884,2855882,gneiss,Proterozoic,2050.0
12.2185,2.1884,2855882,gneiss,Proterozoic,2050.0
12.3968,2.1884,2855882,gneiss,Proterozoic,2050.0
12.5752,2.1884,2855882,gneiss,Proterozoic,2050.0
12.7536,2.1884,2855882,gneiss,Proterozoic,2050.0
12.9320,2.1884,2855882,gneiss,Proterozoic,2050.0
13.1103,2.1884,2855882,gneiss,Proterozoic,2050.0
13.2887,2.1884,2813702,sandstone,Paleozoic,307.4
13.4671,2.1884,2813702,sandstone,Paleozoic,307.4
13.6455,2.1884,2813702,sandstone,Paleozoic,307.4
13.8238,2.1884,2813702,sandstone,Paleozoic,307.4
14.0022,2.1884,2813702,sandstone,Paleozoic,307.4
14.1806,2.1884,2813702,sandstone,Paleozoic,307.4
14.3589,2.1884,2813702,sandstone,Paleozoic,307.4
14.5373,2.1884,2813702,sandstone,Paleozoic,307.4
14.7157,2.1884,2813702,sandstone,Paleozoic,307.4
14.8941,2.1884,2813702,sandstone,Paleozoic,307.4
15.0724,2.1884,2813702,sandstone,Paleozoic,307.4
15.2508,2.1884,3014794,sandstone,Paleozoic,263.9
15.4292,2.1884,3014794,sandstone,Paleozoic,263.9
15.6075,2.1884,3014794,sandstone,Paleozoic,263.9
15.7859,2.1884,3014794,sandstone,Paleozoic,263.9
15.9643,2.1884,3014794,sandstone,Paleozoic,263.9
16.1427,2.1884,2855586,sandstone,Mesozoic,132.0
16.3210,2.1884,2920998,,,
16.4994,2.1884,2920998,,,
16.6778,2.1884,2740920,shale,Mesozoic,92.4
16.8561,2.1884,2740920,shale,Mesozoic,92.4
17.0345,2.1884,2809559,shale,Mesozoic,79.6
17.2129,2.1884,2809559,shale,Mesozoic,79.6
17.3913,2.1884,2809559,shale,Mesozoic,79.6
17.5696,2.1884,2809559,shale,Mesozoic,79.6
17.7480,2.1884,2843189,shale,Mesozoic,79.6
17.9264,2.1884,2843189,shale,Mesozoic,79.6
18.1048,2.1884,2843189,shale,Mesozoic,79.6
18.2831,2.1884,2843189,shale,Mesozoic,79.6
18.4615,2.1884,2822474,shale,Mesozoic,79.6
18.6399,2.1884,2822474,shale,Mesozoic,79.6
18.8182,2.1884,2822474,shale,Mesozoic,79.6
18.9966,2.1884,2822474,shale,Mesozoic,79.6
19.1750,2.1884,2822474,shale,Mesozoic,79.6
19.3534,2.1884,2822474,shale,Mesozoic,79.6
19.5317,2.1884,2822474,shale,Mesozoic,79.6
19.7101,2.1884,3006567,sandstone,Mesozoic,72.0
19.8885,2.1884,3006567,sandstone,Mesozoic,72.0
20.0668,2.1884,2954406,sandstone,Mesozoic,67.2
20.2452,2.1884,2954406,sandstone,Mesozoic,67.2
20.4236,2.1884,2954406,sandstone,Mesozoic,67.2
20.6020,2.1884,2954406,sandstone,Mesozoic,67.2
20.7803,2.1884,2954406,sandstone,Mesozoic,67.2
20.9587,2.1884,2818367,alluvium,Cenozoic,1.0
21.1371,2.1884,2818367,alluvium,Cenozoic,1.0
21.3154,2.1884,2818367,alluvium,Cenozoic,1.0
0.0892,2.4187,2957947,gneiss,Proterozoic,2050.0
0.2676,2.4187,2957947,gneiss,Proterozoic,2050.0
0.4459,2.4187,2957947,gneiss,Proterozoic,2050.0
0.6243,2.4187,2957947,gneiss,Proterozoic,2050.0
0.8027,2.4187,2957947,gneiss,Proterozoic,2050.0
0.9810,2.4187,2957947,gneiss,Proterozoic,2050.0
1.1594,2.4187,2957947,gneiss,Proterozoic,2050.0
1.3378,2.4187,2957947,gneiss,Proterozoic,2050.0
1.5162,2.4187,2957947,gneiss,Proterozoic,2050.0
1.6945,2.4187,2957947,gneiss,Proterozoic,2050.0
1.8729,2.4187,2957947,gneiss,Proterozoic,2050.0
2.0513,2.4187,2957947,gneiss,Proterozoic,2050.0
2.2296,2.4187,2957947,gneiss,Proterozoic,2050.0
2.4080,2.4187,2957947,gneiss,Proterozoic,2050.0
2.5864,2.4187,2957947,gneiss,Proterozoic,2050.0
2.7648,2.4187,2957947,gneiss,Proterozoic,2050.0
2.9431,2.4187,2957947,gneiss,Proterozoic,2050.0
3.1215,2.4187,2957947,gneiss,Proterozoic,2050.0
3.2999,2.4187,2957947,gneiss,Proterozoic,2050.0
3.4783,2.4187,2957947,gneiss,Proterozoic,2050.0
3.6566,2.4187,2957947,gneiss,Proterozoic,2050.0
3.8350,2.4187,2957947,gneiss,Proterozoic,2050.0
4.0134,2.4187,2957947,gneiss,Proterozoic,2050.0
4.1917,2.4187,2957947,gneiss,Proterozoic,2050.0
4.3701,2.4187,2957947,gneiss,Proterozoic,2050.0
4.5485,2.4187,2957947,gneiss,Proterozoic,2050.0
4.7269,2.4187,2720676,granite,Proterozoic,1300.0
4.9052,2.4187,2720676,granite,Proterozoic,1300.0
5.0836,2.4187,2720676,granite,Proterozoic,1300.0
5.2620,2.4187,2720676,granite,Proterozoic,1300.0
5.4403,2.4187,2957947,gneiss,Proterozoic,2050.0
5.6187,2.4187,2957947,gneiss,Proterozoic,2050.0
5.7971,2.4187,2957947,gneiss,Proterozoic,2050.0
5.9755,2.4187,2957947,gneiss,Proterozoic,2050.0
6.1538,2.4187,2957947,gneiss,Proterozoic,2050.0
6.3322,2.4187,2957947,gneiss,Proterozoic,2050.0
6.5106,2.4187,2720676,granite,Proterozoic,1300.0
6.6889,2.4187,2720676,granite,Proterozoic,1300.0
6.8673,2.4187,2720676,granite,Proterozoic,1300.0
7.0457,2.4187,2720676,granite,Proterozoic,1300.0
7.2241,2.4187,2720676,granite,Proterozoic,1300.0
7.4024,2.4187,2855894,granite,Proterozoic,2050.0
7.5808,2.4187,2855894,granite,Proterozoic,2050.0
7.7592,2.4187,2855894,granite,Proterozoic,2050.0
7.9376,2.4187,2855894,granite,Proterozoic,2050.0
8.1159,2.4187,2855894,granite,Proterozoic,2050.0
8.2943,2.4187,2855894,granite,Proterozoic,2050.0
8.4727,2.4187,2855894,granite,Proterozoic,2050.0
8.6510,2.4187,2855894,granite,Proterozoic,2050.0
8.8294,2.4187,2855894,granite,Proterozoic,2050.0
9.0078,2.4187,2855894,granite,Proterozoic,2050.0
9.1862,2.4187,2855894,granite,Proterozoic,2050.0
9.3645,2.4187,2855894,granite,Proterozoic,2050.0
9.5429,2.4187,2855894,granite,Proterozoic,2050.0
9.7213,2.4187,2855882,gneiss,Proterozoic,2050.0
9.8996,2.4187,2855882,gneiss,Proterozoic,2050.0
10.0780,2.4187,2855882,gneiss,Proterozoic,2050.0
10.2564,2.4187,2855882,gneiss,Proterozoic,2050.0
10.4348,2.4187,2855882,gneiss,Proterozoic,2050.0
10.6131,2.4187,2855882,gneiss,Proterozoic,2050.0
10.7915,2.4187,2855882,gneiss,Proterozoic,2050.0
10.9699,2.4187,2855882,gneiss,Proterozoic,2050.0
11.1482,2.4187,2855882,gneiss,Proterozoic,2050.0
11.3266,2.4187,2855882,gneiss,Proterozoic,2050.0
11.5050,2.4187,2855882,gneiss,Proterozoic,2050.0
11.6834,2.4187,2855882,gneiss,Proterozoic,2050.0
11.8617,2.4187,2855882,gneiss,Proterozoic,2050.0
12.0401,2.4187,2855882,gneiss,Proterozoic,2050.0
12.2185,2.4187,2855882,gneiss,Proterozoic,2050.0
12.3968,2.4187,2855882,gneiss,Proterozoic,2050.0
12.5752,2.4187,2855882,gneiss,Proterozoic,2050.0
12.7536,2.4187,2855882,gneiss,Proterozoic,2050.0
12.9320,2.4187,2855882,gneiss,Proterozoic,2050.0
13.1103,2.4187,2813702,sandstone,Paleozoic,307.4
13.2887,2.4187,2813702,sandstone,Paleozoic,307.4
13.4671,2.4187,2813702,sandstone,Paleozoic,307.4
13.6455,2.4187,2813702,sandstone,Paleozoic,307.4
13.8238,2.4187,2813702,sandstone,Paleozoic,307.4
14.0022,2.4187,2813702,sandstone,Paleozoic,307.4
14.1806,2.4187,2813702,sandstone,Paleozoic,307.4
14.3589,2.4187,2813702,sandstone,Paleozoic,307.4
14.5373,2.4187,2813702,sandstone,Paleozoic,307.4
14.7157,2.4187,2813702,sandstone,Paleozoic,307.4
14.8941,2.4187,2813702,sandstone,Paleozoic,307.4
15.0724,2.4187,3014794,sandstone,Paleozoic,263.9
15.2508,2.4187,3014794,sandstone,Paleozoic,263.9
15.4292,2.4187,3014794,sandstone,Paleozoic,263.9
15.6075,2.4187,3014794,sandstone,Paleozoic,263.9
15.7859,2.4187,3014794,sandstone,Paleozoic,263.9
15.9643,2.4187,3014794,sandstone,Paleozoic,263.9
16.1427,2.4187,2855586,sandstone,Mesozoic,132.0
16.3210,2.4187,2920998,,,
16.4994,2.4187,2740920,shale,Mesozoic,92.4
16.6778,2.4187,2740920,shale,Mesozoic,92.4
16.8561,2.4187,2740920,shale,Mesozoic,92.4
17.0345,2.4187,2809559,shale,Mesozoic,79.6
17.2129,2.4187,2809559,shale,Mesozoic,79.6
17.3913,2.4187,2809559,shale,Mesozoic,79.6
17.5696,2.4187,2809559,shale,Mesozoic,79.6
17.7480,2.4187,2843189,shale,Mesozoic,79.6
17.9264,2.4187,2843189,shale,Mesozoic,79.6
18.1048,2.4187,2843189,shale,Mesozoic,79.6
18.2831,2.4187,2843189,shale,Mesozoic,79.6
18.4615,2.4187,2822474,shale,Mesozoic,79.6
18.6399,2.4187,2822474,shale,Mesozoic,79.6
18.8182,2.4187,2822474,shale,Mesozoic,79.6
18.9966,2.4187,2822474,shale,Mesozoic,79.6
19.1750,2.4187,2822474,shale,Mesozoic,79.6
19.3534,2.4187,2822474,shale,Mesozoic,79.6
19.5317,2.4187,2822474,shale,Mesozoic,79.6
19.7101,2.4187,3006567,sandstone,Mesozoic,72.0
19.8885,2.4187,3006567,sandstone,Mesozoic,72.0
20.0668,2.4187,2954406,sandstone,Mesozoic,67.2
20.2452,2.4187,2954406,sandstone,Mesozoic,67.2
20.4236,2.4187,2954406,sandstone,Mesozoic,67.2
20.6020,2.4187,2954406,sandstone,Mesozoic,67.2
20.7803,2.4187,2818367,alluvium,Cenozoic,1.0
20.9587,2.4187,2818367,alluvium,Cenozoic,1.0
21.1371,2.4187,2818367,alluvium,Cenozoic,1.0
21.3154,2.4187,2818367,alluvium,Cenozoic,1.0
0.0892,2.6491,2957947,gneiss,Proterozoic,2050.0
0.2676,2.6491,2957947,gneiss,Proterozoic,2050.0
0.4459,2.6491,2957947,gneiss,Proterozoic,2050.0
0.6243,2.6491,2957947,gneiss,Proterozoic,2050.0
0.8027,2.6491,2957947,gneiss,Proterozoic,2050.0
0.9810,2.6491,2957947,gneiss,Proterozoic,2050.0
1.1594,2.6491,2957947,gneiss,Proterozoic,2050.0
1.3378,2.6491,2957947,gneiss,Proterozoic,2050.0
1.5162,2.6491,2957947,gneiss,Proterozoic,2050.0
1.6945,2.6491,2957947,gneiss,Proterozoic,2050.0
1.8729,2.6491,2957947,gneiss,Proterozoic,2050.0
2.0513,2.6491,2957947,gneiss,Proterozoic,2050.0
2.2296,2.6491,2957947,gneiss,Proterozoic,2050.0
2.4080,2.6491,2957947,gneiss,Proterozoic,2050.0
2.5864,2.6491,2957947,gneiss,Proterozoic,2050.0
2.7648,2.6491,2957947,gneiss,Proterozoic,2050.0
2.9431,2.6491,2957947,gneiss,Proterozoic,2050.0
3.1215,2.6491,2957947,gneiss,Proterozoic,2050.0
3.2999,2.6491,2957947,gneiss,Proterozoic,2050.0
3.4783,2.6491,2957947,gneiss,Proterozoic,2050.0
3.6566,2.6491,2957947,gneiss,Proterozoic,2050.0
3.8350,2.6491,2720676,granite,Proterozoic,1300.0
4.0134,2.6491,2720676,granite,Proterozoic,1300.0
4.1917,2.6491,2720676,granite,Proterozoic,1300.0
4.3701,2.6491,2720676,granite,Proterozoic,1300.0
4.5485,2.6491,2720676,granite,Proterozoic,1300.0
4.7269,2.6491,2720676,granite,Proterozoic,1300.0
4.9052,2.6491,2720676,granite,Proterozoic,1300.0
5.0836,2.6491,2720676,granite,Proterozoic,1300.0
5.2620,2.6491,2720676,granite,Proterozoic,1300.0
5.4403,2.6491,2957947,gneiss,Proterozoic,2050.0
5.6187,2.6491,2957947,gneiss,Proterozoic,2050.0
5.7971,2.6491,2957947,gneiss,Proterozoic,2050.0
5.9755,2.6491,2957947,gneiss,Proterozoic,2050.0
6.1538,2.6491,2957947,gneiss,Proterozoic,2050.0
6.3322,2.6491,2720676,granite,Proterozoic,1300.0
6.5106,2.6491,2720676,granite,Proterozoic,1300.0
6.6889,2.6491,2720676,granite,Proterozoic,1300.0
6.8673,2.6491,2720676,granite,Proterozoic,1300.0
7.0457,2.6491,2720676,granite,Proterozoic,1300.0
7.2241,2.6491,2855894,granite,Proterozoic,2050.0
7.4024,2.6491,2855894,granite,Proterozoic,2050.0
7.5808,2.6491,2855894,granite,Proterozoic,2050.0
7.7592,2.6491,2855894,granite,Proterozoic,2050.0
7.9376,2.6491,2855894,granite,Proterozoic,2050.0
8.1159,2.6491,2855894,granite,Proterozoic,2050.0
8.2943,2.6491,2855894,granite,Proterozoic,2050.0
8.4727,2.6491,2855894,granite,Proterozoic,2050.0
8.6510,2.6491,2855894,granite,Proterozoic,2050.0
8.8294,2.6491,2855894,granite,Proterozoic,2050.0
9.0078,2.6491,2855894,granite,Proterozoic,2050.0
9.1862,2.6491,2855894,granite,Proterozoic,2050.0
9.3645,2.6491,2855882,gneiss,Proterozoic,2050.0
9.5429,2.6491,2855882,gneiss,Proterozoic,2050.0
9.7213,2.6491,2855882,gneiss,Proterozoic,2050.0
9.8996,2.6491,2855882,gneiss,Proterozoic,2050.0
10.0780,2.6491,2855882,gneiss,Proterozoic,2050.0
10.2564,2.6491,2855882,gneiss,Proterozoic,2050.0
10.4348,2.6491,2855882,gneiss,Proterozoic,2050.0
10.6131,2.6491,2855882,gneiss,Proterozoic,2050.0
10.7915,2.6491,2855882,gneiss,Proterozoic,2050.0
10.9699,2.6491,2855882,gneiss,Proterozoic,2050.0
11.1482,2.6491,2855882,gneiss,Proterozoic,2050.0
11.3266,2.6491,2855882,gneiss,Proterozoic,2050.0
11.5050,2.6491,2855882,gneiss,Proterozoic,2050.0
11.6834,2.6491,2855882,gneiss,Proterozoic,2050.0
11.8617,2.6491,2855882,gneiss,Proterozoic,2050.0
12.0401,2.6491,2855882,gneiss,Proterozoic,2050.0
12.2185,2.6491,2855882,gneiss,Proterozoic,2050.0
12.3968,2.6491,2855882,gneiss,Proterozoic,2050.0
12.5752,2.6491,2855882,gneiss,Proterozoic,2050.0
12.7536,2.6491,2855882,gneiss,Proterozoic,2050.0
12.9320,2.6491,2813702,sandstone,Paleozoic,307.4
13.1103,2.6491,2813702,sandstone,Paleozoic,307.4
13.2887,2.6491,2813702,sandstone,Paleozoic,307.4
13.4671,2.6491,2813702,sandstone,Paleozoic,307.4
13.6455,2.6491,2813702,sandstone,Paleozoic,307.4
13.8238,2.6491,2813702,sandstone,Paleozoic,307.4
14.0022,2.6491,2813702,sandstone,Paleozoic,307.4
14.1806,2.6491,2813702,sandstone,Paleozoic,307.4
14.3589,2.6491,2813702,sandstone,Paleozoic,307.4
14.5373,2.6491,2813702,sandstone,Paleozoic,307.4
14.7157,2.6491,2813702,sandstone,Paleozoic,307.4
14.8941,2.6491,2813702,sandstone,Paleozoic,307.4
15.0724,2.6491,3014794,sandstone,Paleozoic,263.9
15.2508,2.6491,3014794,sandstone,Paleozoic,263.9
15.4292,2.6491,3014794,sandstone,Paleozoic,263.9
15.6075,2.6491,3014794,sandstone,Paleozoic,263.9
15.7859,2.6491,3014794,sandstone,Paleozoic,263.9
15.9643,2.6491,2855586,sandstone,Mesozoic,132.0
16.1427,2.6491,2855586,sandstone,Mesozoic,132.0
16.3210,2.6491,2855586,sandstone,Mesozoic,132.0
16.4994,2.6491,2740920,shale,Mesozoic,92.4
16.6778,2.6491,2740920,shale,Mesozoic,92.4
16.8561,2.6491,2740920,shale,Mesozoic,92.4
17.0345,2.6491,2809559,shale,Mesozoic,79.6
17.2129,2.6491,2809559,shale,Mesozoic,79.6
17.3913,2.6491,2809559,shale,Mesozoic,79.6
17.5696,2.6491,2843189,shale,Mesozoic,79.6
17.7480,2.6491,2843189,shale,Mesozoic,79.6
17.9264,2.6491,2843189,shale,Mesozoic,79.6
18.1048,2.6491,2843189,shale,Mesozoic,79.6
18.2831,2.6491,2822474,shale,Mesozoic,79.6
18.4615,2.6491,2822474,shale,Mesozoic,79.6
18.6399,2.6491,2822474,shale,Mesozoic,79.6
18.8182,2.6491,2822474,shale,Mesozoic,79.6
18.9966,2.6491,2822474,shale,Mesozoic,79.6
19.1750,2.6491,2822474,shale,Mesozoic,79.6
19.3534,2.6491,2822474,shale,Mesozoic,79.6
19.5317,2.6491,3006567,sandstone,Mesozoic,72.0
19.7101,2.6491,3006567,sandstone,Mesozoic,72.0
19.8885,2.6491,3006567,sandstone,Mesozoic,72.0
20.0668,2.6491,2954406,sandstone,Mesozoic,67.2
20.2452,2.6491,2954406,sandstone,Mesozoic,67.2
20.4236,2.6491,2954406,sandstone,Mesozoic,67.2
20.6020,2.6491,2818367,alluvium,Cenozoic,1.0
20.7803,2.6491,2818367,alluvium,Cenozoic,1.0
20.9587,2.6491,2818367,alluvium,Cenozoic,1.0
21.1371,2.6491,2818367,alluvium,Cenozoic,1.0
21.3154,2.6491,2818367,alluvium,Cenozoic,1.0
0.0892,2.8794,2831137,granite,Proterozoic,1300.0
0.2676,2.8794,2957947,gneiss,Proterozoic,2050.0
0.4459,2.8794,2957947,gneiss,Proterozoic,2050.0
0.6243,2.8794,2957947,gneiss,Proterozoic,2050.0
0.8027,2.8794,2957947,gneiss,Proterozoic,2050.0
0.9810,2.8794,2957947,gneiss,Proterozoic,2050.0
1.1594,2.8794,2957947,gneiss,Proterozoic,2050.0
1.3378,2.8794,2957947,gneiss,Proterozoic,2050.0
1.5162,2.8794,2957947,gneiss,Proterozoic,2050.0
1.6945,2.8794,2957947,gneiss,Proterozoic,2050.0
1.8729,2.8794,2957947,gneiss,Proterozoic,2050.0
2.0513,2.8794,2957947,gneiss,Proterozoic,2050.0
2.2296,2.8794,2957947,gneiss,Proterozoic,2050.0
2.4080,2.8794,2957947,gneiss,Proterozoic,2050.0
2.5864,2.8794,2957947,gneiss,Proterozoic,2050.0
2.7648,2.8794,2957947,gneiss,Proterozoic,2050.0
2.9431,2.8794,2957947,gneiss,Proterozoic,2050.0
3.1215,2.8794,2957947,gneiss,Proterozoic,2050.0
3.2999,2.8794,2957947,gneiss,Proterozoic,2050.0
3.4783,2.8794,2957947,gneiss,Proterozoic,2050.0
3.6566,2.8794,2957947,gneiss,Proterozoic,2050.0
3.8350,2.8794,2720676,granite,Proterozoic,1300.0
4.0134,2.8794,2720676,granite,Proterozoic,1300.0
4.1917,2.8794,2720676,granite,Proterozoic,1300.0
4.3701,2.8794,2720676,granite,Proterozoic,1300.0
4.5485,2.8794,2720676,granite,Proterozoic,1300.0
4.7269,2.8794,2720676,granite,Proterozoic,1300.0
4.9052,2.8794,2720676,granite,Proterozoic,1300.0
5.0836,2.8794,2720676,granite,Proterozoic,1300.0
5.2620,2.8794,2957947,gneiss,Proterozoic,2050.0
5.4403,2.8794,2957947,gneiss,Proterozoic,2050.0
5.6187,2.8794,2957947,gneiss,Proterozoic,2050.0
5.7971,2.8794,2957947,gneiss,Proterozoic,2050.0
5.9755,2.8794,2957947,gneiss,Proterozoic,2050.0
6.1538,2.8794,2720676,granite,Proterozoic,1300.0
6.3322,2.8794,2720676,granite,Proterozoic,1300.0
6.5106,2.8794,2720676,granite,Proterozoic,1300.0
6.6889,2.8794,2720676,granite,Proterozoic,1300.0
6.8673,2.8794,2720676,granite,Proterozoic,1300.0
7.0457,2.8794,2720676,granite,Proterozoic,1300.0
7.2241,2.8794,2855894,granite,Proterozoic,2050.0
7.4024,2.8794,2855894,granite,Proterozoic,2050.0
7.5808,2.8794,2855894,granite,Proterozoic,2050.0
7.7592,2.8794,2855894,granite,Proterozoic,2050.0
7.9376,2.8794,2855894,granite,Proterozoic,2050.0
8.1159,2.8794,2855894,granite,Proterozoic,2050.0
8.2943,2.8794,2855894,granite,Proterozoic,2050.0
8.4727,2.8794,2855894,granite,Proterozoic,2050.0
8.6510,2.8794,2855894,granite,Proterozoic,2050.0
8.8294,2.8794,2855882,gneiss,Proterozoic,2050.0
9.0078,2.8794,2855882,gneiss,Proterozoic,2050.0
9.1862,2.8794,2855882,gneiss,Proterozoic,2050.0
9.3645,2.8794,2855882,gneiss,Proterozoic,2050.0
9.5429,2.8794,2855882,gneiss,Proterozoic,2050.0
9.7213,2.8794,2855882,gneiss,Proterozoic,2050.0
9.8996,2.8794,2855882,gneiss,Proterozoic,2050.0
10.0780,2.8794,2855882,gneiss,Proterozoic,2050.0
10.2564,2.8794,2855882,gneiss,Proterozoic,2050.0
10.4348,2.8794,2855882,gneiss,Proterozoic,2050.0
10.6131,2.8794,2855882,gneiss,Proterozoic,2050.0
10.7915,2.8794,2855882,gneiss,Proterozoic,2050.0
10.9699,2.8794,2855882,gneiss,Proterozoic,2050.0
11.1482,2.8794,2855882,gneiss,Proterozoic,2050.0
11.3266,2.8794,2855882,gneiss,Proterozoic,2050.0
11.5050,2.8794,2855882,gneiss,Proterozoic,2050.0
11.6834,2.8794,2855882,gneiss,Proterozoic,2050.0
11.8617,2.8794,2855882,gneiss,Proterozoic,2050.0
12.0401,2.8794,2855882,gneiss,Proterozoic,2050.0
12.2185,2.8794,2855882,gneiss,Proterozoic,2050.0
12.3968,2.8794,2855882,gneiss,Proterozoic,2050.0
12.5752,2.8794,2855882,gneiss,Proterozoic,2050.0
12.7536,2.8794,2855882,gneiss,Proterozoic,2050.0
12.9320,2.8794,2813702,sandstone,Paleozoic,307.4
13.1103,2.8794,2813702,sandstone,Paleozoic,307.4
13.2887,2.8794,2813702,sandstone,Paleozoic,307.4
13.4671,2.8794,2813702,sandstone,Paleozoic,307.4
13.6455,2.8794,2813702,sandstone,Paleozoic,307.4
13.8238,2.8794,2813702,sandstone,Paleozoic,307.4
14.0022,2.8794,2813702,sandstone,Paleozoic,307.4
14.1806,2.8794,2813702,sandstone,Paleozoic,307.4
14.3589,2.8794,2813702,sandstone,Paleozoic,307.4
14.5373,2.8794,2813702,sandstone,Paleozoic,307.4
14.7157,2.8794,2813702,sandstone,Paleozoic,307.4
14.8941,2.8794,3014794,sandstone,Paleozoic,263.9
15.0724,2.8794,3014794,sandstone,Paleozoic,263.9
15.2508,2.8794,3014794,sandstone,Paleozoic,263.9
15.4292,2.8794,3014794,sandstone,Paleozoic,263.9
15.6075,2.8794,3014794,sandstone,Paleozoic,263.9
15.7859,2.8794,2855586,sandstone,Mesozoic,132.0
15.9643,2.8794,2855586,sandstone,Mesozoic,132.0
16.1427,2.8794,2855586,sandstone,Mesozoic,132.0
16.3210,2.8794,2855586,sandstone,Mesozoic,132.0
16.4994,2.8794,2740920,shale,Mesozoic,92.4
16.6778,2.8794,2740920,shale,Mesozoic,92.4
16.8561,2.8794,2740920,shale,Mesozoic,92.4
17.0345,2.8794,2809559,shale,Mesozoic,79.6
17.2129,2.8794,2809559,shale,Mesozoic,79.6
17.3913,2.8794,2809559,shale,Mesozoic,79.6
17.5696,2.8794,2843189,shale,Mesozoic,79.6
17.7480,2.8794,2843189,shale,Mesozoic,79.6
17.9264,2.8794,2843189,shale,Mesozoic,79.6
18.1048,2.8794,2822474,shale,Mesozoic,79.6
18.2831,2.8794,2822474,shale,Mesozoic,79.6
18.4615,2.8794,2822474,shale,Mesozoic,79.6
18.6399,2.8794,2822474,shale,Mesozoic,79.6
18.8182,2.8794,2822474,shale,Mesozoic,79.6
18.9966,2.8794,2822474,shale,Mesozoic,79.6
19.1750,2.8794,2822474,shale,Mesozoic,79.6
19.3534,2.8794,2822474,shale,Mesozoic,79.6
19.5317,2.8794,3006567,sandstone,Mesozoic,72.0
19.7101,2.8794,3006567,sandstone,Mesozoic,72.0
19.8885,2.8794,2954406,sandstone,Mesozoic,67.2
20.0668,2.8794,2954406,sandstone,Mesozoic,67.2
20.2452,2.8794,2954406,sandstone,Mesozoic,67.2
20.4236,2.8794,2818367,alluvium,Cenozoic,1.0
20.6020,2.8794,2818367,alluvium,Cenozoic,1.0
20.7803,2.8794,2818367,alluvium,Cenozoic,1.0
20.9587,2.8794,2818367,alluvium,Cenozoic,1.0
21.1371,2.8794,2818367,alluvium,Cenozoic,1.0
21.3154,2.8794,2818367,alluvium,Cenozoic,1.0
0.0892,3.1098,2831137,granite,Proterozoic,1300.0
0.2676,3.1098,2831137,granite,Proterozoic,1300.0
0.4459,3.1098,2831137,granite,Proterozoic,1300.0
0.6243,3.1098,2831137,granite,Proterozoic,1300.0
0.8027,3.1098,2957947,gneiss,Proterozoic,2050.0
0.9810,3.1098,2957947,gneiss,Proterozoic,2050.0
1.1594,3.1098,2957947,gneiss,Proterozoic,2050.0
1.3378,3.1098,2957947,gneiss,Proterozoic,2050.0
1.5162,3.1098,2957947,gneiss,Proterozoic,2050.0
1.6945,3.1098,2957947,gneiss,Proterozoic,2050.0
1.8729,3.1098,2957947,gneiss,Proterozoic,2050.0
2.0513,3.1098,2957947,gneiss,Proterozoic,2050.0
2.2296,3.1098,2957947,gneiss,Proterozoic,2050.0
2.4080,3.1098,2957947,gneiss,Proterozoic,2050.0
2.5864,3.1098,2957947,gneiss,Proterozoic,2050.0
2.7648,3.1098,2957947,gneiss,Proterozoic,2050.0
2.9431,3.1098,2957947,gneiss,Proterozoic,2050.0
3.1215,3.1098,2957947,gneiss,Proterozoic,2050.0
3.2999,3.1098,2957947,gneiss,Proterozoic,2050.0
3.4783,3.1098,2957947,gneiss,Proterozoic,2050.0
3.6566,3.1098,2957947,gneiss,Proterozoic,2050.0
3.8350,3.1098,2957947,gneiss,Proterozoic,2050.0
4.0134,3.1098,2957947,gneiss,Proterozoic,2050.0
4.1917,3.1098,2720676,granite,Proterozoic,1300.0
4.3701,3.1098,2720676,granite,Proterozoic,1300.0
4.5485,3.1098,2720676,granite,Proterozoic,1300.0
4.7269,3.1098,2720676,granite,Proterozoic,1300.0
4.9052,3.1098,2720676,granite,Proterozoic,1300.0
5.0836,3.1098,2957947,gneiss,Proterozoic,2050.0
5.2620,3.1098,2957947,gneiss,Proterozoic,2050.0
5.4403,3.1098,2957947,gneiss,Proterozoic,2050.0
5.6187,3.1098,2957947,gneiss,Proterozoic,2050.0
5.7971,3.1098,2957947,gneiss,Proterozoic,2050.0
5.9755,3.1098,2720676,granite,Proterozoic,1300.0
6.1538,3.1098,2720676,granite,Proterozoic,1300.0
6.3322,3.1098,2720676,granite,Proterozoic,1300.0
6.5106,3.1098,2720676,granite,Proterozoic,1300.0
6.6889,3.1098,2720676,granite,Proterozoic,1300.0
6.8673,3.1098,2720676,granite,Proterozoic,1300.0
7.0457,3.1098,2855894,granite,Proterozoic,2050.0
7.2241,3.1098,2855894,granite,Proterozoic,2050.0
7.4024,3.1098,2855894,granite,Proterozoic,2050.0
7.5808,3.1098,2855894,granite,Proterozoic,2050.0
7.7592,3.1098,2855894,granite,Proterozoic,2050.0
7.9376,3.1098,2855894,granite,Proterozoic,2050.0
8.1159,3.1098,2855894,granite,Proterozoic,2050.0
8.2943,3.1098,2855894,granite,Proterozoic,2050.0
8.4727,3.1098,2855894,granite,Proterozoic,2050.0
8.6510,3.1098,2855882,gneiss,Proterozoic,2050.0
8.8294,3.1098,2855882,gneiss,Proterozoic,2050.0
9.0078,3.1098,2855882,gneiss,Proterozoic,2050.0
9.1862,3.1098,2855882,gneiss,Proterozoic,2050.0
9.3645,3.1098,2855882,gneiss,Proterozoic,2050.0
9.5429,3.1098,2855882,gneiss,Proterozoic,2050.0
9.7213,3.1098,2855882,gneiss,Proterozoic,2050.0
9.8996,3.1098,2855882,gneiss,Proterozoic,2050.0
10.0780,3.1098,2855882,gneiss,Proterozoic,2050.0
10.2564,3.1098,2855882,gneiss,Proterozoic,2050.0
10.4348,3.1098,2855882,gneiss,Proterozoic,2050.0
10.6131,3.1098,2855882,gneiss,Proterozoic,2050.0
10.7915,3.1098,2855882,gneiss,Proterozoic,2050.0
10.9699,3.1098,2855882,gneiss,Proterozoic,2050.0
11.1482,3.1098,2855882,gneiss,Proterozoic,2050.0
11.3266,3.1098,2855882,gneiss,Proterozoic,2050.0
11.5050,3.1098,2855882,gneiss,Proterozoic,2050.0
11.6834,3.1098,2855882,gneiss,Proterozoic,2050.0
11.8617,3.1098,2855882,gneiss,Proterozoic,2050.0
12.0401,3.1098,2855882,gneiss,Proterozoic,2050.0
12.2185,3.1098,2855882,gneiss,Proterozoic,2050.0
12.3968,3.1098,2855882,gneiss,Proterozoic,2050.0
12.5752,3.1098,2855882,gneiss,Proterozoic,2050.0
12.7536,3.1098,2855882,gneiss,Proterozoic,2050.0
12.9320,3.1098,2813702,sandstone,Paleozoic,307.4
13.1103,3.1098,2813702,sandstone,Paleozoic,307.4
13.2887,3.1098,2813702,sandstone,Paleozoic,307.4
13.4671,3.1098,2813702,sandstone,Paleozoic,307.4
13.6455,3.1098,2813702,sandstone,Paleozoic,307.4
13.8238,3.1098,2813702,sandstone,Paleozoic,307.4
14.0022,3.1098,2813702,sandstone,Paleozoic,307.4
14.1806,3.1098,2813702,sandstone,Paleozoic,307.4
14.3589,3.1098,2813702,sandstone,Paleozoic,307.4
14.5373,3.1098,2813702,sandstone,Paleozoic,307.4
14.7157,3.1098,2813702,sandstone,Paleozoic,307.4
14.8941,3.1098,3014794,sandstone,Paleozoic,263.9
15.0724,3.1098,3014794,sandstone,Paleozoic,263.9
15.2508,3.1098,3014794,sandstone,Paleozoic,263.9
15.4292,3.1098,3014794,sandstone,Paleozoic,263.9
15.6075,3.1098,2855586,sandstone,Mesozoic,132.0
15.7859,3.1098,2855586,sandstone,Mesozoic,132.0
15.9643,3.1098,2855586,sandstone,Mesozoic,132.0
16.1427,3.1098,2855586,sandstone,Mesozoic,132.0
16.3210,3.1098,2740920,shale,Mesozoic,92.4
16.4994,3.1098,2740920,shale,Mesozoic,92.4
16.6778,3.1098,2740920,shale,Mesozoic,92.4
16.8561,3.1098,2809559,shale,Mesozoic,79.6
17.0345,3.1098,2809559,shale,Mesozoic,79.6
17.2129,3.1098,2809559,shale,Mesozoic,79.6
17.3913,3.1098,2843189,shale,Mesozoic,79.6
17.5696,3.1098,2843189,shale,Mesozoic,79.6
17.7480,3.1098,2843189,shale,Mesozoic,79.6
17.9264,3.1098,2843189,shale,Mesozoic,79.6
18.1048,3.1098,2822474,shale,Mesozoic,79.6
18.2831,3.1098,2822474,shale,Mesozoic,79.6
18.4615,3.1098,2822474,shale,Mesozoic,79.6
18.6399,3.1098,2822474,shale,Mesozoic,79.6
18.8182,3.1098,2822474,shale,Mesozoic,79.6
18.9966,3.1098,2822474,shale,Mesozoic,79.6
19.1750,3.1098,2822474,shale,Mesozoic,79.6
19.3534,3.1098,2822474,shale,Mesozoic,79.6
19.5317,3.1098,3006567,sandstone,Mesozoic,72.0
19.7101,3.1098,3006567,sandstone,Mesozoic,72.0
19.8885,3.1098,2954406,sandstone,Mesozoic,67.2
20.0668,3.1098,2954406,sandstone,Mesozoic,67.2
20.2452,3.1098,2954406,sandstone,Mesozoic,67.2
20.4236,3.1098,2818367,alluvium,Cenozoic,1.0
20.6020,3.1098,2818367,alluvium,Cenozoic,1.0
20.7803,3.1098,2818367,alluvium,Cenozoic,1.0
20.9587,3.1098,2818367,alluvium,Cenozoic,1.0
21.1371,3.1098,2818367,alluvium,Cenozoic,1.0
21.3154,3.1098,2818367,alluvium,Cenozoic,1.0
0.0892,3.3401,2831137,granite,Proterozoic,1300.0
0.2676,3.3401,2831137,granite,Proterozoic,1300.0
0.4459,3.3401,2831137,granite,Proterozoic,1300.0
0.6243,3.3401,2831137,granite,Proterozoic,1300.0
0.8027,3.3401,2831137,granite,Proterozoic,1300.0
0.9810,3.3401,2957947,gneiss,Proterozoic,2050.0
1.1594,3.3401,2957947,gneiss,Proterozoic,2050.0
1.3378,3.3401,2957947,gneiss,Proterozoic,2050.0
1.5162,3.3401,2957947,gneiss,Proterozoic,2050.0
1.6945,3.3401,2957947,gneiss,Proterozoic,2050.0
1.8729,3.3401,2957947,gneiss,Proterozoic,2050.0
2.0513,3.3401,2957947,gneiss,Proterozoic,2050.0
2.2296,3.3401,2957947,gneiss,Proterozoic,2050.0
2.4080,3.3401,2957947,gneiss,Proterozoic,2050.0
2.5864,3.3401,2957947,gneiss,Proterozoic,2050.0
2.7648,3.3401,2957947,gneiss,Proterozoic,2050.0
2.9431,3.3401,2957947,gneiss,Proterozoic,2050.0
3.1215,3.3401,2957947,gneiss,Proterozoic,2050.0
3.2999,3.3401,2957947,gneiss,Proterozoic,2050.0
3.4783,3.3401,2957947,gneiss,Proterozoic,2050.0
3.6566,3.3401,2957947,gneiss,Proterozoic,2050.0
3.8350,3.3401,2957947,gneiss,Proterozoic,2050.0
4.0134,3.3401,2957947,gneiss,Proterozoic,2050.0
4.1917,3.3401,2957947,gneiss,Proterozoic,2050.0
4.3701,3.3401,2720676,granite,Proterozoic,1300.0
4.5485,3.3401,2720676,granite,Proterozoic,1300.0
4.7269,3.3401,2720676,granite,Proterozoic,1300.0
4.9052,3.3401,2957947,gneiss,Proterozoic,2050.0
5.0836,3.3401,2957947,gneiss,Proterozoic,2050.0
5.2620,3.3401,2957947,gneiss,Proterozoic,2050.0
5.4403,3.3401,2720676,granite,Proterozoic,1300.0
5.6187,3.3401,2720676,granite,Proterozoic,1300.0
5.7971,3.3401,2720676,granite,Proterozoic,1300.0
5.9755,3.3401,2720676,granite,Proterozoic,1300.0
6.1538,3.3401,2720676,granite,Proterozoic,1300.0
6.3322,3.3401,2720676,granite,Proterozoic,1300.0
6.5106,3.3401,2720676,granite,Proterozoic,1300.0
6.6889,3.3401,2720676,granite,Proterozoic,1300.0
6.8673,3.3401,2720676,granite,Proterozoic,1300.0
7.0457,3.3401,2855894,granite,Proterozoic,2050.0
7.2241,3.3401,2855894,granite,Proterozoic,2050.0
7.4024,3.3401,2855894,granite,Proterozoic,2050.0
7.5808,3.3401,2855894,granite,Proterozoic,2050.0
7.7592,3.3401,2855894,granite,Proterozoic,2050.0
7.9376,3.3401,2855894,granite,Proterozoic,2050.0
8.1159,3.3401,2855894,granite,Proterozoic,2050.0
8.2943,3.3401,2855894,granite,Proterozoic,2050.0
8.4727,3.3401,2855882,gneiss,Proterozoic,2050.0
8.6510,3.3401,2855882,gneiss,Proterozoic,2050.0
8.8294,3.3401,2855882,gneiss,Proterozoic,2050.0
9.0078,3.3401,2855882,gneiss,Proterozoic,2050.0
9.1862,3.3401,2855882,gneiss,Proterozoic,2050.0
9.3645,3.3401,2855882,gneiss,Proterozoic,2050.0
9.5429,3.3401,2855882,gneiss,Proterozoic,2050.0
9.7213,3.3401,2855882,gneiss,Proterozoic,2050.0
9.8996,3.3401,2855882,gneiss,Proterozoic,2050.0
10.0780,3.3401,2855882,gneiss,Proterozoic,2050.0
10.2564,3.3401,2855882,gneiss,Proterozoic,2050.0
10.4348,3.3401,2855882,gneiss,Proterozoic,2050.0
10.6131,3.3401,2855882,gneiss,Proterozoic,2050.0
10.7915,3.3401,2855882,gneiss,Proterozoic,2050.0
10.9699,3.3401,2855882,gneiss,Proterozoic,2050.0
11.1482,3.3401,2855882,gneiss,Proterozoic,2050.0
11.3266,3.3401,2855882,gneiss,Proterozoic,2050.0
11.5050,3.3401,2855882,gneiss,Proterozoic,2050.0
11.6834,3.3401,2855882,gneiss,Proterozoic,2050.0
11.8617,3.3401,2855882,gneiss,Proterozoic,2050.0
12.0401,3.3401,2855882,gneiss,Proterozoic,2050.0
12.2185,3.3401,2855882,gneiss,Proterozoic,2050.0
12.3968,3.3401,2855882,gneiss,Proterozoic,2050.0
12.5752,3.3401,2855882,gneiss,Proterozoic,2050.0
12.7536,3.3401,2855882,gneiss,Proterozoic,2050.0
12.9320,3.3401,2813702,sandstone,Paleozoic,307.4
13.1103,3.3401,2813702,sandstone,Paleozoic,307.4
13.2887,3.3401,2813702,sandstone,Paleozoic,307.4
13.4671,3.3401,2813702,sandstone,Paleozoic,307.4
13.6455,3.3401,2813702,sandstone,Paleozoic,307.4
13.8238,3.3401,2813702,sandstone,Paleozoic,307.4
14.0022,3.3401,2813702,sandstone,Paleozoic,307.4
14.1806,3.3401,2813702,sandstone,Paleozoic,307.4
14.3589,3.3401,2813702,sandstone,Paleozoic,307.4
14.5373,3.3401,3014794,sandstone,Paleozoic,263.9
14.7157,3.3401,3014794,sandstone,Paleozoic,263.9
14.8941,3.3401,3014794,sandstone,Paleozoic,263.9
15.0724,3.3401,3014794,sandstone,Paleozoic,263.9
15.2508,3.3401,3014794,sandstone,Paleozoic,263.9
15.4292,3.3401,3014794,sandstone,Paleozoic,263.9
15.6075,3.3401,2855586,sandstone,Mesozoic,132.0
15.7859,3.3401,2855586,sandstone,Mesozoic,132.0
15.9643,3.3401,2855586,sandstone,Mesozoic,132.0
16.1427,3.3401,2740920,shale,Mesozoic,92.4
16.3210,3.3401,2740920,shale,Mesozoic,92.4
16.4994,3.3401,2740920,shale,Mesozoic,92.4
16.6778,3.3401,2740920,shale,Mesozoic,92.4
16.8561,3.3401,2809559,shale,Mesozoic,79.6
17.0345,3.3401,2809559,shale,Mesozoic,79.6
17.2129,3.3401,2809559,shale,Mesozoic,79.6
17.3913,3.3401,2843189,shale,Mesozoic,79.6
17.5696,3.3401,2843189,shale,Mesozoic,79.6
17.7480,3.3401,2843189,shale,Mesozoic,79.6
17.9264,3.3401,2822474,shale,Mesozoic,79.6
18.1048,3.3401,2822474,shale,Mesozoic,79.6
18.2831,3.3401,2822474,shale,Mesozoic,79.6
18.4615,3.3401,2822474,shale,Mesozoic,79.6
18.6399,3.3401,2822474,shale,Mesozoic,79.6
18.8182,3.3401,2822474,shale,Mesozoic,79.6
18.9966,3.3401,2822474,shale,Mesozoic,79.6
19.1750,3.3401,2822474,shale,Mesozoic,79.6
19.3534,3.3401,3006567,sandstone,Mesozoic,72.0
19.5317,3.3401,3006567,sandstone,Mesozoic,72.0
19.7101,3.3401,2954406,sandstone,Mesozoic,67.2
19.8885,3.3401,2954406,sandstone,Mesozoic,67.2
20.0668,3.3401,2954406,sandstone,Mesozoic,67.2
20.2452,3.3401,2818367,alluvium,Cenozoic,1.0
20.4236,3.3401,2818367,alluvium,Cenozoic,1.0
20.6020,3.3401,2818367,alluvium,Cenozoic,1.0
20.7803,3.3401,2818367,alluvium,Cenozoic,1.0
20.9587,3.3401,2818367,alluvium,Cenozoic,1.0
21.1371,3.3401,2818367,alluvium,Cenozoic,1.0
21.3154,3.3401,2818367,alluvium,Cenozoic,1.0
0.0892,3.5705,2831137,granite,Proterozoic,1300.0
0.2676,3.5705,2831137,granite,Proterozoic,1300.0
0.4459,3.5705,2831137,granite,Proterozoic,1300.0
0.6243,3.5705,2831137,granite,Proterozoic,1300.0
0.8027,3.5705,2831137,granite,Proterozoic,1300.0
0.9810,3.5705,2957947,gneiss,Proterozoic,2050.0
1.1594,3.5705,2957947,gneiss,Proterozoic,2050.0
1.3378,3.5705,2957947,gneiss,Proterozoic,2050.0
1.5162,3.5705,2957947,gneiss,Proterozoic,2050.0
1.6945,3.5705,2957947,gneiss,Proterozoic,2050.0
1.8729,3.5705,2918678,,,
2.0513,3.5705,2918678,,,
2.2296,3.5705,2957947,gneiss,Proterozoic,2050.0
2.4080,3.5705,2957947,gneiss,Proterozoic,2050.0
2.5864,3.5705,2957947,gneiss,Proterozoic,2050.0
2.7648,3.5705,2957947,gneiss,Proterozoic,2050.0
2.9431,3.5705,2957947,gneiss,Proterozoic,2050.0
3.1215,3.5705,2957947,gneiss,Proterozoic,2050.0
3.2999,3.5705,2957947,gneiss,Proterozoic,2050.0
3.4783,3.5705,2957947,gneiss,Proterozoic,2050.0
3.6566,3.5705,2957947,gneiss,Proterozoic,2050.0
3.8350,3.5705,2957947,gneiss,Proterozoic,2050.0
4.0134,3.5705,2957947,gneiss,Proterozoic,2050.0
4.1917,3.5705,2720676,granite,Proterozoic,1300.0
4.3701,3.5705,2720676,granite,Proterozoic,1300.0
4.5485,3.5705,2720676,granite,Proterozoic,1300.0
4.7269,3.5705,2720676,granite,Proterozoic,1300.0
4.9052,3.5705,2720676,granite,Proterozoic,1300.0
5.0836,3.5705,2720676,granite,Proterozoic,1300.0
5.2620,3.5705,2720676,granite,Proterozoic,1300.0
5.4403,3.5705,2720676,granite,Proterozoic,1300.0
5.6187,3.5705,2720676,granite,Proterozoic,1300.0
5.7971,3.5705,2720676,granite,Proterozoic,1300.0
5.9755,3.5705,2720676,granite,Proterozoic,1300.0
6.1538,3.5705,2720676,granite,Proterozoic,1300.0
6.3322,3.5705,2720676,granite,Proterozoic,1300.0
6.5106,3.5705,2720676,granite,Proterozoic,1300.0
6.6889,3.5705,2720676,granite,Proterozoic,1300.0
6.8673,3.5705,2720676,granite,Proterozoic,1300.0
7.0457,3.5705,2855894,granite,Proterozoic,2050.0
7.2241,3.5705,2855894,granite,Proterozoic,2050.0
7.4024,3.5705,2855894,granite,Proterozoic,2050.0
7.5808,3.5705,2855894,granite,Proterozoic,2050.0
7.7592,3.5705,2855894,granite,Proterozoic,2050.0
7.9376,3.5705,2855894,granite,Proterozoic,2050.0
8.1159,3.5705,2855894,granite,Proterozoic,2050.0
8.2943,3.5705,2855894,granite,Proterozoic,2050.0
8.4727,3.5705,2855882,gneiss,Proterozoic,2050.0
8.6510,3.5705,2855882,gneiss,Proterozoic,2050.0
8.8294,3.5705,2855882,gneiss,Proterozoic,2050.0
9.0078,3.5705,2855882,gneiss,Proterozoic,2050.0
9.1862,3.5705,2855882,gneiss,Proterozoic,2050.0
9.3645,3.5705,2855882,gneiss,Proterozoic,2050.0
9.5429,3.5705,2855882,gneiss,Proterozoic,2050.0
9.7213,3.5705,2855882,gneiss,Proterozoic,2050.0
9.8996,3.5705,2855882,gneiss,Proterozoic,2050.0
10.0780,3.5705,2855882,gneiss,Proterozoic,2050.0
10.2564,3.5705,2855882,gneiss,Proterozoic,2050.0
10.4348,3.5705,2855882,gneiss,Proterozoic,2050.0
10.6131,3.5705,2855882,gneiss,Proterozoic,2050.0
10.7915,3.5705,2855882,gneiss,Proterozoic,2050.0
10.9699,3.5705,2855882,gneiss,Proterozoic,2050.0
11.1482,3.5705,2855882,gneiss,Proterozoic,2050.0
11.3266,3.5705,2855882,gneiss,Proterozoic,2050.0
11.5050,3.5705,2855882,gneiss,Proterozoic,2050.0
11.6834,3.5705,2855882,gneiss,Proterozoic,2050.0
11.8617,3.5705,2855882,gneiss,Proterozoic,2050.0
12.0401,3.5705,2855882,gneiss,Proterozoic,2050.0
12.2185,3.5705,2855882,gneiss,Proterozoic,2050.0
12.3968,3.5705,2855882,gneiss,Proterozoic,2050.0
12.5752,3.5705,2855882,gneiss,Proterozoic,2050.0
12.7536,3.5705,2855882,gneiss,Proterozoic,2050.0
12.9320,3.5705,2813702,sandstone,Paleozoic,307.4
13.1103,3.5705,2813702,sandstone,Paleozoic,307.4
13.2887,3.5705,2813702,sandstone,Paleozoic,307.4
13.4671,3.5705,2813702,sandstone,Paleozoic,307.4
13.6455,3.5705,2813702,sandstone,Paleozoic,307.4
13.8238,3.5705,2813702,sandstone,Paleozoic,307.4
14.0022,3.5705,2813702,sandstone,Paleozoic,307.4
14.1806,3.5705,2813702,sandstone,Paleozoic,307.4
14.3589,3.5705,3014794,sandstone,Paleozoic,263.9
14.5373,3.5705,3014794,sandstone,Paleozoic,263.9
14.7157,3.5705,3014794,sandstone,Paleozoic,263.9
14.8941,3.5705,3014794,sandstone,Paleozoic,263.9
15.0724,3.5705,3014794,sandstone,Paleozoic,263.9
15.2508,3.5705,3014794,sandstone,Paleozoic,263.9
15.4292,3.5705,3014794,sandstone,Paleozoic,263.9
15.6075,3.5705,2855586,sandstone,Mesozoic,132.0
15.7859,3.5705,2855586,sandstone,Mesozoic,132.0
15.9643,3.5705,2740920,shale,Mesozoic,92.4
16.1427,3.5705,2740920,shale,Mesozoic,92.4
16.3210,3.5705,2740920,shale,Mesozoic,92.4
16.4994,3.5705,2740920,shale,Mesozoic,92.4
16.6778,3.5705,2809559,shale,Mesozoic,79.6
16.8561,3.5705,2809559,shale,Mesozoic,79.6
17.0345,3.5705,2809559,shale,Mesozoic,79.6
17.2129,3.5705,2843189,shale,Mesozoic,79.6
17.3913,3.5705,2843189,shale,Mesozoic,79.6
17.5696,3.5705,2843189,shale,Mesozoic,79.6
17.7480,3.5705,2822474,shale,Mesozoic,79.6
17.9264,3.5705,2822474,shale,Mesozoic,79.6
18.1048,3.5705,2822474,shale,Mesozoic,79.6
18.2831,3.5705,2822474,shale,Mesozoic,79.6
18.4615,3.5705,2822474,shale,Mesozoic,79.6
18.6399,3.5705,2822474,shale,Mesozoic,79.6
18.8182,3.5705,2822474,shale,Mesozoic,79.6
18.9966,3.5705,2822474,shale,Mesozoic,79.6
19.1750,3.5705,3006567,sandstone,Mesozoic,72.0
19.3534,3.5705,3006567,sandstone,Mesozoic,72.0
19.5317,3.5705,3006567,sandstone,Mesozoic,72.0
19.7101,3.5705,2954406,sandstone,Mesozoic,67.2
19.8885,3.5705,2954406,sandstone,Mesozoic,67.2
20.0668,3.5705,2954406,sandstone,Mesozoic,67.2
20.2452,3.5705,2818367,alluvium,Cenozoic,1.0
20.4236,3.5705,2818367,alluvium,Cenozoic,1.0
20.6020,3.5705,2818367,alluvium,Cenozoic,1.0
20.7803,3.5705,2818367,alluvium,Cenozoic,1.0
20.9587,3.5705,2818367,alluvium,Cenozoic,1.0
21.1371,3.5705,2818367,alluvium,Cenozoic,1.0
21.3154,3.5705,2818367,alluvium,Cenozoic,1.0
0.0892,3.8008,2831137,granite,Proterozoic,1300.0
0.2676,3.8008,2831137,granite,Proterozoic,1300.0
0.4459,3.8008,2831137,granite,Proterozoic,1300.0
0.6243,3.8008,2831137,granite,Proterozoic,1300.0
0.8027,3.8008,2831137,granite,Proterozoic,1300.0
0.9810,3.8008,2831137,granite,Proterozoic,1300.0
1.1594,3.8008,2831137,granite,Proterozoic,1300.0
1.3378,3.8008,2918678,,,
1.5162,3.8008,2918678,,,
1.6945,3.8008,2918678,,,
1.8729,3.8008,2918678,,,
2.0513,3.8008,2918678,,,
2.2296,3.8008,2918678,,,
2.4080,3.8008,2957947,gneiss,Proterozoic,2050.0
2.5864,3.8008,2957947,gneiss,Proterozoic,2050.0
2.7648,3.8008,2957947,gneiss,Proterozoic,2050.0
2.9431,3.8008,2957947,gneiss,Proterozoic,2050.0
3.1215,3.8008,2957947,gneiss,Proterozoic,2050.0
3.2999,3.8008,2957947,gneiss,Proterozoic,2050.0
3.4783,3.8008,2957947,gneiss,Proterozoic,2050.0
3.6566,3.8008,2957947,gneiss,Proterozoic,2050.0
3.8350,3.8008,2957947,gneiss,Proterozoic,2050.0
4.0134,3.8008,2720676,granite,Proterozoic,1300.0
4.1917,3.8008,2720676,granite,Proterozoic,1300.0
4.3701,3.8008,2720676,granite,Proterozoic,1300.0
4.5485,3.8008,2720676,granite,Proterozoic,1300.0
4.7269,3.8008,2720676,granite,Proterozoic,1300.0
4.9052,3.8008,2720676,granite,Proterozoic,1300.0
5.0836,3.8008,2720676,granite,Proterozoic,1300.0
5.2620,3.8008,2720676,granite,Proterozoic,1300.0
5.4403,3.8008,2720676,granite,Proterozoic,1300.0
5.6187,3.8008,2720676,granite,Proterozoic,1300.0
5.7971,3.8008,2720676,granite,Proterozoic,1300.0
5.9755,3.8008,2720676,granite,Proterozoic,1300.0
6.1538,3.8008,2720676,granite,Proterozoic,1300.0
6.3322,3.8008,2720676,granite,Proterozoic,1300.0
6.5106,3.8008,2720676,granite,Proterozoic,1300.0
6.6889,3.8008,2720676,granite,Proterozoic,1300.0
6.8673,3.8008,2855894,granite,Proterozoic,2050.0
7.0457,3.8008,2855894,granite,Proterozoic,2050.0
7.2241,3.8008,2855894,granite,Proterozoic,2050.0
7.4024,3.8008,2855894,granite,Proterozoic,2050.0
7.5808,3.8008,2855894,granite,Proterozoic,2050.0
7.7592,3.8008,2855894,granite,Proterozoic,2050.0
7.9376,3.8008,2855894,granite,Proterozoic,2050.0
8.1159,3.8008,2855894,granite,Proterozoic,2050.0
8.2943,3.8008,2855882,gneiss,Proterozoic,2050.0
8.4727,3.8008,2855882,gneiss,Proterozoic,2050.0
8.6510,3.8008,2855882,gneiss,Proterozoic,2050.0
8.8294,3.8008,2855882,gneiss,Proterozoic,2050.0
9.0078,3.8008,2855882,gneiss,Proterozoic,2050.0
9.1862,3.8008,2855882,gneiss,Proterozoic,2050.0
9.3645,3.8008,2855882,gneiss,Proterozoic,2050.0
9.5429,3.8008,2855882,gneiss,Proterozoic,2050.0
9.7213,3.8008,2855882,gneiss,Proterozoic,2050.0
9.8996,3.8008,2855882,gneiss,Proterozoic,2050.0
10.0780,3.8008,2855882,gneiss,Proterozoic,2050.0
10.2564,3.8008,2855882,gneiss,Proterozoic,2050.0
10.4348,3.8008,2855882,gneiss,Proterozoic,2050.0
10.6131,3.8008,2855882,gneiss,Proterozoic,2050.0
10.7915,3.8008,2855882,gneiss,Proterozoic,2050.0
10.9699,3.8008,2855882,gneiss,Proterozoic,2050.0
11.1482,3.8008,2855882,gneiss,Proterozoic,2050.0
11.3266,3.8008,2855882,gneiss,Proterozoic,2050.0
11.5050,3.8008,2855882,gneiss,Proterozoic,2050.0
11.6834,3.8008,2855882,gneiss,Proterozoic,2050.0
11.8617,3.8008,2855882,gneiss,Proterozoic,2050.0
12.0401,3.8008,2855882,gneiss,Proterozoic,2050.0
12.2185,3.8008,2855882,gneiss,Proterozoic,2050.0
12.3968,3.8008,2855882,gneiss,Proterozoic,2050.0
12.5752,3.8008,2855882,gneiss,Proterozoic,2050.0
12.7536,3.8008,2855882,gneiss,Proterozoic,2050.0
12.9320,3.8008,2813702,sandstone,Paleozoic,307.4
13.1103,3.8008,2813702,sandstone,Paleozoic,307.4
13.2887,3.8008,2813702,sandstone,Paleozoic,307.4
13.4671,3.8008,2813702,sandstone,Paleozoic,307.4
13.6455,3.8008,2813702,sandstone,Paleozoic,307.4
13.8238,3.8008,2813702,sandstone,Paleozoic,307.4
14.0022,3.8008,2813702,sandstone,Paleozoic,307.4
14.1806,3.8008,3014794,sandstone,Paleozoic,263.9
14.3589,3.8008,3014794,sandstone,Paleozoic,263.9
14.5373,3.8008,3014794,sandstone,Paleozoic,263.9
14.7157,3.8008,3014794,sandstone,Paleozoic,263.9
14.8941,3.8008,3014794,sandstone,Paleozoic,263.9
15.0724,3.8008,3014794,sandstone,Paleozoic,263.9
15.2508,3.8008,3014794,sandstone,Paleozoic,263.9
15.4292,3.8008,2855586,sandstone,Mesozoic,132.0
15.6075,3.8008,2855586,sandstone,Mesozoic,132.0
15.7859,3.8008,2855586,sandstone,Mesozoic,132.0
15.9643,3.8008,2740920,shale,Mesozoic,92.4
16.1427,3.8008,2740920,shale,Mesozoic,92.4
16.3210,3.8008,2740920,shale,Mesozoic,92.4
16.4994,3.8008,2809559,shale,Mesozoic,79.6
16.6778,3.8008,2809559,shale,Mesozoic,79.6
16.8561,3.8008,2809559,shale,Mesozoic,79.6
17.0345,3.8008,2843189,shale,Mesozoic,79.6
17.2129,3.8008,2843189,shale,Mesozoic,79.6
17.3913,3.8008,2843189,shale,Mesozoic,79.6
17.5696,3.8008,2822474,shale,Mesozoic,79.6
17.7480,3.8008,2822474,shale,Mesozoic,79.6
17.9264,3.8008,2822474,shale,Mesozoic,79.6
18.1048,3.8008,2822474,shale,Mesozoic,79.6
18.2831,3.8008,2822474,shale,Mesozoic,79.6
18.4615,3.8008,2822474,shale,Mesozoic,79.6
18.6399,3.8008,2822474,shale,Mesozoic,79.6
18.8182,3.8008,2822474,shale,Mesozoic,79.6
18.9966,3.8008,2822474,shale,Mesozoic,79.6
19.1750,3.8008,3006567,sandstone,Mesozoic,72.0
19.3534,3.8008,3006567,sandstone,Mesozoic,72.0
19.5317,3.8008,2954406,sandstone,Mesozoic,67.2
19.7101,3.8008,2954406,sandstone,Mesozoic,67.2
19.8885,3.8008,2954406,sandstone,Mesozoic,67.2
20.0668,3.8008,2954406,sandstone,Mesozoic,67.2
20.2452,3.8008,2818367,alluvium,Cenozoic,1.0
20.4236,3.8008,2818367,alluvium,Cenozoic,1.0
20.6020,3.8008,2818367,alluvium,Cenozoic,1.0
20.7803,3.8008,2818367,alluvium,Cenozoic,1.0
20.9587,3.8008,2818367,alluvium,Cenozoic,1.0
21.1371,3.8008,2818367,alluvium,Cenozoic,1.0
21.3154,3.8008,2818367,alluvium,Cenozoic,1.0
0.0892,4.0312,2831137,granite,Proterozoic,1300.0
0.2676,4.0312,2831137,granite,Proterozoic,1300.0
0.4459,4.0312,2831137,granite,Proterozoic,1300.0
0.6243,4.0312,2831137,granite,Proterozoic,1300.0
0.8027,4.0312,2831137,granite,Proterozoic,1300.0
0.9810,4.0312,2831137,granite,Proterozoic,1300.0
1.1594,4.0312,2831137,granite,Proterozoic,1300.0
1.3378,4.0312,2957947,gneiss,Proterozoic,2050.0
1.5162,4.0312,2957947,gneiss,Proterozoic,2050.0
1.6945,4.0312,2957947,gneiss,Proterozoic,2050.0
1.8729,4.0312,2957947,gneiss,Proterozoic,2050.0
2.0513,4.0312,2957947,gneiss,Proterozoic,2050.0
2.2296,4.0312,2957947,gneiss,Proterozoic,2050.0
2.4080,4.0312,2957947,gneiss,Proterozoic,2050.0
2.5864,4.0312,2957947,gneiss,Proterozoic,2050.0
2.7648,4.0312,2957947,gneiss,Proterozoic,2050.0
2.9431,4.0312,2957947,gneiss,Proterozoic,2050.0
3.1215,4.0312,2957947,gneiss,Proterozoic,2050.0
3.2999,4.0312,2957947,gneiss,Proterozoic,2050.0
3.4783,4.0312,2957947,gneiss,Proterozoic,2050.0
3.6566,4.0312,2720676,granite,Proterozoic,1300.0
3.8350,4.0312,2720676,granite,Proterozoic,1300.0
4.0134,4.0312,2720676,granite,Proterozoic,1300.0
4.1917,4.0312,2720676,granite,Proterozoic,1300.0
4.3701,4.0312,2720676,granite,Proterozoic,1300.0
4.5485,4.0312,2720676,granite,Proterozoic,1300.0
4.7269,4.0312,2720676,granite,Proterozoic,1300.0
4.9052,4.0312,2720676,granite,Proterozoic,1300.0
5.0836,4.0312,2720676,granite,Proterozoic,1300.0
5.2620,4.0312,2720676,granite,Proterozoic,1300.0
5.4403,4.0312,2720676,granite,Proterozoic,1300.0
5.6187,4.0312,2720676,granite,Proterozoic,1300.0
5.7971,4.0312,2720676,granite,Proterozoic,1300.0
5.9755,4.0312,2720676,granite,Proterozoic,1300.0
6.1538,4.0312,2720676,granite,Proterozoic,1300.0
6.3322,4.0312,2720676,granite,Proterozoic,1300.0
6.5106,4.0312,2855894,granite,Proterozoic,2050.0
6.6889,4.0312,2855894,granite,Proterozoic,2050.0
6.8673,4.0312,2855894,granite,Proterozoic,2050.0
7.0457,4.0312,2855894,granite,Proterozoic,2050.0
7.2241,4.0312,2855894,granite,Proterozoic,2050.0
7.4024,4.0312,2855894,granite,Proterozoic,2050.0
7.5808,4.0312,2855894,granite,Proterozoic,2050.0
7.7592,4.0312,2855894,granite,Proterozoic,2050.0
7.9376,4.0312,2855894,granite,Proterozoic,2050.0
8.1159,4.0312,2855894,granite,Proterozoic,2050.0
8.2943,4.0312,2855882,gneiss,Proterozoic,2050.0
8.4727,4.0312,2855882,gneiss,Proterozoic,2050.0
8.6510,4.0312,2855882,gneiss,Proterozoic,2050.0
8.8294,4.0312,2855882,gneiss,Proterozoic,2050.0
9.0078,4.0312,2855882,gneiss,Proterozoic,2050.0
9.1862,4.0312,2855882,gneiss,Proterozoic,2050.0
9.3645,4.0312,2855882,gneiss,Proterozoic,2050.0
9.5429,4.0312,2855882,gneiss,Proterozoic,2050.0
9.7213,4.0312,2855882,gneiss,Proterozoic,2050.0
9.8996,4.0312,2855882,gneiss,Proterozoic,2050.0
10.0780,4.0312,2855882,gneiss,Proterozoic,2050.0
10.2564,4.0312,2855882,gneiss,Proterozoic,2050.0
10.4348,4.0312,2855882,gneiss,Proterozoic,2050.0
10.6131,4.0312,2855882,gneiss,Proterozoic,2050.0
10.7915,4.0312,2855882,gneiss,Proterozoic,2050.0
10.9699,4.0312,2855882,gneiss,Proterozoic,2050.0
11.1482,4.0312,2855882,gneiss,Proterozoic,2050.0
11.3266,4.0312,2855882,gneiss,Proterozoic,2050.0
11.5050,4.0312,2855882,gneiss,Proterozoic,2050.0
11.6834,4.0312,2855882,gneiss,Proterozoic,2050.0
11.8617,4.0312,2855882,gneiss,Proterozoic,2050.0
12.0401,4.0312,2855882,gneiss,Proterozoic,2050.0
12.2185,4.0312,2855882,gneiss,Proterozoic,2050.0
12.3968,4.0312,2855882,gneiss,Proterozoic,2050.0
12.5752,4.0312,2855882,gneiss,Proterozoic,2050.0
12.7536,4.0312,2855882,gneiss,Proterozoic,2050.0
12.9320,4.0312,2813702,sandstone,Paleozoic,307.4
13.1103,4.0312,2813702,sandstone,Paleozoic,307.4
13.2887,4.0312,2813702,sandstone,Paleozoic,307.4
13.4671,4.0312,2813702,sandstone,Paleozoic,307.4
13.6455,4.0312,2813702,sandstone,Paleozoic,307.4
13.8238,4.0312,2813702,sandstone,Paleozoic,307.4
14.0022,4.0312,3014794,sandstone,Paleozoic,263.9
14.1806,4.0312,3014794,sandstone,Paleozoic,263.9
14.3589,4.0312,3014794,sandstone,Paleozoic,263.9
14.5373,4.0312,3014794,sandstone,Paleozoic,263.9
14.7157,4.0312,3014794,sandstone,Paleozoic,263.9
14.8941,4.0312,3014794,sandstone,Paleozoic,263.9
15.0724,4.0312,2855586,sandstone,Mesozoic,132.0
15.2508,4.0312,2855586,sandstone,Mesozoic,132.0
15.4292,4.0312,2855586,sandstone,Mesozoic,132.0
15.6075,4.0312,2855586,sandstone,Mesozoic,132.0
15.7859,4.0312,2740920,shale,Mesozoic,92.4
15.9643,4.0312,2740920,shale,Mesozoic,92.4
16.1427,4.0312,2740920,shale,Mesozoic,92.4
16.3210,4.0312,2809559,shale,Mesozoic,79.6
16.4994,4.0312,2809559,shale,Mesozoic,79.6
16.6778,4.0312,2809559,shale,Mesozoic,79.6
16.8561,4.0312,2843189,shale,Mesozoic,79.6
17.0345,4.0312,2843189,shale,Mesozoic,79.6
17.2129,4.0312,2843189,shale,Mesozoic,79.6
17.3913,4.0312,2843189,shale,Mesozoic,79.6
17.5696,4.0312,2822474,shale,Mesozoic,79.6
17.7480,4.0312,2822474,shale,Mesozoic,79.6
17.9264,4.0312,2822474,shale,Mesozoic,79.6
18.1048,4.0312,2822474,shale,Mesozoic,79.6
18.2831,4.0312,2822474,shale,Mesozoic,79.6
18.4615,4.0312,2822474,shale,Mesozoic,79.6
18.6399,4.0312,2822474,shale,Mesozoic,79.6
18.8182,4.0312,2822474,shale,Mesozoic,79.6
18.9966,4.0312,3006567,sandstone,Mesozoic,72.0
19.1750,4.0312,3006567,sandstone,Mesozoic,72.0
19.3534,4.0312,3006567,sandstone,Mesozoic,72.0
19.5317,4.0312,2954406,sandstone,Mesozoic,67.2
19.7101,4.0312,2954406,sandstone,Mesozoic,67.2
19.8885,4.0312,2954406,sandstone,Mesozoic,67.2
20.0668,4.0312,2954406,sandstone,Mesozoic,67.2
20.2452,4.0312,2954406,sandstone,Mesozoic,67.2
20.4236,4.0312,2818367,alluvium,Cenozoic,1.0
20.6020,4.0312,2818367,alluvium,Cenozoic,1.0
20.7803,4.0312,2818367,alluvium,Cenozoic,1.0
20.9587,4.0312,2818367,alluvium,Cenozoic,1.0
21.1371,4.0312,2818367,alluvium,Cenozoic,1.0
21.3154,4.0312,2818367,alluvium,Cenozoic,1.0
0.0892,4.2616,2831137,granite,Proterozoic,1300.0
0.2676,4.2616,2831137,granite,Proterozoic,1300.0
0.4459,4.2616,2957947,gneiss,Proterozoic,2050.0
0.6243,4.2616,2957947,gneiss,Proterozoic,2050.0
0.8027,4.2616,2957947,gneiss,Proterozoic,2050.0
0.9810,4.2616,2957947,gneiss,Proterozoic,2050.0
1.1594,4.2616,2957947,gneiss,Proterozoic,2050.0
1.3378,4.2616,2957947,gneiss,Proterozoic,2050.0
1.5162,4.2616,2957947,gneiss,Proterozoic,2050.0
1.6945,4.2616,2957947,gneiss,Proterozoic,2050.0
1.8729,4.2616,2957947,gneiss,Proterozoic,2050.0
2.0513,4.2616,2957947,gneiss,Proterozoic,2050.0
2.2296,4.2616,2957947,gneiss,Proterozoic,2050.0
2.4080,4.2616,2957947,gneiss,Proterozoic,2050.0
2.5864,4.2616,2957947,gneiss,Proterozoic,2050.0
2.7648,4.2616,2957947,gneiss,Proterozoic,2050.0
2.9431,4.2616,2957947,gneiss,Proterozoic,2050.0
3.1215,4.2616,2957947,gneiss,Proterozoic,2050.0
3.2999,4.2616,2957947,gneiss,Proterozoic,2050.0
3.4783,4.2616,2720676,granite,Proterozoic,1300.0
3.6566,4.2616,2720676,granite,Proterozoic,1300.0
3.8350,4.2616,2720676,granite,Proterozoic,1300.0
4.0134,4.2616,2720676,granite,Proterozoic,1300.0
4.1917,4.2616,2720676,granite,Proterozoic,1300.0
4.3701,4.2616,2720676,granite,Proterozoic,1300.0
4.5485,4.2616,2720676,granite,Proterozoic,1300.0
4.7269,4.2616,2720676,granite,Proterozoic,1300.0
4.9052,4.2616,2720676,granite,Proterozoic,1300.0
5.0836,4.2616,2720676,granite,Proterozoic,1300.0
5.2620,4.2616,2720676,granite,Proterozoic,1300.0
5.4403,4.2616,2720676,granite,Proterozoic,1300.0
5.6187,4.2616,2720676,granite,Proterozoic,1300.0
5.7971,4.2616,2720676,granite,Proterozoic,1300.0
5.9755,4.2616,2720676,granite,Proterozoic,1300.0
6.1538,4.2616,2855894,granite,Proterozoic,2050.0
6.3322,4.2616,2855894,granite,Proterozoic,2050.0
6.5106,4.2616,2855894,granite,Proterozoic,2050.0
6.6889,4.2616,2855882,gneiss,Proterozoic,2050.0
6.8673,4.2616,2855882,gneiss,Proterozoic,2050.0
7.0457,4.2616,2855894,granite,Proterozoic,2050.0
7.2241,4.2616,2855894,granite,Proterozoic,2050.0
7.4024,4.2616,2855894,granite,Proterozoic,2050.0
7.5808,4.2616,2855894,granite,Proterozoic,2050.0
7.7592,4.2616,2855894,granite,Proterozoic,2050.0
7.9376,4.2616,2855894,granite,Proterozoic,2050.0
8.1159,4.2616,2855882,gneiss,Proterozoic,2050.0
8.2943,4.2616,2855882,gneiss,Proterozoic,2050.0
8.4727,4.2616,2855882,gneiss,Proterozoic,2050.0
8.6510,4.2616,2855882,gneiss,Proterozoic,2050.0
8.8294,4.2616,2855882,gneiss,Proterozoic,2050.0
9.0078,4.2616,2855882,gneiss,Proterozoic,2050.0
9.1862,4.2616,2855882,gneiss,Proterozoic,2050.0
9.3645,4.2616,2855882,gneiss,Proterozoic,2050.0
9.5429,4.2616,2855882,gneiss,Proterozoic,2050.0
9.7213,4.2616,2855882,gneiss,Proterozoic,2050.0
9.8996,4.2616,2855882,gneiss,Proterozoic,2050.0
10.0780,4.2616,2855882,gneiss,Proterozoic,2050.0
10.2564,4.2616,2855882,gneiss,Proterozoic,2050.0
10.4348,4.2616,2855882,gneiss,Proterozoic,2050.0
10.6131,4.2616,2855882,gneiss,Proterozoic,2050.0
10.7915,4.2616,2855882,gneiss,Proterozoic,2050.0
10.9699,4.2616,2855882,gneiss,Proterozoic,2050.0
11.1482,4.2616,2855882,gneiss,Proterozoic,2050.0
11.3266,4.2616,2855882,gneiss,Proterozoic,2050.0
11.5050,4.2616,2855882,gneiss,Proterozoic,2050.0
11.6834,4.2616,2855882,gneiss,Proterozoic,2050.0
11.8617,4.2616,2855882,gneiss,Proterozoic,2050.0
12.0401,4.2616,2855882,gneiss,Proterozoic,2050.0
12.2185,4.2616,2855882,gneiss,Proterozoic,2050.0
12.3968,4.2616,2855882,gneiss,Proterozoic,2050.0
12.5752,4.2616,2855882,gneiss,Proterozoic,2050.0
12.7536,4.2616,2855882,gneiss,Proterozoic,2050.0
12.9320,4.2616,2813702,sandstone,Paleozoic,307.4
13.1103,4.2616,2813702,sandstone,Paleozoic,307.4
13.2887,4.2616,2813702,sandstone,Paleozoic,307.4
13.4671,4.2616,2813702,sandstone,Paleozoic,307.4
13.6455,4.2616,2813702,sandstone,Paleozoic,307.4
13.8238,4.2616,2813702,sandstone,Paleozoic,307.4
14.0022,4.2616,3014794,sandstone,Paleozoic,263.9
14.1806,4.2616,3014794,sandstone,Paleozoic,263.9
14.3589,4.2616,3014794,sandstone,Paleozoic,263.9
14.5373,4.2616,3014794,sandstone,Paleozoic,263.9
14.7157,4.2616,2855586,sandstone,Mesozoic,132.0
14.8941,4.2616,2855586,sandstone,Mesozoic,132.0
15.0724,4.2616,2855586,sandstone,Mesozoic,132.0
15.2508,4.2616,2855586,sandstone,Mesozoic,132.0
15.4292,4.2616,2855586,sandstone,Mesozoic,132.0
15.6075,4.2616,2740920,shale,Mesozoic,92.4
15.7859,4.2616,2740920,shale,Mesozoic,92.4
15.9643,4.2616,2740920,shale,Mesozoic,92.4
16.1427,4.2616,2809559,shale,Mesozoic,79.6
16.3210,4.2616,2809559,shale,Mesozoic,79.6
16.4994,4.2616,2809559,shale,Mesozoic,79.6
16.6778,4.2616,2843189,shale,Mesozoic,79.6
16.8561,4.2616,2843189,shale,Mesozoic,79.6
17.0345,4.2616,2843189,shale,Mesozoic,79.6
17.2129,4.2616,2822474,shale,Mesozoic,79.6
17.3913,4.2616,2822474,shale,Mesozoic,79.6
17.5696,4.2616,2822474,shale,Mesozoic,79.6
17.7480,4.2616,2822474,shale,Mesozoic,79.6
17.9264,4.2616,2822474,shale,Mesozoic,79.6
18.1048,4.2616,2822474,shale,Mesozoic,79.6
18.2831,4.2616,2822474,shale,Mesozoic,79.6
18.4615,4.2616,2822474,shale,Mesozoic,79.6
18.6399,4.2616,2822474,shale,Mesozoic,79.6
18.8182,4.2616,3006567,sandstone,Mesozoic,72.0
18.9966,4.2616,3006567,sandstone,Mesozoic,72.0
19.1750,4.2616,3006567,sandstone,Mesozoic,72.0
19.3534,4.2616,2954406,sandstone,Mesozoic,67.2
19.5317,4.2616,2954406,sandstone,Mesozoic,67.2
19.7101,4.2616,2954406,sandstone,Mesozoic,67.2
19.8885,4.2616,2954406,sandstone,Mesozoic,67.2
20.0668,4.2616,2954406,sandstone,Mesozoic,67.2
20.2452,4.2616,2954406,sandstone,Mesozoic,67.2
20.4236,4.2616,2954406,sandstone,Mesozoic,67.2
20.6020,4.2616,2818367,alluvium,Cenozoic,1.0
20.7803,4.2616,2818367,alluvium,Cenozoic,1.0
20.9587,4.2616,2818367,alluvium,Cenozoic,1.0
21.1371,4.2616,2818367,alluvium,Cenozoic,1.0
21.3154,4.2616,2818367,alluvium,Cenozoic,1.0
0.0892,4.4919,2957947,gneiss,Proterozoic,2050.0
0.2676,4.4919,2957947,gneiss,Proterozoic,2050.0
0.4459,4.4919,2957947,gneiss,Proterozoic,2050.0
0.6243,4.4919,2957947,gneiss,Proterozoic,2050.0
0.8027,4.4919,2957947,gneiss,Proterozoic,2050.0
0.9810,4.4919,2957947,gneiss,Proterozoic,2050.0
1.1594,4.4919,2957947,gneiss,Proterozoic,2050.0
1.3378,4.4919,2957947,gneiss,Proterozoic,2050.0
1.5162,4.4919,2957947,gneiss,Proterozoic,2050.0
1.6945,4.4919,2957947,gneiss,Proterozoic,2050.0
1.8729,4.4919,2957947,gneiss,Proterozoic,2050.0
2.0513,4.4919,2957947,gneiss,Proterozoic,2050.0
2.2296,4.4919,2957947,gneiss,Proterozoic,2050.0
2.4080,4.4919,2957947,gneiss,Proterozoic,2050.0
2.5864,4.4919,2957947,gneiss,Proterozoic,2050.0
2.7648,4.4919,2957947,gneiss,Proterozoic,2050.0
2.9431,4.4919,2720676,granite,Proterozoic,1300.0
3.1215,4.4919,2720676,granite,Proterozoic,1300.0
3.2999,4.4919,2720676,granite,Proterozoic,1300.0
3.4783,4.4919,2720676,granite,Proterozoic,1300.0
3.6566,4.4919,2720676,granite,Proterozoic,1300.0
3.8350,4.4919,2720676,granite,Proterozoic,1300.0
4.0134,4.4919,2720676,granite,Proterozoic,1300.0
4.1917,4.4919,2720676,granite,Proterozoic,1300.0
4.3701,4.4919,2720676,granite,Proterozoic,1300.0
4.5485,4.4919,2720676,granite,Proterozoic,1300.0
4.7269,4.4919,2720676,granite,Proterozoic,1300.0
4.9052,4.4919,2720676,granite,Proterozoic,1300.0
5.0836,4.4919,2720676,granite,Proterozoic,1300.0
5.2620,4.4919,2720676,granite,Proterozoic,1300.0
5.4403,4.4919,2720676,granite,Proterozoic,1300.0
5.6187,4.4919,2720676,granite,Proterozoic,1300.0
5.7971,4.4919,2855894,granite,Proterozoic,2050.0
5.9755,4.4919,2855894,granite,Proterozoic,2050.0
6.1538,4.4919,2855894,granite,Proterozoic,2050.0
6.3322,4.4919,2855894,granite,Proterozoic,2050.0
6.5106,4.4919,2855882,gneiss,Proterozoic,2050.0
6.6889,4.4919,2855882,gneiss,Proterozoic,2050.0
6.8673,4.4919,2855882,gneiss,Proterozoic,2050.0
7.0457,4.4919,2855882,gneiss,Proterozoic,2050.0
7.2241,4.4919,2855882,gneiss,Proterozoic,2050.0
7.4024,4.4919,2855882,gneiss,Proterozoic,2050.0
7.5808,4.4919,2855882,gneiss,Proterozoic,2050.0
7.7592,4.4919,2855882,gneiss,Proterozoic,2050.0
7.9376,4.4919,2855882,gneiss,Proterozoic,2050.0
8.1159,4.4919,2855882,gneiss,Proterozoic,2050.0
8.2943,4.4919,2855882,gneiss,Proterozoic,2050.0
8.4727,4.4919,2855882,gneiss,Proterozoic,2050.0
8.6510,4.4919,2855882,gneiss,Proterozoic,2050.0
8.8294,4.4919,2855882,gneiss,Proterozoic,2050.0
9.0078,4.4919,2855882,gneiss,Proterozoic,2050.0
9.1862,4.4919,2855882,gneiss,Proterozoic,2050.0
9.3645,4.4919,2855882,gneiss,Proterozoic,2050.0
9.5429,4.4919,2855882,gneiss,Proterozoic,2050.0
9.7213,4.4919,2855882,gneiss,Proterozoic,2050.0
9.8996,4.4919,2855882,gneiss,Proterozoic,2050.0
10.0780,4.4919,2855882,gneiss,Proterozoic,2050.0
10.2564,4.4919,2855882,gneiss,Proterozoic,2050.0
10.4348,4.4919,2855882,gneiss,Proterozoic,2050.0
10.6131,4.4919,2855882,gneiss,Proterozoic,2050.0
10.7915,4.4919,2855882,gneiss,Proterozoic,2050.0
10.9699,4.4919,2855882,gneiss,Proterozoic,2050.0
11.1482,4.4919,2855882,gneiss,Proterozoic,2050.0
11.3266,4.4919,2855882,gneiss,Proterozoic,2050.0
11.5050,4.4919,2855882,gneiss,Proterozoic,2050.0
11.6834,4.4919,2855882,gneiss,Proterozoic,2050.0
11.8617,4.4919,2855882,gneiss,Proterozoic,2050.0
12.0401,4.4919,2855882,gneiss,Proterozoic,2050.0
12.2185,4.4919,2855882,gneiss,Proterozoic,2050.0
12.3968,4.4919,2855882,gneiss,Proterozoic,2050.0
12.5752,4.4919,2855882,gneiss,Proterozoic,2050.0
12.7536,4.4919,2855882,gneiss,Proterozoic,2050.0
12.9320,4.4919,2813702,sandstone,Paleozoic,307.4
13.1103,4.4919,2813702,sandstone,Paleozoic,307.4
13.2887,4.4919,2813702,sandstone,Paleozoic,307.4
13.4671,4.4919,2813702,sandstone,Paleozoic,307.4
13.6455,4.4919,2813702,sandstone,Paleozoic,307.4
13.8238,4.4919,3014794,sandstone,Paleozoic,263.9
14.0022,4.4919,3014794,sandstone,Paleozoic,263.9
14.1806,4.4919,3014794,sandstone,Paleozoic,263.9
14.3589,4.4919,3014794,sandstone,Paleozoic,263.9
14.5373,4.4919,2855586,sandstone,Mesozoic,132.0
14.7157,4.4919,2855586,sandstone,Mesozoic,132.0
14.8941,4.4919,2855586,sandstone,Mesozoic,132.0
15.0724,4.4919,2855586,sandstone,Mesozoic,132.0
15.2508,4.4919,2740920,shale,Mesozoic,92.4
15.4292,4.4919,2740920,shale,Mesozoic,92.4
15.6075,4.4919,2740920,shale,Mesozoic,92.4
15.7859,4.4919,2740920,shale,Mesozoic,92.4
15.9643,4.4919,2809559,shale,Mesozoic,79.6
16.1427,4.4919,2809559,shale,Mesozoic,79.6
16.3210,4.4919,2843189,shale,Mesozoic,79.6
16.4994,4.4919,2843189,shale,Mesozoic,79.6
16.6778,4.4919,2843189,shale,Mesozoic,79.6
16.8561,4.4919,2843189,shale,Mesozoic,79.6
17.0345,4.4919,2822474,shale,Mesozoic,79.6
17.2129,4.4919,2822474,shale,Mesozoic,79.6
17.3913,4.4919,2822474,shale,Mesozoic,79.6
17.5696,4.4919,2822474,shale,Mesozoic,79.6
17.7480,4.4919,2822474,shale,Mesozoic,79.6
17.9264,4.4919,2822474,shale,Mesozoic,79.6
18.1048,4.4919,2822474,shale,Mesozoic,79.6
18.2831,4.4919,2822474,shale,Mesozoic,79.6
18.4615,4.4919,2822474,shale,Mesozoic,79.6
18.6399,4.4919,3006567,sandstone,Mesozoic,72.0
18.8182,4.4919,3006567,sandstone,Mesozoic,72.0
18.9966,4.4919,3006567,sandstone,Mesozoic,72.0
19.1750,4.4919,3006567,sandstone,Mesozoic,72.0
19.3534,4.4919,2954406,sandstone,Mesozoic,67.2
19.5317,4.4919,2954406,sandstone,Mesozoic,67.2
19.7101,4.4919,2954406,sandstone,Mesozoic,67.2
19.8885,4.4919,2954406,sandstone,Mesozoic,67.2
20.0668,4.4919,2954406,sandstone,Mesozoic,67.2
20.2452,4.4919,2954406,sandstone,Mesozoic,67.2
20.4236,4.4919,2954406,sandstone,Mesozoic,67.2
20.6020,4.4919,2954406,sandstone,Mesozoic,67.2
20.7803,4.4919,2818367,alluvium,Cenozoic,1.0
20.9587,4.4919,2818367,alluvium,Cenozoic,1.0
21.1371,4.4919,2818367,alluvium,Cenozoic,1.0
21.3154,4.4919,2818367,alluvium,Cenozoic,1.0
0.0892,4.7223,2957947,gneiss,Proterozoic,2050.0
0.2676,4.7223,2957947,gneiss,Proterozoic,2050.0
0.4459,4.7223,2957947,gneiss,Proterozoic,2050.0
0.6243,4.7223,2957947,gneiss,Proterozoic,2050.0
0.8027,4.7223,2957947,gneiss,Proterozoic,2050.0
0.9810,4.7223,2957947,gneiss,Proterozoic,2050.0
1.1594,4.7223,2957947,gneiss,Proterozoic,2050.0
1.3378,4.7223,2957947,gneiss,Proterozoic,2050.0
1.5162,4.7223,2957947,gneiss,Proterozoic,2050.0
1.6945,4.7223,2957947,gneiss,Proterozoic,2050.0
1.8729,4.7223,2957947,gneiss,Proterozoic,2050.0
2.0513,4.7223,2957947,gneiss,Proterozoic,2050.0
2.2296,4.7223,2957947,gneiss,Proterozoic,2050.0
2.4080,4.7223,2720676,granite,Proterozoic,1300.0
2.5864,4.7223,2720676,granite,Proterozoic,1300.0
2.7648,4.7223,2720676,granite,Proterozoic,1300.0
2.9431,4.7223,2720676,granite,Proterozoic,1300.0
3.1215,4.7223,2720676,granite,Proterozoic,1300.0
3.2999,4.7223,2720676,granite,Proterozoic,1300.0
3.4783,4.7223,2720676,granite,Proterozoic,1300.0
3.6566,4.7223,2720676,granite,Proterozoic,1300.0
3.8350,4.7223,2720676,granite,Proterozoic,1300.0
4.0134,4.7223,2720676,granite,Proterozoic,1300.0
4.1917,4.7223,2720676,granite,Proterozoic,1300.0
4.3701,4.7223,2720676,granite,Proterozoic,1300.0
4.5485,4.7223,2720676,granite,Proterozoic,1300.0
4.7269,4.7223,2720676,granite,Proterozoic,1300.0
4.9052,4.7223,2720676,granite,Proterozoic,1300.0
5.0836,4.7223,2957947,gneiss,Proterozoic,2050.0
5.2620,4.7223,2957947,gneiss,Proterozoic,2050.0
5.4403,4.7223,2855894,granite,Proterozoic,2050.0
5.6187,4.7223,2855894,granite,Proterozoic,2050.0
5.7971,4.7223,2855894,granite,Proterozoic,2050.0
5.9755,4.7223,2855894,granite,Proterozoic,2050.0
6.1538,4.7223,2855894,granite,Proterozoic,2050.0
6.3322,4.7223,2855882,gneiss,Proterozoic,2050.0
6.5106,4.7223,2855882,gneiss,Proterozoic,2050.0
6.6889,4.7223,2855882,gneiss,Proterozoic,2050.0
6.8673,4.7223,2855882,gneiss,Proterozoic,2050.0
7.0457,4.7223,2855882,gneiss,Proterozoic,2050.0
7.2241,4.7223,2855882,gneiss,Proterozoic,2050.0
7.4024,4.7223,2855882,gneiss,Proterozoic,2050.0
7.5808,4.7223,2855882,gneiss,Proterozoic,2050.0
7.7592,4.7223,2855882,gneiss,Proterozoic,2050.0
7.9376,4.7223,2855882,gneiss,Proterozoic,2050.0
8.1159,4.7223,2855882,gneiss,Proterozoic,2050.0
8.2943,4.7223,2855882,gneiss,Proterozoic,2050.0
8.4727,4.7223,2855882,gneiss,Proterozoic,2050.0
8.6510,4.7223,2855882,gneiss,Proterozoic,2050.0
8.8294,4.7223,2855882,gneiss,Proterozoic,2050.0
9.0078,4.7223,2855882,gneiss,Proterozoic,2050.0
9.1862,4.7223,2855882,gneiss,Proterozoic,2050.0
9.3645,4.7223,2855882,gneiss,Proterozoic,2050.0
9.5429,4.7223,2855882,gneiss,Proterozoic,2050.0
9.7213,4.7223,2855882,gneiss,Proterozoic,2050.0
9.8996,4.7223,2855882,gneiss,Proterozoic,2050.0
10.0780,4.7223,2855882,gneiss,Proterozoic,2050.0
10.2564,4.7223,2855882,gneiss,Proterozoic,2050.0
10.4348,4.7223,2855882,gneiss,Proterozoic,2050.0
10.6131,4.7223,2855882,gneiss,Proterozoic,2050.0
10.7915,4.7223,2855882,gneiss,Proterozoic,2050.0
10.9699,4.7223,2855882,gneiss,Proterozoic,2050.0
11.1482,4.7223,2855882,gneiss,Proterozoic,2050.0
11.3266,4.7223,2855882,gneiss,Proterozoic,2050.0
11.5050,4.7223,2855882,gneiss,Proterozoic,2050.0
11.6834,4.7223,2855882,gneiss,Proterozoic,2050.0
11.8617,4.7223,2855882,gneiss,Proterozoic,2050.0
12.0401,4.7223,2855882,gneiss,Proterozoic,2050.0
12.2185,4.7223,2855882,gneiss,Proterozoic,2050.0
12.3968,4.7223,2855882,gneiss,Proterozoic,2050.0
12.5752,4.7223,2855882,gneiss,Proterozoic,2050.0
12.7536,4.7223,2855882,gneiss,Proterozoic,2050.0
12.9320,4.7223,2813702,sandstone,Paleozoic,307.4
13.1103,4.7223,2813702,sandstone,Paleozoic,307.4
13.2887,4.7223,2813702,sandstone,Paleozoic,307.4
13.4671,4.7223,2813702,sandstone,Paleozoic,307.4
13.6455,4.7223,2813702,sandstone,Paleozoic,307.4
13.8238,4.7223,3014794,sandstone,Paleozoic,263.9
14.0022,4.7223,3014794,sandstone,Paleozoic,263.9
14.1806,4.7223,3014794,sandstone,Paleozoic,263.9
14.3589,4.7223,2855586,sandstone,Mesozoic,132.0
14.5373,4.7223,2855586,sandstone,Mesozoic,132.0
14.7157,4.7223,2855586,sandstone,Mesozoic,132.0
14.8941,4.7223,2855586,sandstone,Mesozoic,132.0
15.0724,4.7223,2740920,shale,Mesozoic,92.4
15.2508,4.7223,2740920,shale,Mesozoic,92.4
15.4292,4.7223,2740920,shale,Mesozoic,92.4
15.6075,4.7223,2740920,shale,Mesozoic,92.4
15.7859,4.7223,2809559,shale,Mesozoic,79.6
15.9643,4.7223,2809559,shale,Mesozoic,79.6
16.1427,4.7223,2843189,shale,Mesozoic,79.6
16.3210,4.7223,2843189,shale,Mesozoic,79.6
16.4994,4.7223,2843189,shale,Mesozoic,79.6
16.6778,4.7223,2843189,shale,Mesozoic,79.6
16.8561,4.7223,2822474,shale,Mesozoic,79.6
17.0345,4.7223,2822474,shale,Mesozoic,79.6
17.2129,4.7223,2822474,shale,Mesozoic,79.6
17.3913,4.7223,2822474,shale,Mesozoic,79.6
17.5696,4.7223,2822474,shale,Mesozoic,79.6
17.7480,4.7223,2822474,shale,Mesozoic,79.6
17.9264,4.7223,2822474,shale,Mesozoic,79.6
18.1048,4.7223,2822474,shale,Mesozoic,79.6
18.2831,4.7223,2822474,shale,Mesozoic,79.6
18.4615,4.7223,3006567,sandstone,Mesozoic,72.0
18.6399,4.7223,3006567,sandstone,Mesozoic,72.0
18.8182,4.7223,3006567,sandstone,Mesozoic,72.0
18.9966,4.7223,3006567,sandstone,Mesozoic,72.0
19.1750,4.7223,2954406,sandstone,Mesozoic,67.2
19.3534,4.7223,2954406,sandstone,Mesozoic,67.2
19.5317,4.7223,2954406,sandstone,Mesozoic,67.2
19.7101,4.7223,2954406,sandstone,Mesozoic,67.2
19.8885,4.7223,2954406,sandstone,Mesozoic,67.2
20.0668,4.7223,2954406,sandstone,Mesozoic,67.2
20.2452,4.7223,2954406,sandstone,Mesozoic,67.2
20.4236,4.7223,2954406,sandstone,Mesozoic,67.2
20.6020,4.7223,2954406,sandstone,Mesozoic,67.2
20.7803,4.7223,2954406,sandstone,Mesozoic,67.2
20.9587,4.7223,2954406,sandstone,Mesozoic,67.2
21.1371,4.7223,2954406,sandstone,Mesozoic,67.2
21.3154,4.7223,2954406,sandstone,Mesozoic,67.2
0.0892,4.9526,2957947,gneiss,Proterozoic,2050.0
0.2676,4.9526,2957947,gneiss,Proterozoic,2050.0
0.4459,4.9526,2957947,gneiss,Proterozoic,2050.0
0.6243,4.9526,2957947,gneiss,Proterozoic,2050.0
0.8027,4.9526,2957947,gneiss,Proterozoic,2050.0
0.9810,4.9526,2957947,gneiss,Proterozoic,2050.0
1.1594,4.9526,2957947,gneiss,Proterozoic,2050.0
1.3378,4.9526,2957947,gneiss,Proterozoic,2050.0
1.5162,4.9526,2957947,gneiss,Proterozoic,2050.0
1.6945,4.9526,2957947,gneiss,Proterozoic,2050.0
1.8729,4.9526,2957947,gneiss,Proterozoic,2050.0
2.0513,4.9526,2720676,granite,Proterozoic,1300.0
2.2296,4.9526,2720676,granite,Proterozoic,1300.0
2.4080,4.9526,2720676,granite,Proterozoic,1300.0
2.5864,4.9526,2720676,granite,Proterozoic,1300.0
2.7648,4.9526,2720676,granite,Proterozoic,1300.0
2.9431,4.9526,2720676,granite,Proterozoic,1300.0
3.1215,4.9526,2720676,granite,Proterozoic,1300.0
3.2999,4.9526,2720676,granite,Proterozoic,1300.0
3.4783,4.9526,2720676,granite,Proterozoic,1300.0
3.6566,4.9526,2720676,granite,Proterozoic,1300.0
3.8350,4.9526,2720676,granite,Proterozoic,1300.0
4.0134,4.9526,2720676,granite,Proterozoic,1300.0
4.1917,4.9526,2720676,granite,Proterozoic,1300.0
4.3701,4.9526,2720676,granite,Proterozoic,1300.0
4.5485,4.9526,2720676,granite,Proterozoic,1300.0
4.7269,4.9526,2957947,gneiss,Proterozoic,2050.0
4.9052,4.9526,2957947,gneiss,Proterozoic,2050.0
5.0836,4.9526,2957947,gneiss,Proterozoic,2050.0
5.2620,4.9526,2855894,granite,Proterozoic,2050.0
5.4403,4.9526,2855894,granite,Proterozoic,2050.0
5.6187,4.9526,2855894,granite,Proterozoic,2050.0
5.7971,4.9526,2855894,granite,Proterozoic,2050.0
5.9755,4.9526,2855894,granite,Proterozoic,2050.0
6.1538,4.9526,2855882,gneiss,Proterozoic,2050.0
6.3322,4.9526,2855882,gneiss,Proterozoic,2050.0
6.5106,4.9526,2855882,gneiss,Proterozoic,2050.0
6.6889,4.9526,2855882,gneiss,Proterozoic,2050.0
6.8673,4.9526,2855882,gneiss,Proterozoic,2050.0
7.0457,4.9526,2855882,gneiss,Proterozoic,2050.0
7.2241,4.9526,2855882,gneiss,Proterozoic,2050.0
7.4024,4.9526,2855882,gneiss,Proterozoic,2050.0
7.5808,4.9526,2855882,gneiss,Proterozoic,2050.0
7.7592,4.9526,2855882,gneiss,Proterozoic,2050.0
7.9376,4.9526,2855882,gneiss,Proterozoic,2050.0
8.1159,4.9526,2855882,gneiss,Proterozoic,2050.0
8.2943,4.9526,2855882,gneiss,Proterozoic,2050.0
8.4727,4.9526,2855882,gneiss,Proterozoic,2050.0
8.6510,4.9526,2855882,gneiss,Proterozoic,2050.0
8.8294,4.9526,2855882,gneiss,Proterozoic,2050.0
9.0078,4.9526,2855882,gneiss,Proterozoic,2050.0
9.1862,4.9526,2855882,gneiss,Proterozoic,2050.0
9.3645,4.9526,2855882,gneiss,Proterozoic,2050.0
9.5429,4.9526,2855882,gneiss,Proterozoic,2050.0
9.7213,4.9526,2855882,gneiss,Proterozoic,2050.0
9.8996,4.9526,2855882,gneiss,Proterozoic,2050.0
10.0780,4.9526,2855882,gneiss,Proterozoic,2050.0
10.2564,4.9526,2855882,gneiss,Proterozoic,2050.0
10.4348,4.9526,2855882,gneiss,Proterozoic,2050.0
10.6131,4.9526,2855882,gneiss,Proterozoic,2050.0
10.7915,4.9526,2855882,gneiss,Proterozoic,2050.0
10.9699,4.9526,2855882,gneiss,Proterozoic,2050.0
11.1482,4.9526,2855882,gneiss,Proterozoic,2050.0
11.3266,4.9526,2855882,gneiss,Proterozoic,2050.0
11.5050,4.9526,2855882,gneiss,Proterozoic,2050.0
11.6834,4.9526,2855882,gneiss,Proterozoic,2050.0
11.8617,4.9526,2855882,gneiss,Proterozoic,2050.0
12.0401,4.9526,2855882,gneiss,Proterozoic,2050.0
12.2185,4.9526,2855882,gneiss,Proterozoic,2050.0
12.3968,4.9526,2855882,gneiss,Proterozoic,2050.0
12.5752,4.9526,2855882,gneiss,Proterozoic,2050.0
12.7536,4.9526,2855882,gneiss,Proterozoic,2050.0
12.9320,4.9526,2813702,sandstone,Paleozoic,307.4
13.1103,4.9526,2813702,sandstone,Paleozoic,307.4
13.2887,4.9526,2813702,sandstone,Paleozoic,307.4
13.4671,4.9526,2813702,sandstone,Paleozoic,307.4
13.6455,4.9526,2813702,sandstone,Paleozoic,307.4
13.8238,4.9526,3014794,sandstone,Paleozoic,263.9
14.0022,4.9526,3014794,sandstone,Paleozoic,263.9
14.1806,4.9526,2855586,sandstone,Mesozoic,132.0
14.3589,4.9526,2855586,sandstone,Mesozoic,132.0
14.5373,4.9526,2855586,sandstone,Mesozoic,132.0
14.7157,4.9526,2855586,sandstone,Mesozoic,132.0
14.8941,4.9526,2740920,shale,Mesozoic,92.4
15.0724,4.9526,2740920,shale,Mesozoic,92.4
15.2508,4.9526,2740920,shale,Mesozoic,92.4
15.4292,4.9526,2740920,shale,Mesozoic,92.4
15.6075,4.9526,2809559,shale,Mesozoic,79.6
15.7859,4.9526,2809559,shale,Mesozoic,79.6
15.9643,4.9526,2809559,shale,Mesozoic,79.6
16.1427,4.9526,2843189,shale,Mesozoic,79.6
16.3210,4.9526,2843189,shale,Mesozoic,79.6
16.4994,4.9526,2843189,shale,Mesozoic,79.6
16.6778,4.9526,2822474,shale,Mesozoic,79.6
16.8561,4.9526,2822474,shale,Mesozoic,79.6
17.0345,4.9526,2822474,shale,Mesozoic,79.6
17.2129,4.9526,2822474,shale,Mesozoic,79.6
17.3913,4.9526,2822474,shale,Mesozoic,79.6
17.5696,4.9526,2822474,shale,Mesozoic,79.6
17.7480,4.9526,2822474,shale,Mesozoic,79.6
17.9264,4.9526,2822474,shale,Mesozoic,79.6
18.1048,4.9526,2822474,shale,Mesozoic,79.6
18.2831,4.9526,3006567,sandstone,Mesozoic,72.0
18.4615,4.9526,3006567,sandstone,Mesozoic,72.0
18.6399,4.9526,3006567,sandstone,Mesozoic,72.0
18.8182,4.9526,3006567,sandstone,Mesozoic,72.0
18.9966,4.9526,2954406,sandstone,Mesozoic,67.2
19.1750,4.9526,2954406,sandstone,Mesozoic,67.2
19.3534,4.9526,2954406,sandstone,Mesozoic,67.2
19.5317,4.9526,2954406,sandstone,Mesozoic,67.2
19.7101,4.9526,2954406,sandstone,Mesozoic,67.2
19.8885,4.9526,2954406,sandstone,Mesozoic,67.2
20.0668,4.9526,2954406,sandstone,Mesozoic,67.2
20.2452,4.9526,2954406,sandstone,Mesozoic,67.2
20.4236,4.9526,2954406,sandstone,Mesozoic,67.2
20.6020,4.9526,2954406,sandstone,Mesozoic,67.2
20.7803,4.9526,2954406,sandstone,Mesozoic,67.2
20.9587,4.9526,2954406,sandstone,Mesozoic,67.2
21.1371,4.9526,2954406,sandstone,Mesozoic,67.2
21.3154,4.9526,2954406,sandstone,Mesozoic,67.2
0.0892,5.1830,2957947,gneiss,Proterozoic,2050.0
0.2676,5.1830,2957947,gneiss,Proterozoic,2050.0
0.4459,5.1830,2957947,gneiss,Proterozoic,2050.0
0.6243,5.1830,2957947,gneiss,Proterozoic,2050.0
0.8027,5.1830,2957947,gneiss,Proterozoic,2050.0
0.9810,5.1830,2957947,gneiss,Proterozoic,2050.0
1.1594,5.1830,2957947,gneiss,Proterozoic,2050.0
1.3378,5.1830,2957947,gneiss,Proterozoic,2050.0
1.5162,5.1830,2957947,gneiss,Proterozoic,2050.0
1.6945,5.1830,2720676,granite,Proterozoic,1300.0
1.8729,5.1830,2720676,granite,Proterozoic,1300.0
2.0513,5.1830,2720676,granite,Proterozoic,1300.0
2.2296,5.1830,2720676,granite,Proterozoic,1300.0
2.4080,5.1830,2720676,granite,Proterozoic,1300.0
2.5864,5.1830,2720676,granite,Proterozoic,1300.0
2.7648,5.1830,2720676,granite,Proterozoic,1300.0
2.9431,5.1830,2720676,granite,Proterozoic,1300.0
3.1215,5.1830,2720676,granite,Proterozoic,1300.0
3.2999,5.1830,2720676,granite,Proterozoic,1300.0
3.4783,5.1830,2720676,granite,Proterozoic,1300.0
3.6566,5.1830,2720676,granite,Proterozoic,1300.0
3.8350,5.1830,2720676,granite,Proterozoic,1300.0
4.0134,5.1830,2720676,granite,Proterozoic,1300.0
4.1917,5.1830,2720676,granite,Proterozoic,1300.0
4.3701,5.1830,2957947,gneiss,Proterozoic,2050.0
4.5485,5.1830,2957947,gneiss,Proterozoic,2050.0
4.7269,5.1830,2957947,gneiss,Proterozoic,2050.0
4.9052,5.1830,2957947,gneiss,Proterozoic,2050.0
5.0836,5.1830,2855882,gneiss,Proterozoic,2050.0
5.2620,5.1830,2855882,gneiss,Proterozoic,2050.0
5.4403,5.1830,2855882,gneiss,Proterozoic,2050.0
5.6187,5.1830,2855882,gneiss,Proterozoic,2050.0
5.7971,5.1830,2855882,gneiss,Proterozoic,2050.0
5.9755,5.1830,2855882,gneiss,Proterozoic,2050.0
6.1538,5.1830,2855882,gneiss,Proterozoic,2050.0
6.3322,5.1830,2855882,gneiss,Proterozoic,2050.0
6.5106,5.1830,2855882,gneiss,Proterozoic,2050.0
6.6889,5.1830,2855882,gneiss,Proterozoic,2050.0
6.8673,5.1830,2855882,gneiss,Proterozoic,2050.0
7.0457,5.1830,2855882,gneiss,Proterozoic,2050.0
7.2241,5.1830,2855882,gneiss,Proterozoic,2050.0
7.4024,5.1830,2855882,gneiss,Proterozoic,2050.0
7.5808,5.1830,2855882,gneiss,Proterozoic,2050.0
7.7592,5.1830,2855882,gneiss,Proterozoic,2050.0
7.9376,5.1830,2855882,gneiss,Proterozoic,2050.0
8.1159,5.1830,2855882,gneiss,Proterozoic,2050.0
8.2943,5.1830,2855882,gneiss,Proterozoic,2050.0
8.4727,5.1830,2855882,gneiss,Proterozoic,2050.0
8.6510,5.1830,2855882,gneiss,Proterozoic,2050.0
8.8294,5.1830,2855882,gneiss,Proterozoic,2050.0
9.0078,5.1830,2855882,gneiss,Proterozoic,2050.0
9.1862,5.1830,2855882,gneiss,Proterozoic,2050.0
9.3645,5.1830,2855882,gneiss,Proterozoic,2050.0
9.5429,5.1830,2855882,gneiss,Proterozoic,2050.0
9.7213,5.1830,2855882,gneiss,Proterozoic,2050.0
9.8996,5.1830,2855882,gneiss,Proterozoic,2050.0
10.0780,5.1830,2855882,gneiss,Proterozoic,2050.0
10.2564,5.1830,2855882,gneiss,Proterozoic,2050.0
10.4348,5.1830,2855882,gneiss,Proterozoic,2050.0
10.6131,5.1830,2855882,gneiss,Proterozoic,2050.0
10.7915,5.1830,2855882,gneiss,Proterozoic,2050.0
10.9699,5.1830,2855882,gneiss,Proterozoic,2050.0
11.1482,5.1830,2855882,gneiss,Proterozoic,2050.0
11.3266,5.1830,2855882,gneiss,Proterozoic,2050.0
11.5050,5.1830,2855882,gneiss,Proterozoic,2050.0
11.6834,5.1830,2855882,gneiss,Proterozoic,2050.0
11.8617,5.1830,2855882,gneiss,Proterozoic,2050.0
12.0401,5.1830,2855882,gneiss,Proterozoic,2050.0
12.2185,5.1830,2855882,gneiss,Proterozoic,2050.0
12.3968,5.1830,2855882,gneiss,Proterozoic,2050.0
12.5752,5.1830,2855882,gneiss,Proterozoic,2050.0
12.7536,5.1830,2855882,gneiss,Proterozoic,2050.0
12.9320,5.1830,2813702,sandstone,Paleozoic,307.4
13.1103,5.1830,2813702,sandstone,Paleozoic,307.4
13.2887,5.1830,2813702,sandstone,Paleozoic,307.4
13.4671,5.1830,2813702,sandstone,Paleozoic,307.4
13.6455,5.1830,3014794,sandstone,Paleozoic,263.9
13.8238,5.1830,3014794,sandstone,Paleozoic,263.9
14.0022,5.1830,3014794,sandstone,Paleozoic,263.9
14.1806,5.1830,2855586,sandstone,Mesozoic,132.0
14.3589,5.1830,2855586,sandstone,Mesozoic,132.0
14.5373,5.1830,2855586,sandstone,Mesozoic,132.0
14.7157,5.1830,2740920,shale,Mesozoic,92.4
14.8941,5.1830,2740920,shale,Mesozoic,92.4
15.0724,5.1830,2740920,shale,Mesozoic,92.4
15.2508,5.1830,2740920,shale,Mesozoic,92.4
15.4292,5.1830,2809559,shale,Mesozoic,79.6
15.6075,5.1830,2809559,shale,Mesozoic,79.6
15.7859,5.1830,2809559,shale,Mesozoic,79.6
15.9643,5.1830,2843189,shale,Mesozoic,79.6
16.1427,5.1830,2843189,shale,Mesozoic,79.6
16.3210,5.1830,2843189,shale,Mesozoic,79.6
16.4994,5.1830,2822474,shale,Mesozoic,79.6
16.6778,5.1830,2822474,shale,Mesozoic,79.6
16.8561,5.1830,2822474,shale,Mesozoic,79.6
17.0345,5.1830,2822474,shale,Mesozoic,79.6
17.2129,5.1830,2822474,shale,Mesozoic,79.6
17.3913,5.1830,2822474,shale,Mesozoic,79.6
17.5696,5.1830,2822474,shale,Mesozoic,79.6
17.7480,5.1830,2822474,shale,Mesozoic,79.6
17.9264,5.1830,2822474,shale,Mesozoic,79.6
18.1048,5.1830,3006567,sandstone,Mesozoic,72.0
18.2831,5.1830,3006567,sandstone,Mesozoic,72.0
18.4615,5.1830,3006567,sandstone,Mesozoic,72.0
18.6399,5.1830,3006567,sandstone,Mesozoic,72.0
18.8182,5.1830,2954406,sandstone,Mesozoic,67.2
18.9966,5.1830,2954406,sandstone,Mesozoic,67.2
19.1750,5.1830,2954406,sandstone,Mesozoic,67.2
19.3534,5.1830,2954406,sandstone,Mesozoic,67.2
19.5317,5.1830,2954406,sandstone,Mesozoic,67.2
19.7101,5.1830,2954406,sandstone,Mesozoic,67.2
19.8885,5.1830,2954406,sandstone,Mesozoic,67.2
20.0668,5.1830,2954406,sandstone,Mesozoic,67.2
20.2452,5.1830,2954406,sandstone,Mesozoic,67.2
20.4236,5.1830,2954406,sandstone,Mesozoic,67.2
20.6020,5.1830,2954406,sandstone,Mesozoic,67.2
20.7803,5.1830,2954406,sandstone,Mesozoic,67.2
20.9587,5.1830,2954406,sandstone,Mesozoic,67.2
21.1371,5.1830,2954406,sandstone,Mesozoic,67.2
21.3154,5.1830,2954406,sandstone,Mesozoic,67.2
0.0892,5.4133,2957947,gneiss,Proterozoic,2050.0
0.2676,5.4133,2957947,gneiss,Proterozoic,2050.0
0.4459,5.4133,2957947,gneiss,Proterozoic,2050.0
0.6243,5.4133,2957947,gneiss,Proterozoic,2050.0
0.8027,5.4133,2957947,gneiss,Proterozoic,2050.0
0.9810,5.4133,2957947,gneiss,Proterozoic,2050.0
1.1594,5.4133,2957947,gneiss,Proterozoic,2050.0
1.3378,5.4133,2957947,gneiss,Proterozoic,2050.0
1.5162,5.4133,2957947,gneiss,Proterozoic,2050.0
1.6945,5.4133,2957947,gneiss,Proterozoic,2050.0
1.8729,5.4133,2957947,gneiss,Proterozoic,2050.0
2.0513,5.4133,2720676,granite,Proterozoic,1300.0
2.2296,5.4133,2720676,granite,Proterozoic,1300.0
2.4080,5.4133,2720676,granite,Proterozoic,1300.0
2.5864,5.4133,2720676,granite,Proterozoic,1300.0
2.7648,5.4133,2720676,granite,Proterozoic,1300.0
2.9431,5.4133,2720676,granite,Proterozoic,1300.0
3.1215,5.4133,2720676,granite,Proterozoic,1300.0
3.2999,5.4133,2720676,granite,Proterozoic,1300.0
3.4783,5.4133,2720676,granite,Proterozoic,1300.0
3.6566,5.4133,2720676,granite,Proterozoic,1300.0
3.8350,5.4133,2720676,granite,Proterozoic,1300.0
4.0134,5.4133,2720676,granite,Proterozoic,1300.0
4.1917,5.4133,2957947,gneiss,Proterozoic,2050.0
4.3701,5.4133,2957947,gneiss,Proterozoic,2050.0
4.5485,5.4133,2957947,gneiss,Proterozoic,2050.0
4.7269,5.4133,2957947,gneiss,Proterozoic,2050.0
4.9052,5.4133,2855882,gneiss,Proterozoic,2050.0
5.0836,5.4133,2855882,gneiss,Proterozoic,2050.0
5.2620,5.4133,2855882,gneiss,Proterozoic,2050.0
5.4403,5.4133,2855882,gneiss,Proterozoic,2050.0
5.6187,5.4133,2855882,gneiss,Proterozoic,2050.0
5.7971,5.4133,2855882,gneiss,Proterozoic,2050.0
5.9755,5.4133,2855882,gneiss,Proterozoic,2050.0
6.1538,5.4133,2855882,gneiss,Proterozoic,2050.0
6.3322,5.4133,2855882,gneiss,Proterozoic,2050.0
6.5106,5.4133,2855882,gneiss,Proterozoic,2050.0
6.6889,5.4133,2855882,gneiss,Proterozoic,2050.0
6.8673,5.4133,2855882,gneiss,Proterozoic,2050.0
7.0457,5.4133,2855882,gneiss,Proterozoic,2050.0
7.2241,5.4133,2855882,gneiss,Proterozoic,2050.0
7.4024,5.4133,2855882,gneiss,Proterozoic,2050.0
7.5808,5.4133,2855882,gneiss,Proterozoic,2050.0
7.7592,5.4133,2855882,gneiss,Proterozoic,2050.0
7.9376,5.4133,2855882,gneiss,Proterozoic,2050.0
8.1159,5.4133,2855882,gneiss,Proterozoic,2050.0
8.2943,5.4133,2855882,gneiss,Proterozoic,2050.0
8.4727,5.4133,2855882,gneiss,Proterozoic,2050.0
8.6510,5.4133,2855882,gneiss,Proterozoic,2050.0
8.8294,5.4133,2855882,gneiss,Proterozoic,2050.0
9.0078,5.4133,2855882,gneiss,Proterozoic,2050.0
9.1862,5.4133,2855882,gneiss,Proterozoic,2050.0
9.3645,5.4133,2855882,gneiss,Proterozoic,2050.0
9.5429,5.4133,2855882,gneiss,Proterozoic,2050.0
9.7213,5.4133,2855882,gneiss,Proterozoic,2050.0
9.8996,5.4133,2855882,gneiss,Proterozoic,2050.0
10.0780,5.4133,2855882,gneiss,Proterozoic,2050.0
10.2564,5.4133,2855882,gneiss,Proterozoic,2050.0
10.4348,5.4133,2855882,gneiss,Proterozoic,2050.0
10.6131,5.4133,2855882,gneiss,Proterozoic,2050.0
10.7915,5.4133,2855882,gneiss,Proterozoic,2050.0
10.9699,5.4133,2855882,gneiss,Proterozoic,2050.0
11.1482,5.4133,2855882,gneiss,Proterozoic,2050.0
11.3266,5.4133,2855882,gneiss,Proterozoic,2050.0
11.5050,5.4133,2855882,gneiss,Proterozoic,2050.0
11.6834,5.4133,2855882,gneiss,Proterozoic,2050.0
11.8617,5.4133,2855882,gneiss,Proterozoic,2050.0
12.0401,5.4133,2855882,gneiss,Proterozoic,2050.0
12.2185,5.4133,2855882,gneiss,Proterozoic,2050.0
12.3968,5.4133,2855882,gneiss,Proterozoic,2050.0
12.5752,5.4133,2855882,gneiss,Proterozoic,2050.0
12.7536,5.4133,2855882,gneiss,Proterozoic,2050.0
12.9320,5.4133,2813702,sandstone,Paleozoic,307.4
13.1103,5.4133,2813702,sandstone,Paleozoic,307.4
13.2887,5.4133,2813702,sandstone,Paleozoic,307.4
13.4671,5.4133,2813702,sandstone,Paleozoic,307.4
13.6455,5.4133,3014794,sandstone,Paleozoic,263.9
13.8238,5.4133,3014794,sandstone,Paleozoic,263.9
14.0022,5.4133,3014794,sandstone,Paleozoic,263.9
14.1806,5.4133,2855586,sandstone,Mesozoic,132.0
14.3589,5.4133,2855586,sandstone,Mesozoic,132.0
14.5373,5.4133,2855586,sandstone,Mesozoic,132.0
14.7157,5.4133,2740920,shale,Mesozoic,92.4
14.8941,5.4133,2740920,shale,Mesozoic,92.4
15.0724,5.4133,2740920,shale,Mesozoic,92.4
15.2508,5.4133,2809559,shale,Mesozoic,79.6
15.4292,5.4133,2809559,shale,Mesozoic,79.6
15.6075,5.4133,2809559,shale,Mesozoic,79.6
15.7859,5.4133,2843189,shale,Mesozoic,79.6
15.9643,5.4133,2843189,shale,Mesozoic,79.6
16.1427,5.4133,2843189,shale,Mesozoic,79.6
16.3210,5.4133,2822474,shale,Mesozoic,79.6
16.4994,5.4133,2822474,shale,Mesozoic,79.6
16.6778,5.4133,2822474,shale,Mesozoic,79.6
16.8561,5.4133,2822474,shale,Mesozoic,79.6
17.0345,5.4133,2822474,shale,Mesozoic,79.6
17.2129,5.4133,2822474,shale,Mesozoic,79.6
17.3913,5.4133,2822474,shale,Mesozoic,79.6
17.5696,5.4133,2822474,shale,Mesozoic,79.6
17.7480,5.4133,3006567,sandstone,Mesozoic,72.0
17.9264,5.4133,3006567,sandstone,Mesozoic,72.0
18.1048,5.4133,3006567,sandstone,Mesozoic,72.0
18.2831,5.4133,3006567,sandstone,Mesozoic,72.0
18.4615,5.4133,3006567,sandstone,Mesozoic,72.0
18.6399,5.4133,2954406,sandstone,Mesozoic,67.2
18.8182,5.4133,2954406,sandstone,Mesozoic,67.2
18.9966,5.4133,2954406,sandstone,Mesozoic,67.2
19.1750,5.4133,2954406,sandstone,Mesozoic,67.2
19.3534,5.4133,2954406,sandstone,Mesozoic,67.2
19.5317,5.4133,2954406,sandstone,Mesozoic,67.2
19.7101,5.4133,2954406,sandstone,Mesozoic,67.2
19.8885,5.4133,2954406,sandstone,Mesozoic,67.2
20.0668,5.4133,2954406,sandstone,Mesozoic,67.2
20.2452,5.4133,2954406,sandstone,Mesozoic,67.2
20.4236,5.4133,2954406,sandstone,Mesozoic,67.2
20.6020,5.4133,2954406,sandstone,Mesozoic,67.2
20.7803,5.4133,2954406,sandstone,Mesozoic,67.2
20.9587,5.4133,2954406,sandstone,Mesozoic,67.2
21.1371,5.4133,2954406,sandstone,Mesozoic,67.2
21.3154,5.4133,2954406,sandstone,Mesozoic,67.2
0.0892,5.6437,2957947,gneiss,Proterozoic,2050.0
0.2676,5.6437,2957947,gneiss,Proterozoic,2050.0
0.4459,5.6437,2957947,gneiss,Proterozoic,2050.0
0.6243,5.6437,2957947,gneiss,Proterozoic,2050.0
0.8027,5.6437,2957947,gneiss,Proterozoic,2050.0
0.9810,5.6437,2957947,gneiss,Proterozoic,2050.0
1.1594,5.6437,2957947,gneiss,Proterozoic,2050.0
1.3378,5.6437,2957947,gneiss,Proterozoic,2050.0
1.5162,5.6437,2957947,gneiss,Proterozoic,2050.0
1.6945,5.6437,2957947,gneiss,Proterozoic,2050.0
1.8729,5.6437,2957947,gneiss,Proterozoic,2050.0
2.0513,5.6437,2720676,granite,Proterozoic,1300.0
2.2296,5.6437,2720676,granite,Proterozoic,1300.0
2.4080,5.6437,2720676,granite,Proterozoic,1300.0
2.5864,5.6437,2720676,granite,Proterozoic,1300.0
2.7648,5.6437,2720676,granite,Proterozoic,1300.0
2.9431,5.6437,2720676,granite,Proterozoic,1300.0
3.1215,5.6437,2720676,granite,Proterozoic,1300.0
3.2999,5.6437,2720676,granite,Proterozoic,1300.0
3.4783,5.6437,2720676,granite,Proterozoic,1300.0
3.6566,5.6437,2720676,granite,Proterozoic,1300.0
3.8350,5.6437,2957947,gneiss,Proterozoic,2050.0
4.0134,5.6437,2957947,gneiss,Proterozoic,2050.0
4.1917,5.6437,2957947,gneiss,Proterozoic,2050.0
4.3701,5.6437,2957947,gneiss,Proterozoic,2050.0
4.5485,5.6437,2957947,gneiss,Proterozoic,2050.0
4.7269,5.6437,2957947,gneiss,Proterozoic,2050.0
4.9052,5.6437,2957947,gneiss,Proterozoic,2050.0
5.0836,5.6437,2957947,gneiss,Proterozoic,2050.0
5.2620,5.6437,2957947,gneiss,Proterozoic,2050.0
5.4403,5.6437,2957947,gneiss,Proterozoic,2050.0
5.6187,5.6437,2855882,gneiss,Proterozoic,2050.0
5.7971,5.6437,2855882,gneiss,Proterozoic,2050.0
5.9755,5.6437,2855882,gneiss,Proterozoic,2050.0
6.1538,5.6437,2855882,gneiss,Proterozoic,2050.0
6.3322,5.6437,2855882,gneiss,Proterozoic,2050.0
6.5106,5.6437,2855882,gneiss,Proterozoic,2050.0
6.6889,5.6437,2855882,gneiss,Proterozoic,2050.0
6.8673,5.6437,2855882,gneiss,Proterozoic,2050.0
7.0457,5.6437,2855882,gneiss,Proterozoic,2050.0
7.2241,5.6437,2855882,gneiss,Proterozoic,2050.0
7.4024,5.6437,2855882,gneiss,Proterozoic,2050.0
7.5808,5.6437,2855882,gneiss,Proterozoic,2050.0
7.7592,5.6437,2855882,gneiss,Proterozoic,2050.0
7.9376,5.6437,2855882,gneiss,Proterozoic,2050.0
8.1159,5.6437,2855882,gneiss,Proterozoic,2050.0
8.2943,5.6437,2855882,gneiss,Proterozoic,2050.0
8.4727,5.6437,2855882,gneiss,Proterozoic,2050.0
8.6510,5.6437,2855882,gneiss,Proterozoic,2050.0
8.8294,5.6437,2855882,gneiss,Proterozoic,2050.0
9.0078,5.6437,2855882,gneiss,Proterozoic,2050.0
9.1862,5.6437,2855882,gneiss,Proterozoic,2050.0
9.3645,5.6437,2855882,gneiss,Proterozoic,2050.0
9.5429,5.6437,2855882,gneiss,Proterozoic,2050.0
9.7213,5.6437,2855882,gneiss,Proterozoic,2050.0
9.8996,5.6437,2855882,gneiss,Proterozoic,2050.0
10.0780,5.6437,2855882,gneiss,Proterozoic,2050.0
10.2564,5.6437,2855882,gneiss,Proterozoic,2050.0
10.4348,5.6437,2855882,gneiss,Proterozoic,2050.0
10.6131,5.6437,2855882,gneiss,Proterozoic,2050.0
10.7915,5.6437,2855882,gneiss,Proterozoic,2050.0
10.9699,5.6437,2855882,gneiss,Proterozoic,2050.0
11.1482,5.6437,2855882,gneiss,Proterozoic,2050.0
11.3266,5.6437,2855882,gneiss,Proterozoic,2050.0
11.5050,5.6437,2855882,gneiss,Proterozoic,2050.0
11.6834,5.6437,2855882,gneiss,Proterozoic,2050.0
11.8617,5.6437,2855882,gneiss,Proterozoic,2050.0
12.0401,5.6437,2855882,gneiss,Proterozoic,2050.0
12.2185,5.6437,2855882,gneiss,Proterozoic,2050.0
12.3968,5.6437,2855882,gneiss,Proterozoic,2050.0
12.5752,5.6437,2855882,gneiss,Proterozoic,2050.0
12.7536,5.6437,2855882,gneiss,Proterozoic,2050.0
12.9320,5.6437,2813702,sandstone,Paleozoic,307.4
13.1103,5.6437,2813702,sandstone,Paleozoic,307.4
13.2887,5.6437,2813702,sandstone,Paleozoic,307.4
13.4671,5.6437,2813702,sandstone,Paleozoic,307.4
13.6455,5.6437,3014794,sandstone,Paleozoic,263.9
13.8238,5.6437,3014794,sandstone,Paleozoic,263.9
14.0022,5.6437,3014794,sandstone,Paleozoic,263.9
14.1806,5.6437,2855586,sandstone,Mesozoic,132.0
14.3589,5.6437,2855586,sandstone,Mesozoic,132.0
14.5373,5.6437,2740920,shale,Mesozoic,92.4
14.7157,5.6437,2740920,shale,Mesozoic,92.4
14.8941,5.6437,2740920,shale,Mesozoic,92.4
15.0724,5.6437,2809559,shale,Mesozoic,79.6
15.2508,5.6437,2809559,shale,Mesozoic,79.6
15.4292,5.6437,2809559,shale,Mesozoic,79.6
15.6075,5.6437,2809559,shale,Mesozoic,79.6
15.7859,5.6437,2843189,shale,Mesozoic,79.6
15.9643,5.6437,2843189,shale,Mesozoic,79.6
16.1427,5.6437,2843189,shale,Mesozoic,79.6
16.3210,5.6437,2822474,shale,Mesozoic,79.6
16.4994,5.6437,2822474,shale,Mesozoic,79.6
16.6778,5.6437,2822474,shale,Mesozoic,79.6
16.8561,5.6437,2822474,shale,Mesozoic,79.6
17.0345,5.6437,2822474,shale,Mesozoic,79.6
17.2129,5.6437,2822474,shale,Mesozoic,79.6
17.3913,5.6437,2822474,shale,Mesozoic,79.6
17.5696,5.6437,3006567,sandstone,Mesozoic,72.0
17.7480,5.6437,3006567,sandstone,Mesozoic,72.0
17.9264,5.6437,3006567,sandstone,Mesozoic,72.0
18.1048,5.6437,3006567,sandstone,Mesozoic,72.0
18.2831,5.6437,3006567,sandstone,Mesozoic,72.0
18.4615,5.6437,2954406,sandstone,Mesozoic,67.2
18.6399,5.6437,2954406,sandstone,Mesozoic,67.2
18.8182,5.6437,2954406,sandstone,Mesozoic,67.2
18.9966,5.6437,2954406,sandstone,Mesozoic,67.2
19.1750,5.6437,2954406,sandstone,Mesozoic,67.2
19.3534,5.6437,2954406,sandstone,Mesozoic,67.2
19.5317,5.6437,2954406,sandstone,Mesozoic,67.2
19.7101,5.6437,2954406,sandstone,Mesozoic,67.2
19.8885,5.6437,2954406,sandstone,Mesozoic,67.2
20.0668,5.6437,2954406,sandstone,Mesozoic,67.2
20.2452,5.6437,2954406,sandstone,Mesozoic,67.2
20.4236,5.6437,2954406,sandstone,Mesozoic,67.2
20.6020,5.6437,2954406,sandstone,Mesozoic,67.2
20.7803,5.6437,2954406,sandstone,Mesozoic,67.2
20.9587,5.6437,2954406,sandstone,Mesozoic,67.2
21.1371,5.6437,2818367,alluvium,Cenozoic,1.0
21.3154,5.6437,2818367,alluvium,Cenozoic,1.0
0.0892,5.8740,2957947,gneiss,Proterozoic,2050.0
0.2676,5.8740,2957947,gneiss,Proterozoic,2050.0
0.4459,5.8740,2957947,gneiss,Proterozoic,2050.0
0.6243,5.8740,2957947,gneiss,Proterozoic,2050.0
0.8027,5.8740,2957947,gneiss,Proterozoic,2050.0
0.9810,5.8740,2957947,gneiss,Proterozoic,2050.0
1.1594,5.8740,2957947,gneiss,Proterozoic,2050.0
1.3378,5.8740,2957947,gneiss,Proterozoic,2050.0
1.5162,5.8740,2957947,gneiss,Proterozoic,2050.0
1.6945,5.8740,2957947,gneiss,Proterozoic,2050.0
1.8729,5.8740,2957947,gneiss,Proterozoic,2050.0
2.0513,5.8740,2957947,gneiss,Proterozoic,2050.0
2.2296,5.8740,2957947,gneiss,Proterozoic,2050.0
2.4080,5.8740,2720676,granite,Proterozoic,1300.0
2.5864,5.8740,2720676,granite,Proterozoic,1300.0
2.7648,5.8740,2720676,granite,Proterozoic,1300.0
2.9431,5.8740,2720676,granite,Proterozoic,1300.0
3.1215,5.8740,2720676,granite,Proterozoic,1300.0
3.2999,5.8740,2957947,gneiss,Proterozoic,2050.0
3.4783,5.8740,2957947,gneiss,Proterozoic,2050.0
3.6566,5.8740,2957947,gneiss,Proterozoic,2050.0
3.8350,5.8740,2957947,gneiss,Proterozoic,2050.0
4.0134,5.8740,2957947,gneiss,Proterozoic,2050.0
4.1917,5.8740,2957947,gneiss,Proterozoic,2050.0
4.3701,5.8740,2957947,gneiss,Proterozoic,2050.0
4.5485,5.8740,2957947,gneiss,Proterozoic,2050.0
4.7269,5.8740,2957947,gneiss,Proterozoic,2050.0
4.9052,5.8740,2957947,gneiss,Proterozoic,2050.0
5.0836,5.8740,2855882,gneiss,Proterozoic,2050.0
5.2620,5.8740,2855882,gneiss,Proterozoic,2050.0
5.4403,5.8740,2855882,gneiss,Proterozoic,2050.0
5.6187,5.8740,2855882,gneiss,Proterozoic,2050.0
5.7971,5.8740,2855882,gneiss,Proterozoic,2050.0
5.9755,5.8740,2855882,gneiss,Proterozoic,2050.0
6.1538,5.8740,2855882,gneiss,Proterozoic,2050.0
6.3322,5.8740,2855882,gneiss,Proterozoic,2050.0
6.5106,5.8740,2855882,gneiss,Proterozoic,2050.0
6.6889,5.8740,2855882,gneiss,Proterozoic,2050.0
6.8673,5.8740,2855882,gneiss,Proterozoic,2050.0
7.0457,5.8740,2855882,gneiss,Proterozoic,2050.0
7.2241,5.8740,2855882,gneiss,Proterozoic,2050.0
7.4024,5.8740,2855882,gneiss,Proterozoic,2050.0
7.5808,5.8740,2855882,gneiss,Proterozoic,2050.0
7.7592,5.8740,2855882,gneiss,Proterozoic,2050.0
7.9376,5.8740,2855882,gneiss,Proterozoic,2050.0
8.1159,5.8740,2855882,gneiss,Proterozoic,2050.0
8.2943,5.8740,2855882,gneiss,Proterozoic,2050.0
8.4727,5.8740,2855882,gneiss,Proterozoic,2050.0
8.6510,5.8740,2855882,gneiss,Proterozoic,2050.0
8.8294,5.8740,2855882,gneiss,Proterozoic,2050.0
9.0078,5.8740,2855882,gneiss,Proterozoic,2050.0
9.1862,5.8740,2855882,gneiss,Proterozoic,2050.0
9.3645,5.8740,2855882,gneiss,Proterozoic,2050.0
9.5429,5.8740,2855882,gneiss,Proterozoic,2050.0
9.7213,5.8740,2855882,gneiss,Proterozoic,2050.0
9.8996,5.8740,2855882,gneiss,Proterozoic,2050.0
10.0780,5.8740,2855882,gneiss,Proterozoic,2050.0
10.2564,5.8740,2855882,gneiss,Proterozoic,2050.0
10.4348,5.8740,2855882,gneiss,Proterozoic,2050.0
10.6131,5.8740,2855882,gneiss,Proterozoic,2050.0
10.7915,5.8740,2855882,gneiss,Proterozoic,2050.0
10.9699,5.8740,2855882,gneiss,Proterozoic,2050.0
11.1482,5.8740,2855882,gneiss,Proterozoic,2050.0
11.3266,5.8740,2855882,gneiss,Proterozoic,2050.0
11.5050,5.8740,2855882,gneiss,Proterozoic,2050.0
11.6834,5.8740,2855882,gneiss,Proterozoic,2050.0
11.8617,5.8740,2855882,gneiss,Proterozoic,2050.0
12.0401,5.8740,2855882,gneiss,Proterozoic,2050.0
12.2185,5.8740,2855882,gneiss,Proterozoic,2050.0
12.3968,5.8740,2855882,gneiss,Proterozoic,2050.0
12.5752,5.8740,2855882,gneiss,Proterozoic,2050.0
12.7536,5.8740,2813702,sandstone,Paleozoic,307.4
12.9320,5.8740,2813702,sandstone,Paleozoic,307.4
13.1103,5.8740,2813702,sandstone,Paleozoic,307.4
13.2887,5.8740,2813702,sandstone,Paleozoic,307.4
13.4671,5.8740,2813702,sandstone,Paleozoic,307.4
13.6455,5.8740,3014794,sandstone,Paleozoic,263.9
13.8238,5.8740,3014794,sandstone,Paleozoic,263.9
14.0022,5.8740,3014794,sandstone,Paleozoic,263.9
14.1806,5.8740,2855586,sandstone,Mesozoic,132.0
14.3589,5.8740,2855586,sandstone,Mesozoic,132.0
14.5373,5.8740,2740920,shale,Mesozoic,92.4
14.7157,5.8740,2740920,shale,Mesozoic,92.4
14.8941,5.8740,2740920,shale,Mesozoic,92.4
15.0724,5.8740,2809559,shale,Mesozoic,79.6
15.2508,5.8740,2809559,shale,Mesozoic,79.6
15.4292,5.8740,2809559,shale,Mesozoic,79.6
15.6075,5.8740,2843189,shale,Mesozoic,79.6
15.7859,5.8740,2843189,shale,Mesozoic,79.6
15.9643,5.8740,2843189,shale,Mesozoic,79.6
16.1427,5.8740,2843189,shale,Mesozoic,79.6
16.3210,5.8740,2822474,shale,Mesozoic,79.6
16.4994,5.8740,2822474,shale,Mesozoic,79.6
16.6778,5.8740,2822474,shale,Mesozoic,79.6
16.8561,5.8740,2822474,shale,Mesozoic,79.6
17.0345,5.8740,2822474,shale,Mesozoic,79.6
17.2129,5.8740,2822474,shale,Mesozoic,79.6
17.3913,5.8740,3006567,sandstone,Mesozoic,72.0
17.5696,5.8740,3006567,sandstone,Mesozoic,72.0
17.7480,5.8740,3006567,sandstone,Mesozoic,72.0
17.9264,5.8740,3006567,sandstone,Mesozoic,72.0
18.1048,5.8740,3006567,sandstone,Mesozoic,72.0
18.2831,5.8740,2954406,sandstone,Mesozoic,67.2
18.4615,5.8740,2954406,sandstone,Mesozoic,67.2
18.6399,5.8740,2954406,sandstone,Mesozoic,67.2
18.8182,5.8740,2954406,sandstone,Mesozoic,67.2
18.9966,5.8740,2954406,sandstone,Mesozoic,67.2
19.1750,5.8740,2954406,sandstone,Mesozoic,67.2
19.3534,5.8740,2954406,sandstone,Mesozoic,67.2
19.5317,5.8740,2954406,sandstone,Mesozoic,67.2
19.7101,5.8740,2954406,sandstone,Mesozoic,67.2
19.8885,5.8740,2954406,sandstone,Mesozoic,67.2
20.0668,5.8740,2954406,sandstone,Mesozoic,67.2
20.2452,5.8740,2954406,sandstone,Mesozoic,67.2
20.4236,5.8740,2954406,sandstone,Mesozoic,67.2
20.6020,5.8740,2954406,sandstone,Mesozoic,67.2
20.7803,5.8740,2954406,sandstone,Mesozoic,67.2
20.9587,5.8740,2818367,alluvium,Cenozoic,1.0
21.1371,5.8740,2818367,alluvium,Cenozoic,1.0
21.3154,5.8740,2818367,alluvium,Cenozoic,1.0
0.0892,6.1044,2957947,gneiss,Proterozoic,2050.0
0.2676,6.1044,2957947,gneiss,Proterozoic,2050.0
0.4459,6.1044,2957947,gneiss,Proterozoic,2050.0
0.6243,6.1044,2957947,gneiss,Proterozoic,2050.0
0.8027,6.1044,2957947,gneiss,Proterozoic,2050.0
0.9810,6.1044,2957947,gneiss,Proterozoic,2050.0
1.1594,6.1044,2957947,gneiss,Proterozoic,2050.0
1.3378,6.1044,2957947,gneiss,Proterozoic,2050.0
1.5162,6.1044,2957947,gneiss,Proterozoic,2050.0
1.6945,6.1044,2957947,gneiss,Proterozoic,2050.0
1.8729,6.1044,2957947,gneiss,Proterozoic,2050.0
2.0513,6.1044,2957947,gneiss,Proterozoic,2050.0
2.2296,6.1044,2957947,gneiss,Proterozoic,2050.0
2.4080,6.1044,2957947,gneiss,Proterozoic,2050.0
2.5864,6.1044,2720676,granite,Proterozoic,1300.0
2.7648,6.1044,2720676,granite,Proterozoic,1300.0
2.9431,6.1044,2957947,gneiss,Proterozoic,2050.0
3.1215,6.1044,2957947,gneiss,Proterozoic,2050.0
3.2999,6.1044,2957947,gneiss,Proterozoic,2050.0
3.4783,6.1044,2957947,gneiss,Proterozoic,2050.0
3.6566,6.1044,2957947,gneiss,Proterozoic,2050.0
3.8350,6.1044,2957947,gneiss,Proterozoic,2050.0
4.0134,6.1044,2957947,gneiss,Proterozoic,2050.0
4.1917,6.1044,2957947,gneiss,Proterozoic,2050.0
4.3701,6.1044,2957947,gneiss,Proterozoic,2050.0
4.5485,6.1044,2957947,gneiss,Proterozoic,2050.0
4.7269,6.1044,2957947,gneiss,Proterozoic,2050.0
4.9052,6.1044,2855882,gneiss,Proterozoic,2050.0
5.0836,6.1044,2855882,gneiss,Proterozoic,2050.0
5.2620,6.1044,2855882,gneiss,Proterozoic,2050.0
5.4403,6.1044,2855882,gneiss,Proterozoic,2050.0
5.6187,6.1044,2855882,gneiss,Proterozoic,2050.0
5.7971,6.1044,2855882,gneiss,Proterozoic,2050.0
5.9755,6.1044,2855882,gneiss,Proterozoic,2050.0
6.1538,6.1044,2855882,gneiss,Proterozoic,2050.0
6.3322,6.1044,2855882,gneiss,Proterozoic,2050.0
6.5106,6.1044,2855882,gneiss,Proterozoic,2050.0
6.6889,6.1044,2855882,gneiss,Proterozoic,2050.0
6.8673,6.1044,2855882,gneiss,Proterozoic,2050.0
7.0457,6.1044,2855882,gneiss,Proterozoic,2050.0
7.2241,6.1044,2855882,gneiss,Proterozoic,2050.0
7.4024,6.1044,2855882,gneiss,Proterozoic,2050.0
7.5808,6.1044,2855882,gneiss,Proterozoic,2050.0
7.7592,6.1044,2855882,gneiss,Proterozoic,2050.0
7.9376,6.1044,2855882,gneiss,Proterozoic,2050.0
8.1159,6.1044,2855882,gneiss,Proterozoic,2050.0
8.2943,6.1044,2855882,gneiss,Proterozoic,2050.0
8.4727,6.1044,2855882,gneiss,Proterozoic,2050.0
8.6510,6.1044,2855882,gneiss,Proterozoic,2050.0
8.8294,6.1044,2855882,gneiss,Proterozoic,2050.0
9.0078,6.1044,2855882,gneiss,Proterozoic,2050.0
9.1862,6.1044,2855882,gneiss,Proterozoic,2050.0
9.3645,6.1044,2855882,gneiss,Proterozoic,2050.0
9.5429,6.1044,2855882,gneiss,Proterozoic,2050.0
9.7213,6.1044,2855882,gneiss,Proterozoic,2050.0
9.8996,6.1044,2855882,gneiss,Proterozoic,2050.0
10.0780,6.1044,2855882,gneiss,Proterozoic,2050.0
10.2564,6.1044,2855882,gneiss,Proterozoic,2050.0
10.4348,6.1044,2855882,gneiss,Proterozoic,2050.0
10.6131,6.1044,2855882,gneiss,Proterozoic,2050.0
10.7915,6.1044,2855882,gneiss,Proterozoic,2050.0
10.9699,6.1044,2855882,gneiss,Proterozoic,2050.0
11.1482,6.1044,2855882,gneiss,Proterozoic,2050.0
11.3266,6.1044,2855882,gneiss,Proterozoic,2050.0
11.5050,6.1044,2855882,gneiss,Proterozoic,2050.0
11.6834,6.1044,2855882,gneiss,Proterozoic,2050.0
11.8617,6.1044,2855882,gneiss,Proterozoic,2050.0
12.0401,6.1044,2855882,gneiss,Proterozoic,2050.0
12.2185,6.1044,2855882,gneiss,Proterozoic,2050.0
12.3968,6.1044,2855882,gneiss,Proterozoic,2050.0
12.5752,6.1044,2855882,gneiss,Proterozoic,2050.0
12.7536,6.1044,2813702,sandstone,Paleozoic,307.4
12.9320,6.1044,2813702,sandstone,Paleozoic,307.4
13.1103,6.1044,2813702,sandstone,Paleozoic,307.4
13.2887,6.1044,2813702,sandstone,Paleozoic,307.4
13.4671,6.1044,3014794,sandstone,Paleozoic,263.9
13.6455,6.1044,3014794,sandstone,Paleozoic,263.9
13.8238,6.1044,3014794,sandstone,Paleozoic,263.9
14.0022,6.1044,2855586,sandstone,Mesozoic,132.0
14.1806,6.1044,2855586,sandstone,Mesozoic,132.0
14.3589,6.1044,2855586,sandstone,Mesozoic,132.0
14.5373,6.1044,2740920,shale,Mesozoic,92.4
14.7157,6.1044,2740920,shale,Mesozoic,92.4
14.8941,6.1044,2740920,shale,Mesozoic,92.4
15.0724,6.1044,2809559,shale,Mesozoic,79.6
15.2508,6.1044,2809559,shale,Mesozoic,79.6
15.4292,6.1044,2809559,shale,Mesozoic,79.6
15.6075,6.1044,2843189,shale,Mesozoic,79.6
15.7859,6.1044,2843189,shale,Mesozoic,79.6
15.9643,6.1044,2843189,shale,Mesozoic,79.6
16.1427,6.1044,2822474,shale,Mesozoic,79.6
16.3210,6.1044,2822474,shale,Mesozoic,79.6
16.4994,6.1044,2822474,shale,Mesozoic,79.6
16.6778,6.1044,2822474,shale,Mesozoic,79.6
16.8561,6.1044,2822474,shale,Mesozoic,79.6
17.0345,6.1044,3006567,sandstone,Mesozoic,72.0
17.2129,6.1044,3006567,sandstone,Mesozoic,72.0
17.3913,6.1044,3006567,sandstone,Mesozoic,72.0
17.5696,6.1044,3006567,sandstone,Mesozoic,72.0
17.7480,6.1044,3006567,sandstone,Mesozoic,72.0
17.9264,6.1044,2954406,sandstone,Mesozoic,67.2
18.1048,6.1044,2954406,sandstone,Mesozoic,67.2
18.2831,6.1044,2954406,sandstone,Mesozoic,67.2
18.4615,6.1044,2954406,sandstone,Mesozoic,67.2
18.6399,6.1044,2954406,sandstone,Mesozoic,67.2
18.8182,6.1044,2954406,sandstone,Mesozoic,67.2
18.9966,6.1044,2954406,sandstone,Mesozoic,67.2
19.1750,6.1044,2954406,sandstone,Mesozoic,67.2
19.3534,6.1044,2954406,sandstone,Mesozoic,67.2
19.5317,6.1044,2954406,sandstone,Mesozoic,67.2
19.7101,6.1044,2954406,sandstone,Mesozoic,67.2
19.8885,6.1044,2954406,sandstone,Mesozoic,67.2
20.0668,6.1044,2954406,sandstone,Mesozoic,67.2
20.2452,6.1044,2954406,sandstone,Mesozoic,67.2
20.4236,6.1044,2954406,sandstone,Mesozoic,67.2
20.6020,6.1044,2954406,sandstone,Mesozoic,67.2
20.7803,6.1044,2818367,alluvium,Cenozoic,1.0
20.9587,6.1044,2818367,alluvium,Cenozoic,1.0
21.1371,6.1044,2818367,alluvium,Cenozoic,1.0
21.3154,6.1044,2818367,alluvium,Cenozoic,1.0
0.0892,6.3347,2957947,gneiss,Proterozoic,2050.0
0.2676,6.3347,2957947,gneiss,Proterozoic,2050.0
0.4459,6.3347,2957947,gneiss,Proterozoic,2050.0
0.6243,6.3347,2957947,gneiss,Proterozoic,2050.0
0.8027,6.3347,2957947,gneiss,Proterozoic,2050.0
0.9810,6.3347,2957947,gneiss,Proterozoic,2050.0
1.1594,6.3347,2957947,gneiss,Proterozoic,2050.0
1.3378,6.3347,2957947,gneiss,Proterozoic,2050.0
1.5162,6.3347,2957947,gneiss,Proterozoic,2050.0
1.6945,6.3347,2957947,gneiss,Proterozoic,2050.0
1.8729,6.3347,2957947,gneiss,Proterozoic,2050.0
2.0513,6.3347,2957947,gneiss,Proterozoic,2050.0
2.2296,6.3347,2957947,gneiss,Proterozoic,2050.0
2.4080,6.3347,2957947,gneiss,Proterozoic,2050.0
2.5864,6.3347,2957947,gneiss,Proterozoic,2050.0
2.7648,6.3347,2957947,gneiss,Proterozoic,2050.0
2.9431,6.3347,2957947,gneiss,Proterozoic,2050.0
3.1215,6.3347,2957947,gneiss,Proterozoic,2050.0
3.2999,6.3347,2957947,gneiss,Proterozoic,2050.0
3.4783,6.3347,2957947,gneiss,Proterozoic,2050.0
3.6566,6.3347,2957947,gneiss,Proterozoic,2050.0
3.8350,6.3347,2957947,gneiss,Proterozoic,2050.0
4.0134,6.3347,2957947,gneiss,Proterozoic,2050.0
4.1917,6.3347,2957947,gneiss,Proterozoic,2050.0
4.3701,6.3347,2957947,gneiss,Proterozoic,2050.0
4.5485,6.3347,2957947,gneiss,Proterozoic,2050.0
4.7269,6.3347,2855882,gneiss,Proterozoic,2050.0
4.9052,6.3347,2855882,gneiss,Proterozoic,2050.0
5.0836,6.3347,2855882,gneiss,Proterozoic,2050.0
5.2620,6.3347,2855882,gneiss,Proterozoic,2050.0
5.4403,6.3347,2855882,gneiss,Proterozoic,2050.0
5.6187,6.3347,2855882,gneiss,Proterozoic,2050.0
5.7971,6.3347,2855882,gneiss,Proterozoic,2050.0
5.9755,6.3347,2855882,gneiss,Proterozoic,2050.0
6.1538,6.3347,2855882,gneiss,Proterozoic,2050.0
6.3322,6.3347,2855882,gneiss,Proterozoic,2050.0
6.5106,6.3347,2855882,gneiss,Proterozoic,2050.0
6.6889,6.3347,2855882,gneiss,Proterozoic,2050.0
6.8673,6.3347,2855882,gneiss,Proterozoic,2050.0
7.0457,6.3347,2855882,gneiss,Proterozoic,2050.0
7.2241,6.3347,2957947,gneiss,Proterozoic,2050.0
7.4024,6.3347,2957947,gneiss,Proterozoic,2050.0
7.5808,6.3347,2855882,gneiss,Proterozoic,2050.0
7.7592,6.3347,2855882,gneiss,Proterozoic,2050.0
7.9376,6.3347,2855882,gneiss,Proterozoic,2050.0
8.1159,6.3347,2855882,gneiss,Proterozoic,2050.0
8.2943,6.3347,2855882,gneiss,Proterozoic,2050.0
8.4727,6.3347,2855882,gneiss,Proterozoic,2050.0
8.6510,6.3347,2855882,gneiss,Proterozoic,2050.0
8.8294,6.3347,2855882,gneiss,Proterozoic,2050.0
9.0078,6.3347,2855882,gneiss,Proterozoic,2050.0
9.1862,6.3347,2855882,gneiss,Proterozoic,2050.0
9.3645,6.3347,2855882,gneiss,Proterozoic,2050.0
9.5429,6.3347,2855882,gneiss,Proterozoic,2050.0
9.7213,6.3347,2855882,gneiss,Proterozoic,2050.0
9.8996,6.3347,2855882,gneiss,Proterozoic,2050.0
10.0780,6.3347,2855882,gneiss,Proterozoic,2050.0
10.2564,6.3347,2855882,gneiss,Proterozoic,2050.0
10.4348,6.3347,2855882,gneiss,Proterozoic,2050.0
10.6131,6.3347,2855882,gneiss,Proterozoic,2050.0
10.7915,6.3347,2855882,gneiss,Proterozoic,2050.0
10.9699,6.3347,2855882,gneiss,Proterozoic,2050.0
11.1482,6.3347,2855882,gneiss,Proterozoic,2050.0
11.3266,6.3347,2855882,gneiss,Proterozoic,2050.0
11.5050,6.3347,2855882,gneiss,Proterozoic,2050.0
11.6834,6.3347,2855882,gneiss,Proterozoic,2050.0
11.8617,6.3347,2855882,gneiss,Proterozoic,2050.0
12.0401,6.3347,2855882,gneiss,Proterozoic,2050.0
12.2185,6.3347,2855882,gneiss,Proterozoic,2050.0
12.3968,6.3347,2855882,gneiss,Proterozoic,2050.0
12.5752,6.3347,2813702,sandstone,Paleozoic,307.4
12.7536,6.3347,2813702,sandstone,Paleozoic,307.4
12.9320,6.3347,2813702,sandstone,Paleozoic,307.4
13.1103,6.3347,2813702,sandstone,Paleozoic,307.4
13.2887,6.3347,3014794,sandstone,Paleozoic,263.9
13.4671,6.3347,3014794,sandstone,Paleozoic,263.9
13.6455,6.3347,3014794,sandstone,Paleozoic,263.9
13.8238,6.3347,3014794,sandstone,Paleozoic,263.9
14.0022,6.3347,2855586,sandstone,Mesozoic,132.0
14.1806,6.3347,2855586,sandstone,Mesozoic,132.0
14.3589,6.3347,2740920,shale,Mesozoic,92.4
14.5373,6.3347,2740920,shale,Mesozoic,92.4
14.7157,6.3347,2740920,shale,Mesozoic,92.4
14.8941,6.3347,2809559,shale,Mesozoic,79.6
15.0724,6.3347,2809559,shale,Mesozoic,79.6
15.2508,6.3347,2809559,shale,Mesozoic,79.6
15.4292,6.3347,2843189,shale,Mesozoic,79.6
15.6075,6.3347,2843189,shale,Mesozoic,79.6
15.7859,6.3347,2843189,shale,Mesozoic,79.6
15.9643,6.3347,2822474,shale,Mesozoic,79.6
16.1427,6.3347,2822474,shale,Mesozoic,79.6
16.3210,6.3347,2822474,shale,Mesozoic,79.6
16.4994,6.3347,2822474,shale,Mesozoic,79.6
16.6778,6.3347,2822474,shale,Mesozoic,79.6
16.8561,6.3347,3006567,sandstone,Mesozoic,72.0
17.0345,6.3347,3006567,sandstone,Mesozoic,72.0
17.2129,6.3347,3006567,sandstone,Mesozoic,72.0
17.3913,6.3347,3006567,sandstone,Mesozoic,72.0
17.5696,6.3347,3006567,sandstone,Mesozoic,72.0
17.7480,6.3347,2954406,sandstone,Mesozoic,67.2
17.9264,6.3347,2954406,sandstone,Mesozoic,67.2
18.1048,6.3347,2954406,sandstone,Mesozoic,67.2
18.2831,6.3347,2954406,sandstone,Mesozoic,67.2
18.4615,6.3347,2954406,sandstone,Mesozoic,67.2
18.6399,6.3347,2954406,sandstone,Mesozoic,67.2
18.8182,6.3347,2954406,sandstone,Mesozoic,67.2
18.9966,6.3347,2954406,sandstone,Mesozoic,67.2
19.1750,6.3347,2954406,sandstone,Mesozoic,67.2
19.3534,6.3347,2954406,sandstone,Mesozoic,67.2
19.5317,6.3347,2954406,sandstone,Mesozoic,67.2
19.7101,6.3347,2954406,sandstone,Mesozoic,67.2
19.8885,6.3347,2954406,sandstone,Mesozoic,67.2
20.0668,6.3347,2954406,sandstone,Mesozoic,67.2
20.2452,6.3347,2954406,sandstone,Mesozoic,67.2
20.4236,6.3347,2954406,sandstone,Mesozoic,67.2
20.6020,6.3347,2818367,alluvium,Cenozoic,1.0
20.7803,6.3347,2818367,alluvium,Cenozoic,1.0
20.9587,6.3347,2818367,alluvium,Cenozoic,1.0
21.1371,6.3347,2818367,alluvium,Cenozoic,1.0
21.3154,6.3347,2818367,alluvium,Cenozoic,1.0
0.0892,6.5651,2957947,gneiss,Proterozoic,2050.0
0.2676,6.5651,2957947,gneiss,Proterozoic,2050.0
0.4459,6.5651,2957947,gneiss,Proterozoic,2050.0
0.6243,6.5651,2957947,gneiss,Proterozoic,2050.0
0.8027,6.5651,2957947,gneiss,Proterozoic,2050.0
0.9810,6.5651,2957947,gneiss,Proterozoic,2050.0
1.1594,6.5651,2957947,gneiss,Proterozoic,2050.0
1.3378,6.5651,2957947,gneiss,Proterozoic,2050.0
1.5162,6.5651,2957947,gneiss,Proterozoic,2050.0
1.6945,6.5651,2957947,gneiss,Proterozoic,2050.0
1.8729,6.5651,2957947,gneiss,Proterozoic,2050.0
2.0513,6.5651,2957947,gneiss,Proterozoic,2050.0
2.2296,6.5651,2957947,gneiss,Proterozoic,2050.0
2.4080,6.5651,2957947,gneiss,Proterozoic,2050.0
2.5864,6.5651,2957947,gneiss,Proterozoic,2050.0
2.7648,6.5651,2957947,gneiss,Proterozoic,2050.0
2.9431,6.5651,2957947,gneiss,Proterozoic,2050.0
3.1215,6.5651,2957947,gneiss,Proterozoic,2050.0
3.2999,6.5651,2957947,gneiss,Proterozoic,2050.0
3.4783,6.5651,2957947,gneiss,Proterozoic,2050.0
3.6566,6.5651,2957947,gneiss,Proterozoic,2050.0
3.8350,6.5651,2957947,gneiss,Proterozoic,2050.0
4.0134,6.5651,2957947,gneiss,Proterozoic,2050.0
4.1917,6.5651,2957947,gneiss,Proterozoic,2050.0
4.3701,6.5651,2957947,gneiss,Proterozoic,2050.0
4.5485,6.5651,2855882,gneiss,Proterozoic,2050.0
4.7269,6.5651,2855882,gneiss,Proterozoic,2050.0
4.9052,6.5651,2855882,gneiss,Proterozoic,2050.0
5.0836,6.5651,2855882,gneiss,Proterozoic,2050.0
5.2620,6.5651,2855882,gneiss,Proterozoic,2050.0
5.4403,6.5651,2855882,gneiss,Proterozoic,2050.0
5.6187,6.5651,2855882,gneiss,Proterozoic,2050.0
5.7971,6.5651,2855882,gneiss,Proterozoic,2050.0
5.9755,6.5651,2855882,gneiss,Proterozoic,2050.0
6.1538,6.5651,2855882,gneiss,Proterozoic,2050.0
6.3322,6.5651,2855882,gneiss,Proterozoic,2050.0
6.5106,6.5651,2855882,gneiss,Proterozoic,2050.0
6.6889,6.5651,2855882,gneiss,Proterozoic,2050.0
6.8673,6.5651,2957947,gneiss,Proterozoic,2050.0
7.0457,6.5651,2957947,gneiss,Proterozoic,2050.0
7.2241,6.5651,2957947,gneiss,Proterozoic,2050.0
7.4024,6.5651,2957947,gneiss,Proterozoic,2050.0
7.5808,6.5651,2855882,gneiss,Proterozoic,2050.0
7.7592,6.5651,2855882,gneiss,Proterozoic,2050.0
7.9376,6.5651,2855882,gneiss,Proterozoic,2050.0
8.1159,6.5651,2855882,gneiss,Proterozoic,2050.0
8.2943,6.5651,2855882,gneiss,Proterozoic,2050.0
8.4727,6.5651,2855882,gneiss,Proterozoic,2050.0
8.6510,6.5651,2855882,gneiss,Proterozoic,2050.0
8.8294,6.5651,2855882,gneiss,Proterozoic,2050.0
9.0078,6.5651,2855882,gneiss,Proterozoic,2050.0
9.1862,6.5651,2855882,gneiss,Proterozoic,2050.0
9.3645,6.5651,2855882,gneiss,Proterozoic,2050.0
9.5429,6.5651,2855882,gneiss,Proterozoic,2050.0
9.7213,6.5651,2855882,gneiss,Proterozoic,2050.0
9.8996,6.5651,2855882,gneiss,Proterozoic,2050.0
10.0780,6.5651,2855882,gneiss,Proterozoic,2050.0
10.2564,6.5651,2855882,gneiss,Proterozoic,2050.0
10.4348,6.5651,2855882,gneiss,Proterozoic,2050.0
10.6131,6.5651,2855882,gneiss,Proterozoic,2050.0
10.7915,6.5651,2855882,gneiss,Proterozoic,2050.0
10.9699,6.5651,2855882,gneiss,Proterozoic,2050.0
11.1482,6.5651,2855882,gneiss,Proterozoic,2050.0
11.3266,6.5651,2855882,gneiss,Proterozoic,2050.0
11.5050,6.5651,2855882,gneiss,Proterozoic,2050.0
11.6834,6.5651,2855882,gneiss,Proterozoic,2050.0
11.8617,6.5651,2855882,gneiss,Proterozoic,2050.0
12.0401,6.5651,2855882,gneiss,Proterozoic,2050.0
12.2185,6.5651,2855882,gneiss,Proterozoic,2050.0
12.3968,6.5651,2813702,sandstone,Paleozoic,307.4
12.5752,6.5651,2813702,sandstone,Paleozoic,307.4
12.7536,6.5651,2813702,sandstone,Paleozoic,307.4
12.9320,6.5651,2813702,sandstone,Paleozoic,307.4
13.1103,6.5651,3014794,sandstone,Paleozoic,263.9
13.2887,6.5651,3014794,sandstone,Paleozoic,263.9
13.4671,6.5651,3014794,sandstone,Paleozoic,263.9
13.6455,6.5651,3014794,sandstone,Paleozoic,263.9
13.8238,6.5651,2855586,sandstone,Mesozoic,132.0
14.0022,6.5651,2855586,sandstone,Mesozoic,132.0
14.1806,6.5651,2855586,sandstone,Mesozoic,132.0
14.3589,6.5651,2740920,shale,Mesozoic,92.4
14.5373,6.5651,2740920,shale,Mesozoic,92.4
14.7157,6.5651,2740920,shale,Mesozoic,92.4
14.8941,6.5651,2809559,shale,Mesozoic,79.6
15.0724,6.5651,2809559,shale,Mesozoic,79.6
15.2508,6.5651,2809559,shale,Mesozoic,79.6
15.4292,6.5651,2843189,shale,Mesozoic,79.6
15.6075,6.5651,2843189,shale,Mesozoic,79.6
15.7859,6.5651,2822474,shale,Mesozoic,79.6
15.9643,6.5651,2822474,shale,Mesozoic,79.6
16.1427,6.5651,2822474,shale,Mesozoic,79.6
16.3210,6.5651,2822474,shale,Mesozoic,79.6
16.4994,6.5651,3006567,sandstone,Mesozoic,72.0
16.6778,6.5651,3006567,sandstone,Mesozoic,72.0
16.8561,6.5651,3006567,sandstone,Mesozoic,72.0
17.0345,6.5651,3006567,sandstone,Mesozoic,72.0
17.2129,6.5651,3006567,sandstone,Mesozoic,72.0
17.3913,6.5651,2954406,sandstone,Mesozoic,67.2
17.5696,6.5651,2954406,sandstone,Mesozoic,67.2
17.7480,6.5651,2954406,sandstone,Mesozoic,67.2
17.9264,6.5651,2954406,sandstone,Mesozoic,67.2
18.1048,6.5651,2954406,sandstone,Mesozoic,67.2
18.2831,6.5651,2954406,sandstone,Mesozoic,67.2
18.4615,6.5651,2954406,sandstone,Mesozoic,67.2
18.6399,6.5651,2954406,sandstone,Mesozoic,67.2
18.8182,6.5651,2954406,sandstone,Mesozoic,67.2
18.9966,6.5651,2954406,sandstone,Mesozoic,67.2
19.1750,6.5651,2954406,sandstone,Mesozoic,67.2
19.3534,6.5651,2954406,sandstone,Mesozoic,67.2
19.5317,6.5651,2954406,sandstone,Mesozoic,67.2
19.7101,6.5651,2954406,sandstone,Mesozoic,67.2
19.8885,6.5651,2954406,sandstone,Mesozoic,67.2
20.0668,6.5651,2954406,sandstone,Mesozoic,67.2
20.2452,6.5651,2954406,sandstone,Mesozoic,67.2
20.4236,6.5651,2954406,sandstone,Mesozoic,67.2
20.6020,6.5651,2818367,alluvium,Cenozoic,1.0
20.7803,6.5651,2818367,alluvium,Cenozoic,1.0
20.9587,6.5651,2818367,alluvium,Cenozoic,1.0
21.1371,6.5651,2818367,alluvium,Cenozoic,1.0
21.3154,6.5651,2818367,alluvium,Cenozoic,1.0
0.0892,6.7954,2957947,gneiss,Proterozoic,2050.0
0.2676,6.7954,2957947,gneiss,Proterozoic,2050.0
0.4459,6.7954,2957947,gneiss,Proterozoic,2050.0
0.6243,6.7954,2957947,gneiss,Proterozoic,2050.0
0.8027,6.7954,2957947,gneiss,Proterozoic,2050.0
0.9810,6.7954,2957947,gneiss,Proterozoic,2050.0
1.1594,6.7954,2957947,gneiss,Proterozoic,2050.0
1.3378,6.7954,2957947,gneiss,Proterozoic,2050.0
1.5162,6.7954,2957947,gneiss,Proterozoic,2050.0
1.6945,6.7954,2957947,gneiss,Proterozoic,2050.0
1.8729,6.7954,2957947,gneiss,Proterozoic,2050.0
2.0513,6.7954,2957947,gneiss,Proterozoic,2050.0
2.2296,6.7954,2957947,gneiss,Proterozoic,2050.0
2.4080,6.7954,2957947,gneiss,Proterozoic,2050.0
2.5864,6.7954,2957947,gneiss,Proterozoic,2050.0
2.7648,6.7954,2957947,gneiss,Proterozoic,2050.0
2.9431,6.7954,2957947,gneiss,Proterozoic,2050.0
3.1215,6.7954,2957947,gneiss,Proterozoic,2050.0
3.2999,6.7954,2957947,gneiss,Proterozoic,2050.0
3.4783,6.7954,2957947,gneiss,Proterozoic,2050.0
3.6566,6.7954,2957947,gneiss,Proterozoic,2050.0
3.8350,6.7954,2957947,gneiss,Proterozoic,2050.0
4.0134,6.7954,2957947,gneiss,Proterozoic,2050.0
4.1917,6.7954,2957947,gneiss,Proterozoic,2050.0
4.3701,6.7954,2957947,gneiss,Proterozoic,2050.0
4.5485,6.7954,2855882,gneiss,Proterozoic,2050.0
4.7269,6.7954,2855882,gneiss,Proterozoic,2050.0
4.9052,6.7954,2855882,gneiss,Proterozoic,2050.0
5.0836,6.7954,2855882,gneiss,Proterozoic,2050.0
5.2620,6.7954,2855882,gneiss,Proterozoic,2050.0
5.4403,6.7954,2855882,gneiss,Proterozoic,2050.0
5.6187,6.7954,2855882,gneiss,Proterozoic,2050.0
5.7971,6.7954,2855882,gneiss,Proterozoic,2050.0
5.9755,6.7954,2855882,gneiss,Proterozoic,2050.0
6.1538,6.7954,2855882,gneiss,Proterozoic,2050.0
6.3322,6.7954,2957947,gneiss,Proterozoic,2050.0
6.5106,6.7954,2957947,gneiss,Proterozoic,2050.0
6.6889,6.7954,2957947,gneiss,Proterozoic,2050.0
6.8673,6.7954,2957947,gneiss,Proterozoic,2050.0
7.0457,6.7954,2957947,gneiss,Proterozoic,2050.0
7.2241,6.7954,2957947,gneiss,Proterozoic,2050.0
7.4024,6.7954,2855882,gneiss,Proterozoic,2050.0
7.5808,6.7954,2855882,gneiss,Proterozoic,2050.0
7.7592,6.7954,2855882,gneiss,Proterozoic,2050.0
7.9376,6.7954,2855882,gneiss,Proterozoic,2050.0
8.1159,6.7954,2855882,gneiss,Proterozoic,2050.0
8.2943,6.7954,2855882,gneiss,Proterozoic,2050.0
8.4727,6.7954,2855882,gneiss,Proterozoic,2050.0
8.6510,6.7954,2855882,gneiss,Proterozoic,2050.0
8.8294,6.7954,2855882,gneiss,Proterozoic,2050.0
9.0078,6.7954,2855882,gneiss,Proterozoic,2050.0
9.1862,6.7954,2855882,gneiss,Proterozoic,2050.0
9.3645,6.7954,2855882,gneiss,Proterozoic,2050.0
9.5429,6.7954,2855882,gneiss,Proterozoic,2050.0
9.7213,6.7954,2855882,gneiss,Proterozoic,2050.0
9.8996,6.7954,2855882,gneiss,Proterozoic,2050.0
10.0780,6.7954,2855882,gneiss,Proterozoic,2050.0
10.2564,6.7954,2855882,gneiss,Proterozoic,2050.0
10.4348,6.7954,2855882,gneiss,Proterozoic,2050.0
10.6131,6.7954,2855882,gneiss,Proterozoic,2050.0
10.7915,6.7954,2855882,gneiss,Proterozoic,2050.0
10.9699,6.7954,2855882,gneiss,Proterozoic,2050.0
11.1482,6.7954,2855882,gneiss,Proterozoic,2050.0
11.3266,6.7954,2855882,gneiss,Proterozoic,2050.0
11.5050,6.7954,2855882,gneiss,Proterozoic,2050.0
11.6834,6.7954,2855882,gneiss,Proterozoic,2050.0
11.8617,6.7954,2855882,gneiss,Proterozoic,2050.0
12.0401,6.7954,2855882,gneiss,Proterozoic,2050.0
12.2185,6.7954,2855882,gneiss,Proterozoic,2050.0
12.3968,6.7954,2813702,sandstone,Paleozoic,307.4
12.5752,6.7954,2813702,sandstone,Paleozoic,307.4
12.7536,6.7954,2813702,sandstone,Paleozoic,307.4
12.9320,6.7954,2813702,sandstone,Paleozoic,307.4
13.1103,6.7954,3014794,sandstone,Paleozoic,263.9
13.2887,6.7954,3014794,sandstone,Paleozoic,263.9
13.4671,6.7954,3014794,sandstone,Paleozoic,263.9
13.6455,6.7954,3014794,sandstone,Paleozoic,263.9
13.8238,6.7954,2855586,sandstone,Mesozoic,132.0
14.0022,6.7954,2855586,sandstone,Mesozoic,132.0
14.1806,6.7954,2740920,shale,Mesozoic,92.4
14.3589,6.7954,2740920,shale,Mesozoic,92.4
14.5373,6.7954,2740920,shale,Mesozoic,92.4
14.7157,6.7954,2740920,shale,Mesozoic,92.4
14.8941,6.7954,2809559,shale,Mesozoic,79.6
15.0724,6.7954,2809559,shale,Mesozoic,79.6
15.2508,6.7954,2809559,shale,Mesozoic,79.6
15.4292,6.7954,2843189,shale,Mesozoic,79.6
15.6075,6.7954,2822474,shale,Mesozoic,79.6
15.7859,6.7954,2822474,shale,Mesozoic,79.6
15.9643,6.7954,2822474,shale,Mesozoic,79.6
16.1427,6.7954,2822474,shale,Mesozoic,79.6
16.3210,6.7954,3006567,sandstone,Mesozoic,72.0
16.4994,6.7954,3006567,sandstone,Mesozoic,72.0
16.6778,6.7954,3006567,sandstone,Mesozoic,72.0
16.8561,6.7954,3006567,sandstone,Mesozoic,72.0
17.0345,6.7954,2954406,sandstone,Mesozoic,67.2
17.2129,6.7954,2954406,sandstone,Mesozoic,67.2
17.3913,6.7954,2954406,sandstone,Mesozoic,67.2
17.5696,6.7954,2954406,sandstone,Mesozoic,67.2
17.7480,6.7954,2954406,sandstone,Mesozoic,67.2
17.9264,6.7954,2954406,sandstone,Mesozoic,67.2
18.1048,6.7954,2954406,sandstone,Mesozoic,67.2
18.2831,6.7954,2954406,sandstone,Mesozoic,67.2
18.4615,6.7954,2954406,sandstone,Mesozoic,67.2
18.6399,6.7954,2954406,sandstone,Mesozoic,67.2
18.8182,6.7954,2954406,sandstone,Mesozoic,67.2
18.9966,6.7954,2966014,alluvium,Cenozoic,1.3
19.1750,6.7954,2966014,alluvium,Cenozoic,1.3
19.3534,6.7954,2966014,alluvium,Cenozoic,1.3
19.5317,6.7954,2966014,alluvium,Cenozoic,1.3
19.7101,6.7954,2966014,alluvium,Cenozoic,1.3
19.8885,6.7954,2966014,alluvium,Cenozoic,1.3
20.0668,6.7954,2966014,alluvium,Cenozoic,1.3
20.2452,6.7954,2966014,alluvium,Cenozoic,1.3
20.4236,6.7954,2954406,sandstone,Mesozoic,67.2
20.6020,6.7954,2818367,alluvium,Cenozoic,1.0
20.7803,6.7954,2818367,alluvium,Cenozoic,1.0
20.9587,6.7954,2818367,alluvium,Cenozoic,1.0
21.1371,6.7954,2818367,alluvium,Cenozoic,1.0
21.3154,6.7954,2818367,alluvium,Cenozoic,1.0
0.0892,7.0258,2957947,gneiss,Proterozoic,2050.0
0.2676,7.0258,2957947,gneiss,Proterozoic,2050.0
0.4459,7.0258,2957947,gneiss,Proterozoic,2050.0
0.6243,7.0258,2957947,gneiss,Proterozoic,2050.0
0.8027,7.0258,2957947,gneiss,Proterozoic,2050.0
0.9810,7.0258,2957947,gneiss,Proterozoic,2050.0
1.1594,7.0258,2957947,gneiss,Proterozoic,2050.0
1.3378,7.0258,2957947,gneiss,Proterozoic,2050.0
1.5162,7.0258,2957947,gneiss,Proterozoic,2050.0
1.6945,7.0258,2957947,gneiss,Proterozoic,2050.0
1.8729,7.0258,2957947,gneiss,Proterozoic,2050.0
2.0513,7.0258,2957947,gneiss,Proterozoic,2050.0
2.2296,7.0258,2957947,gneiss,Proterozoic,2050.0
2.4080,7.0258,2957947,gneiss,Proterozoic,2050.0
2.5864,7.0258,2957947,gneiss,Proterozoic,2050.0
2.7648,7.0258,2957947,gneiss,Proterozoic,2050.0
2.9431,7.0258,2957947,gneiss,Proterozoic,2050.0
3.1215,7.0258,2957947,gneiss,Proterozoic,2050.0
3.2999,7.0258,2957947,gneiss,Proterozoic,2050.0
3.4783,7.0258,2957947,gneiss,Proterozoic,2050.0
3.6566,7.0258,2957947,gneiss,Proterozoic,2050.0
3.8350,7.0258,2957947,gneiss,Proterozoic,2050.0
4.0134,7.0258,2957947,gneiss,Proterozoic,2050.0
4.1917,7.0258,2957947,gneiss,Proterozoic,2050.0
4.3701,7.0258,2957947,gneiss,Proterozoic,2050.0
4.5485,7.0258,2957947,gneiss,Proterozoic,2050.0
4.7269,7.0258,2855882,gneiss,Proterozoic,2050.0
4.9052,7.0258,2855882,gneiss,Proterozoic,2050.0
5.0836,7.0258,2855882,gneiss,Proterozoic,2050.0
5.2620,7.0258,2855882,gneiss,Proterozoic,2050.0
5.4403,7.0258,2855882,gneiss,Proterozoic,2050.0
5.6187,7.0258,2855882,gneiss,Proterozoic,2050.0
5.7971,7.0258,2957947,gneiss,Proterozoic,2050.0
5.9755,7.0258,2957947,gneiss,Proterozoic,2050.0
6.1538,7.0258,2957947,gneiss,Proterozoic,2050.0
6.3322,7.0258,2957947,gneiss,Proterozoic,2050.0
6.5106,7.0258,2957947,gneiss,Proterozoic,2050.0
6.6889,7.0258,2957947,gneiss,Proterozoic,2050.0
6.8673,7.0258,2957947,gneiss,Proterozoic,2050.0
7.0457,7.0258,2855882,gneiss,Proterozoic,2050.0
7.2241,7.0258,2855882,gneiss,Proterozoic,2050.0
7.4024,7.0258,2855882,gneiss,Proterozoic,2050.0
7.5808,7.0258,2855882,gneiss,Proterozoic,2050.0
7.7592,7.0258,2855882,gneiss,Proterozoic,2050.0
7.9376,7.0258,2855882,gneiss,Proterozoic,2050.0
8.1159,7.0258,2855882,gneiss,Proterozoic,2050.0
8.2943,7.0258,2855882,gneiss,Proterozoic,2050.0
8.4727,7.0258,2855882,gneiss,Proterozoic,2050.0
8.6510,7.0258,2855882,gneiss,Proterozoic,2050.0
8.8294,7.0258,2855882,gneiss,Proterozoic,2050.0
9.0078,7.0258,2855882,gneiss,Proterozoic,2050.0
9.1862,7.0258,2855882,gneiss,Proterozoic,2050.0
9.3645,7.0258,2855882,gneiss,Proterozoic,2050.0
9.5429,7.0258,2855882,gneiss,Proterozoic,2050.0
9.7213,7.0258,2855882,gneiss,Proterozoic,2050.0
9.8996,7.0258,2855882,gneiss,Proterozoic,2050.0
10.0780,7.0258,2855882,gneiss,Proterozoic,2050.0
10.2564,7.0258,2855882,gneiss,Proterozoic,2050.0
10.4348,7.0258,2855882,gneiss,Proterozoic,2050.0
10.6131,7.0258,2855882,gneiss,Proterozoic,2050.0
10.7915,7.0258,2855882,gneiss,Proterozoic,2050.0
10.9699,7.0258,2855882,gneiss,Proterozoic,2050.0
11.1482,7.0258,2855882,gneiss,Proterozoic,2050.0
11.3266,7.0258,2855882,gneiss,Proterozoic,2050.0
11.5050,7.0258,2855882,gneiss,Proterozoic,2050.0
11.6834,7.0258,2855882,gneiss,Proterozoic,2050.0
11.8617,7.0258,2855882,gneiss,Proterozoic,2050.0
12.0401,7.0258,2855882,gneiss,Proterozoic,2050.0
12.2185,7.0258,2813702,sandstone,Paleozoic,307.4
12.3968,7.0258,2813702,sandstone,Paleozoic,307.4
12.5752,7.0258,2813702,sandstone,Paleozoic,307.4
12.7536,7.0258,2813702,sandstone,Paleozoic,307.4
12.9320,7.0258,2813702,sandstone,Paleozoic,307.4
13.1103,7.0258,3014794,sandstone,Paleozoic,263.9
13.2887,7.0258,3014794,sandstone,Paleozoic,263.9
13.4671,7.0258,3014794,sandstone,Paleozoic,263.9
13.6455,7.0258,2855586,sandstone,Mesozoic,132.0
13.8238,7.0258,2855586,sandstone,Mesozoic,132.0
14.0022,7.0258,2855586,sandstone,Mesozoic,132.0
14.1806,7.0258,2740920,shale,Mesozoic,92.4
14.3589,7.0258,2740920,shale,Mesozoic,92.4
14.5373,7.0258,2740920,shale,Mesozoic,92.4
14.7157,7.0258,2740920,shale,Mesozoic,92.4
14.8941,7.0258,2809559,shale,Mesozoic,79.6
15.0724,7.0258,2809559,shale,Mesozoic,79.6
15.2508,7.0258,2809559,shale,Mesozoic,79.6
15.4292,7.0258,2822474,shale,Mesozoic,79.6
15.6075,7.0258,2822474,shale,Mesozoic,79.6
15.7859,7.0258,2822474,shale,Mesozoic,79.6
15.9643,7.0258,2822474,shale,Mesozoic,79.6
16.1427,7.0258,3006567,sandstone,Mesozoic,72.0
16.3210,7.0258,3006567,sandstone,Mesozoic,72.0
16.4994,7.0258,3006567,sandstone,Mesozoic,72.0
16.6778,7.0258,2954406,sandstone,Mesozoic,67.2
16.8561,7.0258,2954406,sandstone,Mesozoic,67.2
17.0345,7.0258,2954406,sandstone,Mesozoic,67.2
17.2129,7.0258,2954406,sandstone,Mesozoic,67.2
17.3913,7.0258,2954406,sandstone,Mesozoic,67.2
17.5696,7.0258,2954406,sandstone,Mesozoic,67.2
17.7480,7.0258,2954406,sandstone,Mesozoic,67.2
17.9264,7.0258,2954406,sandstone,Mesozoic,67.2
18.1048,7.0258,2954406,sandstone,Mesozoic,67.2
18.2831,7.0258,2954406,sandstone,Mesozoic,67.2
18.4615,7.0258,2954406,sandstone,Mesozoic,67.2
18.6399,7.0258,2954406,sandstone,Mesozoic,67.2
18.8182,7.0258,2954406,sandstone,Mesozoic,67.2
18.9966,7.0258,2954406,sandstone,Mesozoic,67.2
19.1750,7.0258,2954406,sandstone,Mesozoic,67.2
19.3534,7.0258,2954406,sandstone,Mesozoic,67.2
19.5317,7.0258,2954406,sandstone,Mesozoic,67.2
19.7101,7.0258,2954406,sandstone,Mesozoic,67.2
19.8885,7.0258,2966014,alluvium,Cenozoic,1.3
20.0668,7.0258,2966014,alluvium,Cenozoic,1.3
20.2452,7.0258,2966014,alluvium,Cenozoic,1.3
20.4236,7.0258,2966014,alluvium,Cenozoic,1.3
20.6020,7.0258,2966014,alluvium,Cenozoic,1.3
20.7803,7.0258,2966014,alluvium,Cenozoic,1.3
20.9587,7.0258,2966014,alluvium,Cenozoic,1.3
21.1371,7.0258,2966014,alluvium,Cenozoic,1.3
21.3154,7.0258,2966014,alluvium,Cenozoic,1.3
0.0892,7.2562,2957947,gneiss,Proterozoic,2050.0
0.2676,7.2562,2957947,gneiss,Proterozoic,2050.0
0.4459,7.2562,2957947,gneiss,Proterozoic,2050.0
0.6243,7.2562,2957947,gneiss,Proterozoic,2050.0
0.8027,7.2562,2957947,gneiss,Proterozoic,2050.0
0.9810,7.2562,2957947,gneiss,Proterozoic,2050.0
1.1594,7.2562,2957947,gneiss,Proterozoic,2050.0
1.3378,7.2562,2957947,gneiss,Proterozoic,2050.0
1.5162,7.2562,2957947,gneiss,Proterozoic,2050.0
1.6945,7.2562,2957947,gneiss,Proterozoic,2050.0
1.8729,7.2562,2957947,gneiss,Proterozoic,2050.0
2.0513,7.2562,2957947,gneiss,Proterozoic,2050.0
2.2296,7.2562,2957947,gneiss,Proterozoic,2050.0
2.4080,7.2562,2957947,gneiss,Proterozoic,2050.0
2.5864,7.2562,2957947,gneiss,Proterozoic,2050.0
2.7648,7.2562,2957947,gneiss,Proterozoic,2050.0
2.9431,7.2562,2957947,gneiss,Proterozoic,2050.0
3.1215,7.2562,2957947,gneiss,Proterozoic,2050.0
3.2999,7.2562,2957947,gneiss,Proterozoic,2050.0
3.4783,7.2562,2957947,gneiss,Proterozoic,2050.0
3.6566,7.2562,2957947,gneiss,Proterozoic,2050.0
3.8350,7.2562,2957947,gneiss,Proterozoic,2050.0
4.0134,7.2562,2957947,gneiss,Proterozoic,2050.0
4.1917,7.2562,2957947,gneiss,Proterozoic,2050.0
4.3701,7.2562,2957947,gneiss,Proterozoic,2050.0
4.5485,7.2562,2957947,gneiss,Proterozoic,2050.0
4.7269,7.2562,2957947,gneiss,Proterozoic,2050.0
4.9052,7.2562,2855882,gneiss,Proterozoic,2050.0
5.0836,7.2562,2855882,gneiss,Proterozoic,2050.0
5.2620,7.2562,2855882,gneiss,Proterozoic,2050.0
5.4403,7.2562,2957947,gneiss,Proterozoic,2050.0
5.6187,7.2562,2957947,gneiss,Proterozoic,2050.0
5.7971,7.2562,2957947,gneiss,Proterozoic,2050.0
5.9755,7.2562,2957947,gneiss,Proterozoic,2050.0
6.1538,7.2562,2957947,gneiss,Proterozoic,2050.0
6.3322,7.2562,2957947,gneiss,Proterozoic,2050.0
6.5106,7.2562,2957947,gneiss,Proterozoic,2050.0
6.6889,7.2562,2855882,gneiss,Proterozoic,2050.0
6.8673,7.2562,2855882,gneiss,Proterozoic,2050.0
7.0457,7.2562,2855882,gneiss,Proterozoic,2050.0
7.2241,7.2562,2855882,gneiss,Proterozoic,2050.0
7.4024,7.2562,2855882,gneiss,Proterozoic,2050.0
7.5808,7.2562,2855882,gneiss,Proterozoic,2050.0
7.7592,7.2562,2855882,gneiss,Proterozoic,2050.0
7.9376,7.2562,2855882,gneiss,Proterozoic,2050.0
8.1159,7.2562,2855882,gneiss,Proterozoic,2050.0
8.2943,7.2562,2855882,gneiss,Proterozoic,2050.0
8.4727,7.2562,2855882,gneiss,Proterozoic,2050.0
8.6510,7.2562,2855882,gneiss,Proterozoic,2050.0
8.8294,7.2562,2855882,gneiss,Proterozoic,2050.0
9.0078,7.2562,2855882,gneiss,Proterozoic,2050.0
9.1862,7.2562,2855882,gneiss,Proterozoic,2050.0
9.3645,7.2562,2855882,gneiss,Proterozoic,2050.0
9.5429,7.2562,2855882,gneiss,Proterozoic,2050.0
9.7213,7.2562,2855882,gneiss,Proterozoic,2050.0
9.8996,7.2562,2855882,gneiss,Proterozoic,2050.0
10.0780,7.2562,2855882,gneiss,Proterozoic,2050.0
10.2564,7.2562,2855882,gneiss,Proterozoic,2050.0
10.4348,7.2562,2855882,gneiss,Proterozoic,2050.0
10.6131,7.2562,2855882,gneiss,Proterozoic,2050.0
10.7915,7.2562,2855882,gneiss,Proterozoic,2050.0
10.9699,7.2562,2855882,gneiss,Proterozoic,2050.0
11.1482,7.2562,2855882,gneiss,Proterozoic,2050.0
11.3266,7.2562,2855882,gneiss,Proterozoic,2050.0
11.5050,7.2562,2855882,gneiss,Proterozoic,2050.0
11.6834,7.2562,2855882,gneiss,Proterozoic,2050.0
11.8617,7.2562,2855882,gneiss,Proterozoic,2050.0
12.0401,7.2562,2855882,gneiss,Proterozoic,2050.0
12.2185,7.2562,2813702,sandstone,Paleozoic,307.4
12.3968,7.2562,2813702,sandstone,Paleozoic,307.4
12.5752,7.2562,2813702,sandstone,Paleozoic,307.4
12.7536,7.2562,2813702,sandstone,Paleozoic,307.4
12.9320,7.2562,2813702,sandstone,Paleozoic,307.4
13.1103,7.2562,3014794,sandstone,Paleozoic,263.9
13.2887,7.2562,3014794,sandstone,Paleozoic,263.9
13.4671,7.2562,3014794,sandstone,Paleozoic,263.9
13.6455,7.2562,2855586,sandstone,Mesozoic,132.0
13.8238,7.2562,2855586,sandstone,Mesozoic,132.0
14.0022,7.2562,2855586,sandstone,Mesozoic,132.0
14.1806,7.2562,2740920,shale,Mesozoic,92.4
14.3589,7.2562,2740920,shale,Mesozoic,92.4
14.5373,7.2562,2740920,shale,Mesozoic,92.4
14.7157,7.2562,2809559,shale,Mesozoic,79.6
14.8941,7.2562,2809559,shale,Mesozoic,79.6
15.0724,7.2562,2809559,shale,Mesozoic,79.6
15.2508,7.2562,2822474,shale,Mesozoic,79.6
15.4292,7.2562,2822474,shale,Mesozoic,79.6
15.6075,7.2562,2822474,shale,Mesozoic,79.6
15.7859,7.2562,3006567,sandstone,Mesozoic,72.0
15.9643,7.2562,3006567,sandstone,Mesozoic,72.0
16.1427,7.2562,3006567,sandstone,Mesozoic,72.0
16.3210,7.2562,3006567,sandstone,Mesozoic,72.0
16.4994,7.2562,2954406,sandstone,Mesozoic,67.2
16.6778,7.2562,2954406,sandstone,Mesozoic,67.2
16.8561,7.2562,2954406,sandstone,Mesozoic,67.2
17.0345,7.2562,2954406,sandstone,Mesozoic,67.2
17.2129,7.2562,2954406,sandstone,Mesozoic,67.2
17.3913,7.2562,2954406,sandstone,Mesozoic,67.2
17.5696,7.2562,2954406,sandstone,Mesozoic,67.2
17.7480,7.2562,2954406,sandstone,Mesozoic,67.2
17.9264,7.2562,2954406,sandstone,Mesozoic,67.2
18.1048,7.2562,2954406,sandstone,Mesozoic,67.2
18.2831,7.2562,2954406,sandstone,Mesozoic,67.2
18.4615,7.2562,2954406,sandstone,Mesozoic,67.2
18.6399,7.2562,2954406,sandstone,Mesozoic,67.2
18.8182,7.2562,2954406,sandstone,Mesozoic,67.2
18.9966,7.2562,2954406,sandstone,Mesozoic,67.2
19.1750,7.2562,2954406,sandstone,Mesozoic,67.2
19.3534,7.2562,2954406,sandstone,Mesozoic,67.2
19.5317,7.2562,2954406,sandstone,Mesozoic,67.2
19.7101,7.2562,2954406,sandstone,Mesozoic,67.2
19.8885,7.2562,2954406,sandstone,Mesozoic,67.2
20.0668,7.2562,2954406,sandstone,Mesozoic,67.2
20.2452,7.2562,2954406,sandstone,Mesozoic,67.2
20.4236,7.2562,2954406,sandstone,Mesozoic,67.2
20.6020,7.2562,2954406,sandstone,Mesozoic,67.2
20.7803,7.2562,2966014,alluvium,Cenozoic,1.3
20.9587,7.2562,2966014,alluvium,Cenozoic,1.3
21.1371,7.2562,2966014,alluvium,Cenozoic,1.3
21.3154,7.2562,2966014,alluvium,Cenozoic,1.3
0.0892,7.4865,2957947,gneiss,Proterozoic,2050.0
0.2676,7.4865,2957947,gneiss,Proterozoic,2050.0
0.4459,7.4865,2957947,gneiss,Proterozoic,2050.0
0.6243,7.4865,2957947,gneiss,Proterozoic,2050.0
0.8027,7.4865,2957947,gneiss,Proterozoic,2050.0
0.9810,7.4865,2957947,gneiss,Proterozoic,2050.0
1.1594,7.4865,2957947,gneiss,Proterozoic,2050.0
1.3378,7.4865,2957947,gneiss,Proterozoic,2050.0
1.5162,7.4865,2957947,gneiss,Proterozoic,2050.0
1.6945,7.4865,2957947,gneiss,Proterozoic,2050.0
1.8729,7.4865,2957947,gneiss,Proterozoic,2050.0
2.0513,7.4865,2957947,gneiss,Proterozoic,2050.0
2.2296,7.4865,2957947,gneiss,Proterozoic,2050.0
2.4080,7.4865,2957947,gneiss,Proterozoic,2050.0
2.5864,7.4865,2957947,gneiss,Proterozoic,2050.0
2.7648,7.4865,2957947,gneiss,Proterozoic,2050.0
2.9431,7.4865,2957947,gneiss,Proterozoic,2050.0
3.1215,7.4865,2957947,gneiss,Proterozoic,2050.0
3.2999,7.4865,2957947,gneiss,Proterozoic,2050.0
3.4783,7.4865,2957947,gneiss,Proterozoic,2050.0
3.6566,7.4865,2957947,gneiss,Proterozoic,2050.0
3.8350,7.4865,2957947,gneiss,Proterozoic,2050.0
4.0134,7.4865,2957947,gneiss,Proterozoic,2050.0
4.1917,7.4865,2957947,gneiss,Proterozoic,2050.0
4.3701,7.4865,2957947,gneiss,Proterozoic,2050.0
4.5485,7.4865,2957947,gneiss,Proterozoic,2050.0
4.7269,7.4865,2957947,gneiss,Proterozoic,2050.0
4.9052,7.4865,2957947,gneiss,Proterozoic,2050.0
5.0836,7.4865,2957947,gneiss,Proterozoic,2050.0
5.2620,7.4865,2957947,gneiss,Proterozoic,2050.0
5.4403,7.4865,2957947,gneiss,Proterozoic,2050.0
5.6187,7.4865,2957947,gneiss,Proterozoic,2050.0
5.7971,7.4865,2957947,gneiss,Proterozoic,2050.0
5.9755,7.4865,2957947,gneiss,Proterozoic,2050.0
6.1538,7.4865,2957947,gneiss,Proterozoic,2050.0
6.3322,7.4865,2957947,gneiss,Proterozoic,2050.0
6.5106,7.4865,2957947,gneiss,Proterozoic,2050.0
6.6889,7.4865,2957947,gneiss,Proterozoic,2050.0
6.8673,7.4865,2957947,gneiss,Proterozoic,2050.0
7.0457,7.4865,2957947,gneiss,Proterozoic,2050.0
7.2241,7.4865,2855882,gneiss,Proterozoic,2050.0
7.4024,7.4865,2855882,gneiss,Proterozoic,2050.0
7.5808,7.4865,2855882,gneiss,Proterozoic,2050.0
7.7592,7.4865,2855882,gneiss,Proterozoic,2050.0
7.9376,7.4865,2855882,gneiss,Proterozoic,2050.0
8.1159,7.4865,2855882,gneiss,Proterozoic,2050.0
8.2943,7.4865,2855882,gneiss,Proterozoic,2050.0
8.4727,7.4865,2855882,gneiss,Proterozoic,2050.0
8.6510,7.4865,2855882,gneiss,Proterozoic,2050.0
8.8294,7.4865,2855882,gneiss,Proterozoic,2050.0
9.0078,7.4865,2855882,gneiss,Proterozoic,2050.0
9.1862,7.4865,2855882,gneiss,Proterozoic,2050.0
9.3645,7.4865,2855882,gneiss,Proterozoic,2050.0
9.5429,7.4865,2855882,gneiss,Proterozoic,2050.0
9.7213,7.4865,2855882,gneiss,Proterozoic,2050.0
9.8996,7.4865,2855882,gneiss,Proterozoic,2050.0
10.0780,7.4865,2855882,gneiss,Proterozoic,2050.0
10.2564,7.4865,2855882,gneiss,Proterozoic,2050.0
10.4348,7.4865,2855882,gneiss,Proterozoic,2050.0
10.6131,7.4865,2855882,gneiss,Proterozoic,2050.0
10.7915,7.4865,2855882,gneiss,Proterozoic,2050.0
10.9699,7.4865,2855882,gneiss,Proterozoic,2050.0
11.1482,7.4865,2855882,gneiss,Proterozoic,2050.0
11.3266,7.4865,2855882,gneiss,Proterozoic,2050.0
11.5050,7.4865,2855882,gneiss,Proterozoic,2050.0
11.6834,7.4865,2855882,gneiss,Proterozoic,2050.0
11.8617,7.4865,2855882,gneiss,Proterozoic,2050.0
12.0401,7.4865,2855882,gneiss,Proterozoic,2050.0
12.2185,7.4865,2813702,sandstone,Paleozoic,307.4
12.3968,7.4865,2813702,sandstone,Paleozoic,307.4
12.5752,7.4865,2813702,sandstone,Paleozoic,307.4
12.7536,7.4865,2813702,sandstone,Paleozoic,307.4
12.9320,7.4865,2813702,sandstone,Paleozoic,307.4
13.1103,7.4865,3014794,sandstone,Paleozoic,263.9
13.2887,7.4865,3014794,sandstone,Paleozoic,263.9
13.4671,7.4865,3014794,sandstone,Paleozoic,263.9
13.6455,7.4865,2855586,sandstone,Mesozoic,132.0
13.8238,7.4865,2855586,sandstone,Mesozoic,132.0
14.0022,7.4865,2740920,shale,Mesozoic,92.4
14.1806,7.4865,2740920,shale,Mesozoic,92.4
14.3589,7.4865,2740920,shale,Mesozoic,92.4
14.5373,7.4865,2740920,shale,Mesozoic,92.4
14.7157,7.4865,2809559,shale,Mesozoic,79.6
14.8941,7.4865,2809559,shale,Mesozoic,79.6
15.0724,7.4865,2822474,shale,Mesozoic,79.6
15.2508,7.4865,2822474,shale,Mesozoic,79.6
15.4292,7.4865,2822474,shale,Mesozoic,79.6
15.6075,7.4865,3006567,sandstone,Mesozoic,72.0
15.7859,7.4865,3006567,sandstone,Mesozoic,72.0
15.9643,7.4865,3006567,sandstone,Mesozoic,72.0
16.1427,7.4865,3006567,sandstone,Mesozoic,72.0
16.3210,7.4865,2954406,sandstone,Mesozoic,67.2
16.4994,7.4865,2954406,sandstone,Mesozoic,67.2
16.6778,7.4865,2954406,sandstone,Mesozoic,67.2
16.8561,7.4865,2954406,sandstone,Mesozoic,67.2
17.0345,7.4865,2954406,sandstone,Mesozoic,67.2
17.2129,7.4865,2954406,sandstone,Mesozoic,67.2
17.3913,7.4865,2954406,sandstone,Mesozoic,67.2
17.5696,7.4865,2954406,sandstone,Mesozoic,67.2
17.7480,7.4865,2954406,sandstone,Mesozoic,67.2
17.9264,7.4865,2954406,sandstone,Mesozoic,67.2
18.1048,7.4865,2954406,sandstone,Mesozoic,67.2
18.2831,7.4865,2954406,sandstone,Mesozoic,67.2
18.4615,7.4865,2954406,sandstone,Mesozoic,67.2
18.6399,7.4865,2954406,sandstone,Mesozoic,67.2
18.8182,7.4865,2954406,sandstone,Mesozoic,67.2
18.9966,7.4865,2954406,sandstone,Mesozoic,67.2
19.1750,7.4865,2954406,sandstone,Mesozoic,67.2
19.3534,7.4865,2954406,sandstone,Mesozoic,67.2
19.5317,7.4865,2954406,sandstone,Mesozoic,67.2
19.7101,7.4865,2954406,sandstone,Mesozoic,67.2
19.8885,7.4865,2954406,sandstone,Mesozoic,67.2
20.0668,7.4865,2954406,sandstone,Mesozoic,67.2
20.2452,7.4865,2954406,sandstone,Mesozoic,67.2
20.4236,7.4865,2954406,sandstone,Mesozoic,67.2
20.6020,7.4865,2954406,sandstone,Mesozoic,67.2
20.7803,7.4865,2954406,sandstone,Mesozoic,67.2
20.9587,7.4865,2954406,sandstone,Mesozoic,67.2
21.1371,7.4865,2954406,sandstone,Mesozoic,67.2
21.3154,7.4865,2954406,sandstone,Mesozoic,67.2
0.0892,7.7169,2957947,gneiss,Proterozoic,2050.0
0.2676,7.7169,2957947,gneiss,Proterozoic,2050.0
0.4459,7.7169,2957947,gneiss,Proterozoic,2050.0
0.6243,7.7169,2957947,gneiss,Proterozoic,2050.0
0.8027,7.7169,2957947,gneiss,Proterozoic,2050.0
0.9810,7.7169,2957947,gneiss,Proterozoic,2050.0
1.1594,7.7169,2957947,gneiss,Proterozoic,2050.0
1.3378,7.7169,2957947,gneiss,Proterozoic,2050.0
1.5162,7.7169,2957947,gneiss,Proterozoic,2050.0
1.6945,7.7169,2957947,gneiss,Proterozoic,2050.0
1.8729,7.7169,2957947,gneiss,Proterozoic,2050.0
2.0513,7.7169,2957947,gneiss,Proterozoic,2050.0
2.2296,7.7169,2957947,gneiss,Proterozoic,2050.0
2.4080,7.7169,2957947,gneiss,Proterozoic,2050.0
2.5864,7.7169,2957947,gneiss,Proterozoic,2050.0
2.7648,7.7169,2957947,gneiss,Proterozoic,2050.0
2.9431,7.7169,2957947,gneiss,Proterozoic,2050.0
3.1215,7.7169,2957947,gneiss,Proterozoic,2050.0
3.2999,7.7169,2957947,gneiss,Proterozoic,2050.0
3.4783,7.7169,2957947,gneiss,Proterozoic,2050.0
3.6566,7.7169,2957947,gneiss,Proterozoic,2050.0
3.8350,7.7169,2957947,gneiss,Proterozoic,2050.0
4.0134,7.7169,2957947,gneiss,Proterozoic,2050.0
4.1917,7.7169,2957947,gneiss,Proterozoic,2050.0
4.3701,7.7169,2957947,gneiss,Proterozoic,2050.0
4.5485,7.7169,2957947,gneiss,Proterozoic,2050.0
4.7269,7.7169,2957947,gneiss,Proterozoic,2050.0
4.9052,7.7169,2957947,gneiss,Proterozoic,2050.0
5.0836,7.7169,2957947,gneiss,Proterozoic,2050.0
5.2620,7.7169,2957947,gneiss,Proterozoic,2050.0
5.4403,7.7169,2957947,gneiss,Proterozoic,2050.0
5.6187,7.7169,2957947,gneiss,Proterozoic,2050.0
5.7971,7.7169,2957947,gneiss,Proterozoic,2050.0
5.9755,7.7169,2957947,gneiss,Proterozoic,2050.0
6.1538,7.7169,2957947,gneiss,Proterozoic,2050.0
6.3322,7.7169,2957947,gneiss,Proterozoic,2050.0
6.5106,7.7169,2957947,gneiss,Proterozoic,2050.0
6.6889,7.7169,2855882,gneiss,Proterozoic,2050.0
6.8673,7.7169,2855882,gneiss,Proterozoic,2050.0
7.0457,7.7169,2855882,gneiss,Proterozoic,2050.0
7.2241,7.7169,2855882,gneiss,Proterozoic,2050.0
7.4024,7.7169,2855882,gneiss,Proterozoic,2050.0
7.5808,7.7169,2855882,gneiss,Proterozoic,2050.0
7.7592,7.7169,2855882,gneiss,Proterozoic,2050.0
7.9376,7.7169,2855882,gneiss,Proterozoic,2050.0
8.1159,7.7169,2855882,gneiss,Proterozoic,2050.0
8.2943,7.7169,2855882,gneiss,Proterozoic,2050.0
8.4727,7.7169,2855882,gneiss,Proterozoic,2050.0
8.6510,7.7169,2855882,gneiss,Proterozoic,2050.0
8.8294,7.7169,2855882,gneiss,Proterozoic,2050.0
9.0078,7.7169,2855882,gneiss,Proterozoic,2050.0
9.1862,7.7169,2855882,gneiss,Proterozoic,2050.0
9.3645,7.7169,2855882,gneiss,Proterozoic,2050.0
9.5429,7.7169,2855882,gneiss,Proterozoic,2050.0
9.7213,7.7169,2855882,gneiss,Proterozoic,2050.0
9.8996,7.7169,2855882,gneiss,Proterozoic,2050.0
10.0780,7.7169,2855882,gneiss,Proterozoic,2050.0
10.2564,7.7169,2855882,gneiss,Proterozoic,2050.0
10.4348,7.7169,2855882,gneiss,Proterozoic,2050.0
10.6131,7.7169,2855882,gneiss,Proterozoic,2050.0
10.7915,7.7169,2855882,gneiss,Proterozoic,2050.0
10.9699,7.7169,2855882,gneiss,Proterozoic,2050.0
11.1482,7.7169,2855882,gneiss,Proterozoic,2050.0
11.3266,7.7169,2855882,gneiss,Proterozoic,2050.0
11.5050,7.7169,2855882,gneiss,Proterozoic,2050.0
11.6834,7.7169,2855882,gneiss,Proterozoic,2050.0
11.8617,7.7169,2855882,gneiss,Proterozoic,2050.0
12.0401,7.7169,2855882,gneiss,Proterozoic,2050.0
12.2185,7.7169,2813702,sandstone,Paleozoic,307.4
12.3968,7.7169,2813702,sandstone,Paleozoic,307.4
12.5752,7.7169,2813702,sandstone,Paleozoic,307.4
12.7536,7.7169,2813702,sandstone,Paleozoic,307.4
12.9320,7.7169,2813702,sandstone,Paleozoic,307.4
13.1103,7.7169,3014794,sandstone,Paleozoic,263.9
13.2887,7.7169,3014794,sandstone,Paleozoic,263.9
13.4671,7.7169,3014794,sandstone,Paleozoic,263.9
13.6455,7.7169,2855586,sandstone,Mesozoic,132.0
13.8238,7.7169,2855586,sandstone,Mesozoic,132.0
14.0022,7.7169,2740920,shale,Mesozoic,92.4
14.1806,7.7169,2740920,shale,Mesozoic,92.4
14.3589,7.7169,2740920,shale,Mesozoic,92.4
14.5373,7.7169,2740920,shale,Mesozoic,92.4
14.7157,7.7169,2809559,shale,Mesozoic,79.6
14.8941,7.7169,2822474,shale,Mesozoic,79.6
15.0724,7.7169,2822474,shale,Mesozoic,79.6
15.2508,7.7169,2822474,shale,Mesozoic,79.6
15.4292,7.7169,3006567,sandstone,Mesozoic,72.0
15.6075,7.7169,3006567,sandstone,Mesozoic,72.0
15.7859,7.7169,3006567,sandstone,Mesozoic,72.0
15.9643,7.7169,2954406,sandstone,Mesozoic,67.2
16.1427,7.7169,2954406,sandstone,Mesozoic,67.2
16.3210,7.7169,2954406,sandstone,Mesozoic,67.2
16.4994,7.7169,2954406,sandstone,Mesozoic,67.2
16.6778,7.7169,2954406,sandstone,Mesozoic,67.2
16.8561,7.7169,2954406,sandstone,Mesozoic,67.2
17.0345,7.7169,2954406,sandstone,Mesozoic,67.2
17.2129,7.7169,2954406,sandstone,Mesozoic,67.2
17.3913,7.7169,2954406,sandstone,Mesozoic,67.2
17.5696,7.7169,2954406,sandstone,Mesozoic,67.2
17.7480,7.7169,2954406,sandstone,Mesozoic,67.2
17.9264,7.7169,2954406,sandstone,Mesozoic,67.2
18.1048,7.7169,2954406,sandstone,Mesozoic,67.2
18.2831,7.7169,2954406,sandstone,Mesozoic,67.2
18.4615,7.7169,2954406,sandstone,Mesozoic,67.2
18.6399,7.7169,2954406,sandstone,Mesozoic,67.2
18.8182,7.7169,2954406,sandstone,Mesozoic,67.2
18.9966,7.7169,2954406,sandstone,Mesozoic,67.2
19.1750,7.7169,2954406,sandstone,Mesozoic,67.2
19.3534,7.7169,2954406,sandstone,Mesozoic,67.2
19.5317,7.7169,2954406,sandstone,Mesozoic,67.2
19.7101,7.7169,2954406,sandstone,Mesozoic,67.2
19.8885,7.7169,2954406,sandstone,Mesozoic,67.2
20.0668,7.7169,2954406,sandstone,Mesozoic,67.2
20.2452,7.7169,2954406,sandstone,Mesozoic,67.2
20.4236,7.7169,2954406,sandstone,Mesozoic,67.2
20.6020,7.7169,2954406,sandstone,Mesozoic,67.2
20.7803,7.7169,2954406,sandstone,Mesozoic,67.2
20.9587,7.7169,2954406,sandstone,Mesozoic,67.2
21.1371,7.7169,2954406,sandstone,Mesozoic,67.2
21.3154,7.7169,2954406,sandstone,Mesozoic,67.2
0.0892,7.9472,2957947,gneiss,Proterozoic,2050.0
0.2676,7.9472,2957947,gneiss,Proterozoic,2050.0
0.4459,7.9472,2957947,gneiss,Proterozoic,2050.0
0.6243,7.9472,2957947,gneiss,Proterozoic,2050.0
0.8027,7.9472,2957947,gneiss,Proterozoic,2050.0
0.9810,7.9472,2957947,gneiss,Proterozoic,2050.0
1.1594,7.9472,2957947,gneiss,Proterozoic,2050.0
1.3378,7.9472,2957947,gneiss,Proterozoic,2050.0
1.5162,7.9472,2957947,gneiss,Proterozoic,2050.0
1.6945,7.9472,2957947,gneiss,Proterozoic,2050.0
1.8729,7.9472,2957947,gneiss,Proterozoic,2050.0
2.0513,7.9472,2957947,gneiss,Proterozoic,2050.0
2.2296,7.9472,2957947,gneiss,Proterozoic,2050.0
2.4080,7.9472,2957947,gneiss,Proterozoic,2050.0
2.5864,7.9472,2957947,gneiss,Proterozoic,2050.0
2.7648,7.9472,2957947,gneiss,Proterozoic,2050.0
2.9431,7.9472,2957947,gneiss,Proterozoic,2050.0
3.1215,7.9472,2957947,gneiss,Proterozoic,2050.0
3.2999,7.9472,2957947,gneiss,Proterozoic,2050.0
3.4783,7.9472,2957947,gneiss,Proterozoic,2050.0
3.6566,7.9472,2957947,gneiss,Proterozoic,2050.0
3.8350,7.9472,2957947,gneiss,Proterozoic,2050.0
4.0134,7.9472,2957947,gneiss,Proterozoic,2050.0
4.1917,7.9472,2957947,gneiss,Proterozoic,2050.0
4.3701,7.9472,2957947,gneiss,Proterozoic,2050.0
4.5485,7.9472,2957947,gneiss,Proterozoic,2050.0
4.7269,7.9472,2957947,gneiss,Proterozoic,2050.0
4.9052,7.9472,2957947,gneiss,Proterozoic,2050.0
5.0836,7.9472,2957947,gneiss,Proterozoic,2050.0
5.2620,7.9472,2957947,gneiss,Proterozoic,2050.0
5.4403,7.9472,2957947,gneiss,Proterozoic,2050.0
5.6187,7.9472,2957947,gneiss,Proterozoic,2050.0
5.7971,7.9472,2957947,gneiss,Proterozoic,2050.0
5.9755,7.9472,2855882,gneiss,Proterozoic,2050.0
6.1538,7.9472,2855882,gneiss,Proterozoic,2050.0
6.3322,7.9472,2855882,gneiss,Proterozoic,2050.0
6.5106,7.9472,2855882,gneiss,Proterozoic,2050.0
6.6889,7.9472,2855882,gneiss,Proterozoic,2050.0
6.8673,7.9472,2855882,gneiss,Proterozoic,2050.0
7.0457,7.9472,2855882,gneiss,Proterozoic,2050.0
7.2241,7.9472,2855882,gneiss,Proterozoic,2050.0
7.4024,7.9472,2855882,gneiss,Proterozoic,2050.0
7.5808,7.9472,2855882,gneiss,Proterozoic,2050.0
7.7592,7.9472,2855882,gneiss,Proterozoic,2050.0
7.9376,7.9472,2855882,gneiss,Proterozoic,2050.0
8.1159,7.9472,2855882,gneiss,Proterozoic,2050.0
8.2943,7.9472,2855882,gneiss,Proterozoic,2050.0
8.4727,7.9472,2855882,gneiss,Proterozoic,2050.0
8.6510,7.9472,2855882,gneiss,Proterozoic,2050.0
8.8294,7.9472,2855882,gneiss,Proterozoic,2050.0
9.0078,7.9472,2855882,gneiss,Proterozoic,2050.0
9.1862,7.9472,2855882,gneiss,Proterozoic,2050.0
9.3645,7.9472,2855882,gneiss,Proterozoic,2050.0
9.5429,7.9472,2855882,gneiss,Proterozoic,2050.0
9.7213,7.9472,2855882,gneiss,Proterozoic,2050.0
9.8996,7.9472,2855882,gneiss,Proterozoic,2050.0
10.0780,7.9472,2855882,gneiss,Proterozoic,2050.0
10.2564,7.9472,2855882,gneiss,Proterozoic,2050.0
10.4348,7.9472,2855882,gneiss,Proterozoic,2050.0
10.6131,7.9472,2855882,gneiss,Proterozoic,2050.0
10.7915,7.9472,2855882,gneiss,Proterozoic,2050.0
10.9699,7.9472,2855882,gneiss,Proterozoic,2050.0
11.1482,7.9472,2855882,gneiss,Proterozoic,2050.0
11.3266,7.9472,2855882,gneiss,Proterozoic,2050.0
11.5050,7.9472,2855882,gneiss,Proterozoic,2050.0
11.6834,7.9472,2855882,gneiss,Proterozoic,2050.0
11.8617,7.9472,2855882,gneiss,Proterozoic,2050.0
12.0401,7.9472,2855882,gneiss,Proterozoic,2050.0
12.2185,7.9472,2813702,sandstone,Paleozoic,307.4
12.3968,7.9472,2813702,sandstone,Paleozoic,307.4
12.5752,7.9472,2813702,sandstone,Paleozoic,307.4
12.7536,7.9472,2813702,sandstone,Paleozoic,307.4
12.9320,7.9472,2813702,sandstone,Paleozoic,307.4
13.1103,7.9472,3014794,sandstone,Paleozoic,263.9
13.2887,7.9472,3014794,sandstone,Paleozoic,263.9
13.4671,7.9472,2855586,sandstone,Mesozoic,132.0
13.6455,7.9472,2855586,sandstone,Mesozoic,132.0
13.8238,7.9472,2855586,sandstone,Mesozoic,132.0
14.0022,7.9472,2740920,shale,Mesozoic,92.4
14.1806,7.9472,2740920,shale,Mesozoic,92.4
14.3589,7.9472,2740920,shale,Mesozoic,92.4
14.5373,7.9472,2740920,shale,Mesozoic,92.4
14.7157,7.9472,2822474,shale,Mesozoic,79.6
14.8941,7.9472,2822474,shale,Mesozoic,79.6
15.0724,7.9472,2822474,shale,Mesozoic,79.6
15.2508,7.9472,3006567,sandstone,Mesozoic,72.0
15.4292,7.9472,3006567,sandstone,Mesozoic,72.0
15.6075,7.9472,3006567,sandstone,Mesozoic,72.0
15.7859,7.9472,2954406,sandstone,Mesozoic,67.2
15.9643,7.9472,2954406,sandstone,Mesozoic,67.2
16.1427,7.9472,2954406,sandstone,Mesozoic,67.2
16.3210,7.9472,2954406,sandstone,Mesozoic,67.2
16.4994,7.9472,2954406,sandstone,Mesozoic,67.2
16.6778,7.9472,2954406,sandstone,Mesozoic,67.2
16.8561,7.9472,2954406,sandstone,Mesozoic,67.2
17.0345,7.9472,2954406,sandstone,Mesozoic,67.2
17.2129,7.9472,2954406,sandstone,Mesozoic,67.2
17.3913,7.9472,2954406,sandstone,Mesozoic,67.2
17.5696,7.9472,2954406,sandstone,Mesozoic,67.2
17.7480,7.9472,2954406,sandstone,Mesozoic,67.2
17.9264,7.9472,2954406,sandstone,Mesozoic,67.2
18.1048,7.9472,2954406,sandstone,Mesozoic,67.2
18.2831,7.9472,2954406,sandstone,Mesozoic,67.2
18.4615,7.9472,2954406,sandstone,Mesozoic,67.2
18.6399,7.9472,2954406,sandstone,Mesozoic,67.2
18.8182,7.9472,2954406,sandstone,Mesozoic,67.2
18.9966,7.9472,2954406,sandstone,Mesozoic,67.2
19.1750,7.9472,2954406,sandstone,Mesozoic,67.2
19.3534,7.9472,2954406,sandstone,Mesozoic,67.2
19.5317,7.9472,2954406,sandstone,Mesozoic,67.2
19.7101,7.9472,2954406,sandstone,Mesozoic,67.2
19.8885,7.9472,2954406,sandstone,Mesozoic,67.2
20.0668,7.9472,2954406,sandstone,Mesozoic,67.2
20.2452,7.9472,2954406,sandstone,Mesozoic,67.2
20.4236,7.9472,2954406,sandstone,Mesozoic,67.2
20.6020,7.9472,2954406,sandstone,Mesozoic,67.2
20.7803,7.9472,2954406,sandstone,Mesozoic,67.2
20.9587,7.9472,2954406,sandstone,Mesozoic,67.2
21.1371,7.9472,2954406,sandstone,Mesozoic,67.2
21.3154,7.9472,2954406,sandstone,Mesozoic,67.2
0.0892,8.1776,2957947,gneiss,Proterozoic,2050.0
0.2676,8.1776,2957947,gneiss,Proterozoic,2050.0
0.4459,8.1776,2957947,gneiss,Proterozoic,2050.0
0.6243,8.1776,2957947,gneiss,Proterozoic,2050.0
0.8027,8.1776,2957947,gneiss,Proterozoic,2050.0
0.9810,8.1776,2957947,gneiss,Proterozoic,2050.0
1.1594,8.1776,2957947,gneiss,Proterozoic,2050.0
1.3378,8.1776,2957947,gneiss,Proterozoic,2050.0
1.5162,8.1776,2957947,gneiss,Proterozoic,2050.0
1.6945,8.1776,2957947,gneiss,Proterozoic,2050.0
1.8729,8.1776,2957947,gneiss,Proterozoic,2050.0
2.0513,8.1776,2957947,gneiss,Proterozoic,2050.0
2.2296,8.1776,2957947,gneiss,Proterozoic,2050.0
2.4080,8.1776,2957947,gneiss,Proterozoic,2050.0
2.5864,8.1776,2957947,gneiss,Proterozoic,2050.0
2.7648,8.1776,2957947,gneiss,Proterozoic,2050.0
2.9431,8.1776,2957947,gneiss,Proterozoic,2050.0
3.1215,8.1776,2957947,gneiss,Proterozoic,2050.0
3.2999,8.1776,2957947,gneiss,Proterozoic,2050.0
3.4783,8.1776,2957947,gneiss,Proterozoic,2050.0
3.6566,8.1776,2957947,gneiss,Proterozoic,2050.0
3.8350,8.1776,2957947,gneiss,Proterozoic,2050.0
4.0134,8.1776,2957947,gneiss,Proterozoic,2050.0
4.1917,8.1776,2957947,gneiss,Proterozoic,2050.0
4.3701,8.1776,2957947,gneiss,Proterozoic,2050.0
4.5485,8.1776,2957947,gneiss,Proterozoic,2050.0
4.7269,8.1776,2957947,gneiss,Proterozoic,2050.0
4.9052,8.1776,2957947,gneiss,Proterozoic,2050.0
5.0836,8.1776,2957947,gneiss,Proterozoic,2050.0
5.2620,8.1776,2957947,gneiss,Proterozoic,2050.0
5.4403,8.1776,2855882,gneiss,Proterozoic,2050.0
5.6187,8.1776,2855882,gneiss,Proterozoic,2050.0
5.7971,8.1776,2855882,gneiss,Proterozoic,2050.0
5.9755,8.1776,2855882,gneiss,Proterozoic,2050.0
6.1538,8.1776,2855882,gneiss,Proterozoic,2050.0
6.3322,8.1776,2855882,gneiss,Proterozoic,2050.0
6.5106,8.1776,2855882,gneiss,Proterozoic,2050.0
6.6889,8.1776,2855882,gneiss,Proterozoic,2050.0
6.8673,8.1776,2855882,gneiss,Proterozoic,2050.0
7.0457,8.1776,2855882,gneiss,Proterozoic,2050.0
7.2241,8.1776,2855882,gneiss,Proterozoic,2050.0
7.4024,8.1776,2855882,gneiss,Proterozoic,2050.0
7.5808,8.1776,2855882,gneiss,Proterozoic,2050.0
7.7592,8.1776,2855882,gneiss,Proterozoic,2050.0
7.9376,8.1776,2855882,gneiss,Proterozoic,2050.0
8.1159,8.1776,2855882,gneiss,Proterozoic,2050.0
8.2943,8.1776,2855882,gneiss,Proterozoic,2050.0
8.4727,8.1776,2855882,gneiss,Proterozoic,2050.0
8.6510,8.1776,2855882,gneiss,Proterozoic,2050.0
8.8294,8.1776,2855882,gneiss,Proterozoic,2050.0
9.0078,8.1776,2855882,gneiss,Proterozoic,2050.0
9.1862,8.1776,2855882,gneiss,Proterozoic,2050.0
9.3645,8.1776,2855882,gneiss,Proterozoic,2050.0
9.5429,8.1776,2855882,gneiss,Proterozoic,2050.0
9.7213,8.1776,2855882,gneiss,Proterozoic,2050.0
9.8996,8.1776,2855882,gneiss,Proterozoic,2050.0
10.0780,8.1776,2855882,gneiss,Proterozoic,2050.0
10.2564,8.1776,2855882,gneiss,Proterozoic,2050.0
10.4348,8.1776,2855882,gneiss,Proterozoic,2050.0
10.6131,8.1776,2855882,gneiss,Proterozoic,2050.0
10.7915,8.1776,2855882,gneiss,Proterozoic,2050.0
10.9699,8.1776,2855882,gneiss,Proterozoic,2050.0
11.1482,8.1776,2855882,gneiss,Proterozoic,2050.0
11.3266,8.1776,2855882,gneiss,Proterozoic,2050.0
11.5050,8.1776,2855882,gneiss,Proterozoic,2050.0
11.6834,8.1776,2855882,gneiss,Proterozoic,2050.0
11.8617,8.1776,2855882,gneiss,Proterozoic,2050.0
12.0401,8.1776,2855882,gneiss,Proterozoic,2050.0
12.2185,8.1776,2813702,sandstone,Paleozoic,307.4
12.3968,8.1776,2813702,sandstone,Paleozoic,307.4
12.5752,8.1776,2813702,sandstone,Paleozoic,307.4
12.7536,8.1776,2813702,sandstone,Paleozoic,307.4
12.9320,8.1776,2813702,sandstone,Paleozoic,307.4
13.1103,8.1776,3014794,sandstone,Paleozoic,263.9
13.2887,8.1776,3014794,sandstone,Paleozoic,263.9
13.4671,8.1776,2855586,sandstone,Mesozoic,132.0
13.6455,8.1776,2855586,sandstone,Mesozoic,132.0
13.8238,8.1776,2855586,sandstone,Mesozoic,132.0
14.0022,8.1776,2740920,shale,Mesozoic,92.4
14.1806,8.1776,2740920,shale,Mesozoic,92.4
14.3589,8.1776,2740920,shale,Mesozoic,92.4
14.5373,8.1776,2822474,shale,Mesozoic,79.6
14.7157,8.1776,2822474,shale,Mesozoic,79.6
14.8941,8.1776,2822474,shale,Mesozoic,79.6
15.0724,8.1776,3006567,sandstone,Mesozoic,72.0
15.2508,8.1776,3006567,sandstone,Mesozoic,72.0
15.4292,8.1776,3006567,sandstone,Mesozoic,72.0
15.6075,8.1776,2954406,sandstone,Mesozoic,67.2
15.7859,8.1776,2954406,sandstone,Mesozoic,67.2
15.9643,8.1776,2954406,sandstone,Mesozoic,67.2
16.1427,8.1776,2954406,sandstone,Mesozoic,67.2
16.3210,8.1776,2954406,sandstone,Mesozoic,67.2
16.4994,8.1776,2954406,sandstone,Mesozoic,67.2
16.6778,8.1776,2954406,sandstone,Mesozoic,67.2
16.8561,8.1776,2954406,sandstone,Mesozoic,67.2
17.0345,8.1776,2954406,sandstone,Mesozoic,67.2
17.2129,8.1776,2954406,sandstone,Mesozoic,67.2
17.3913,8.1776,2954406,sandstone,Mesozoic,67.2
17.5696,8.1776,2954406,sandstone,Mesozoic,67.2
17.7480,8.1776,2954406,sandstone,Mesozoic,67.2
17.9264,8.1776,2954406,sandstone,Mesozoic,67.2
18.1048,8.1776,2954406,sandstone,Mesozoic,67.2
18.2831,8.1776,2954406,sandstone,Mesozoic,67.2
18.4615,8.1776,2954406,sandstone,Mesozoic,67.2
18.6399,8.1776,2954406,sandstone,Mesozoic,67.2
18.8182,8.1776,2954406,sandstone,Mesozoic,67.2
18.9966,8.1776,2954406,sandstone,Mesozoic,67.2
19.1750,8.1776,2954406,sandstone,Mesozoic,67.2
19.3534,8.1776,2954406,sandstone,Mesozoic,67.2
19.5317,8.1776,2954406,sandstone,Mesozoic,67.2
19.7101,8.1776,2954406,sandstone,Mesozoic,67.2
19.8885,8.1776,2954406,sandstone,Mesozoic,67.2
20.0668,8.1776,2954406,sandstone,Mesozoic,67.2
20.2452,8.1776,2954406,sandstone,Mesozoic,67.2
20.4236,8.1776,2954406,sandstone,Mesozoic,67.2
20.6020,8.1776,2954406,sandstone,Mesozoic,67.2
20.7803,8.1776,2954406,sandstone,Mesozoic,67.2
20.9587,8.1776,2954406,sandstone,Mesozoic,67.2
21.1371,8.1776,2954406,sandstone,Mesozoic,67.2
21.3154,8.1776,2954406,sandstone,Mesozoic,67.2
0.0892,8.4079,2957947,gneiss,Proterozoic,2050.0
0.2676,8.4079,2957947,gneiss,Proterozoic,2050.0
0.4459,8.4079,2957947,gneiss,Proterozoic,2050.0
0.6243,8.4079,2957947,gneiss,Proterozoic,2050.0
0.8027,8.4079,2957947,gneiss,Proterozoic,2050.0
0.9810,8.4079,2957947,gneiss,Proterozoic,2050.0
1.1594,8.4079,2957947,gneiss,Proterozoic,2050.0
1.3378,8.4079,2957947,gneiss,Proterozoic,2050.0
1.5162,8.4079,2957947,gneiss,Proterozoic,2050.0
1.6945,8.4079,2957947,gneiss,Proterozoic,2050.0
1.8729,8.4079,2957947,gneiss,Proterozoic,2050.0
2.0513,8.4079,2957947,gneiss,Proterozoic,2050.0
2.2296,8.4079,2957947,gneiss,Proterozoic,2050.0
2.4080,8.4079,2957947,gneiss,Proterozoic,2050.0
2.5864,8.4079,2957947,gneiss,Proterozoic,2050.0
2.7648,8.4079,2957947,gneiss,Proterozoic,2050.0
2.9431,8.4079,2957947,gneiss,Proterozoic,2050.0
3.1215,8.4079,2957947,gneiss,Proterozoic,2050.0
3.2999,8.4079,2957947,gneiss,Proterozoic,2050.0
3.4783,8.4079,2957947,gneiss,Proterozoic,2050.0
3.6566,8.4079,2957947,gneiss,Proterozoic,2050.0
3.8350,8.4079,2957947,gneiss,Proterozoic,2050.0
4.0134,8.4079,2957947,gneiss,Proterozoic,2050.0
4.1917,8.4079,2957947,gneiss,Proterozoic,2050.0
4.3701,8.4079,2957947,gneiss,Proterozoic,2050.0
4.5485,8.4079,2957947,gneiss,Proterozoic,2050.0
4.7269,8.4079,2957947,gneiss,Proterozoic,2050.0
4.9052,8.4079,2957947,gneiss,Proterozoic,2050.0
5.0836,8.4079,2855882,gneiss,Proterozoic,2050.0
5.2620,8.4079,2855882,gneiss,Proterozoic,2050.0
5.4403,8.4079,2855882,gneiss,Proterozoic,2050.0
5.6187,8.4079,2855882,gneiss,Proterozoic,2050.0
5.7971,8.4079,2855882,gneiss,Proterozoic,2050.0
5.9755,8.4079,2855882,gneiss,Proterozoic,2050.0
6.1538,8.4079,2855882,gneiss,Proterozoic,2050.0
6.3322,8.4079,2855882,gneiss,Proterozoic,2050.0
6.5106,8.4079,2855882,gneiss,Proterozoic,2050.0
6.6889,8.4079,2855882,gneiss,Proterozoic,2050.0
6.8673,8.4079,2855882,gneiss,Proterozoic,2050.0
7.0457,8.4079,2855882,gneiss,Proterozoic,2050.0
7.2241,8.4079,2855882,gneiss,Proterozoic,2050.0
7.4024,8.4079,2855882,gneiss,Proterozoic,2050.0
7.5808,8.4079,2855882,gneiss,Proterozoic,2050.0
7.7592,8.4079,2855882,gneiss,Proterozoic,2050.0
7.9376,8.4079,2855882,gneiss,Proterozoic,2050.0
8.1159,8.4079,2855882,gneiss,Proterozoic,2050.0
8.2943,8.4079,2855882,gneiss,Proterozoic,2050.0
8.4727,8.4079,2855882,gneiss,Proterozoic,2050.0
8.6510,8.4079,2855882,gneiss,Proterozoic,2050.0
8.8294,8.4079,2855882,gneiss,Proterozoic,2050.0
9.0078,8.4079,2855882,gneiss,Proterozoic,2050.0
9.1862,8.4079,2855882,gneiss,Proterozoic,2050.0
9.3645,8.4079,2855882,gneiss,Proterozoic,2050.0
9.5429,8.4079,2855882,gneiss,Proterozoic,2050.0
9.7213,8.4079,2855882,gneiss,Proterozoic,2050.0
9.8996,8.4079,2855882,gneiss,Proterozoic,2050.0
10.0780,8.4079,2855882,gneiss,Proterozoic,2050.0
10.2564,8.4079,2855882,gneiss,Proterozoic,2050.0
10.4348,8.4079,2855882,gneiss,Proterozoic,2050.0
10.6131,8.4079,2855882,gneiss,Proterozoic,2050.0
10.7915,8.4079,2855882,gneiss,Proterozoic,2050.0
10.9699,8.4079,2855882,gneiss,Proterozoic,2050.0
11.1482,8.4079,2855882,gneiss,Proterozoic,2050.0
11.3266,8.4079,2855882,gneiss,Proterozoic,2050.0
11.5050,8.4079,2855882,gneiss,Proterozoic,2050.0
11.6834,8.4079,2855882,gneiss,Proterozoic,2050.0
11.8617,8.4079,2855882,gneiss,Proterozoic,2050.0
12.0401,8.4079,2855882,gneiss,Proterozoic,2050.0
12.2185,8.4079,2813702,sandstone,Paleozoic,307.4
12.3968,8.4079,2813702,sandstone,Paleozoic,307.4
12.5752,8.4079,2813702,sandstone,Paleozoic,307.4
12.7536,8.4079,2813702,sandstone,Paleozoic,307.4
12.9320,8.4079,3014794,sandstone,Paleozoic,263.9
13.1103,8.4079,3014794,sandstone,Paleozoic,263.9
13.2887,8.4079,3014794,sandstone,Paleozoic,263.9
13.4671,8.4079,2855586,sandstone,Mesozoic,132.0
13.6455,8.4079,2855586,sandstone,Mesozoic,132.0
13.8238,8.4079,2740920,shale,Mesozoic,92.4
14.0022,8.4079,2740920,shale,Mesozoic,92.4
14.1806,8.4079,2740920,shale,Mesozoic,92.4
14.3589,8.4079,2822474,shale,Mesozoic,79.6
14.5373,8.4079,2822474,shale,Mesozoic,79.6
14.7157,8.4079,2822474,shale,Mesozoic,79.6
14.8941,8.4079,3006567,sandstone,Mesozoic,72.0
15.0724,8.4079,3006567,sandstone,Mesozoic,72.0
15.2508,8.4079,3006567,sandstone,Mesozoic,72.0
15.4292,8.4079,2954406,sandstone,Mesozoic,67.2
15.6075,8.4079,2954406,sandstone,Mesozoic,67.2
15.7859,8.4079,2954406,sandstone,Mesozoic,67.2
15.9643,8.4079,2954406,sandstone,Mesozoic,67.2
16.1427,8.4079,2954406,sandstone,Mesozoic,67.2
16.3210,8.4079,2954406,sandstone,Mesozoic,67.2
16.4994,8.4079,2954406,sandstone,Mesozoic,67.2
16.6778,8.4079,2954406,sandstone,Mesozoic,67.2
16.8561,8.4079,2954406,sandstone,Mesozoic,67.2
17.0345,8.4079,2954406,sandstone,Mesozoic,67.2
17.2129,8.4079,2954406,sandstone,Mesozoic,67.2
17.3913,8.4079,2954406,sandstone,Mesozoic,67.2
17.5696,8.4079,2954406,sandstone,Mesozoic,67.2
17.7480,8.4079,2954406,sandstone,Mesozoic,67.2
17.9264,8.4079,2954406,sandstone,Mesozoic,67.2
18.1048,8.4079,2954406,sandstone,Mesozoic,67.2
18.2831,8.4079,2954406,sandstone,Mesozoic,67.2
18.4615,8.4079,2954406,sandstone,Mesozoic,67.2
18.6399,8.4079,2954406,sandstone,Mesozoic,67.2
18.8182,8.4079,2954406,sandstone,Mesozoic,67.2
18.9966,8.4079,2954406,sandstone,Mesozoic,67.2
19.1750,8.4079,2954406,sandstone,Mesozoic,67.2
19.3534,8.4079,2954406,sandstone,Mesozoic,67.2
19.5317,8.4079,2954406,sandstone,Mesozoic,67.2
19.7101,8.4079,2954406,sandstone,Mesozoic,67.2
19.8885,8.4079,2954406,sandstone,Mesozoic,67.2
20.0668,8.4079,2954406,sandstone,Mesozoic,67.2
20.2452,8.4079,2954406,sandstone,Mesozoic,67.2
20.4236,8.4079,2954406,sandstone,Mesozoic,67.2
20.6020,8.4079,2954406,sandstone,Mesozoic,67.2
20.7803,8.4079,2954406,sandstone,Mesozoic,67.2
20.9587,8.4079,2954406,sandstone,Mesozoic,67.2
21.1371,8.4079,2954406,sandstone,Mesozoic,67.2
21.3154,8.4079,2954406,sandstone,Mesozoic,67.2
0.0892,8.6383,2957947,gneiss,Proterozoic,2050.0
0.2676,8.6383,2957947,gneiss,Proterozoic,2050.0
0.4459,8.6383,2957947,gneiss,Proterozoic,2050.0
0.6243,8.6383,2957947,gneiss,Proterozoic,2050.0
0.8027,8.6383,2957947,gneiss,Proterozoic,2050.0
0.9810,8.6383,2957947,gneiss,Proterozoic,2050.0
1.1594,8.6383,2957947,gneiss,Proterozoic,2050.0
1.3378,8.6383,2957947,gneiss,Proterozoic,2050.0
1.5162,8.6383,2957947,gneiss,Proterozoic,2050.0
1.6945,8.6383,2957947,gneiss,Proterozoic,2050.0
1.8729,8.6383,2957947,gneiss,Proterozoic,2050.0
2.0513,8.6383,2957947,gneiss,Proterozoic,2050.0
2.2296,8.6383,2957947,gneiss,Proterozoic,2050.0
2.4080,8.6383,2957947,gneiss,Proterozoic,2050.0
2.5864,8.6383,2957947,gneiss,Proterozoic,2050.0
2.7648,8.6383,2957947,gneiss,Proterozoic,2050.0
2.9431,8.6383,2957947,gneiss,Proterozoic,2050.0
3.1215,8.6383,2957947,gneiss,Proterozoic,2050.0
3.2999,8.6383,2957947,gneiss,Proterozoic,2050.0
3.4783,8.6383,2957947,gneiss,Proterozoic,2050.0
3.6566,8.6383,2957947,gneiss,Proterozoic,2050.0
3.8350,8.6383,2957947,gneiss,Proterozoic,2050.0
4.0134,8.6383,2957947,gneiss,Proterozoic,2050.0
4.1917,8.6383,2957947,gneiss,Proterozoic,2050.0
4.3701,8.6383,2957947,gneiss,Proterozoic,2050.0
4.5485,8.6383,2957947,gneiss,Proterozoic,2050.0
4.7269,8.6383,2855882,gneiss,Proterozoic,2050.0
4.9052,8.6383,2855882,gneiss,Proterozoic,2050.0
5.0836,8.6383,2855882,gneiss,Proterozoic,2050.0
5.2620,8.6383,2855882,gneiss,Proterozoic,2050.0
5.4403,8.6383,2855882,gneiss,Proterozoic,2050.0
5.6187,8.6383,2855882,gneiss,Proterozoic,2050.0
5.7971,8.6383,2855882,gneiss,Proterozoic,2050.0
5.9755,8.6383,2855882,gneiss,Proterozoic,2050.0
6.1538,8.6383,2855882,gneiss,Proterozoic,2050.0
6.3322,8.6383,2855882,gneiss,Proterozoic,2050.0
6.5106,8.6383,2855882,gneiss,Proterozoic,2050.0
6.6889,8.6383,2855882,gneiss,Proterozoic,2050.0
6.8673,8.6383,2855882,gneiss,Proterozoic,2050.0
7.0457,8.6383,2855882,gneiss,Proterozoic,2050.0
7.2241,8.6383,2855882,gneiss,Proterozoic,2050.0
7.4024,8.6383,2855882,gneiss,Proterozoic,2050.0
7.5808,8.6383,2855882,gneiss,Proterozoic,2050.0
7.7592,8.6383,2855882,gneiss,Proterozoic,2050.0
7.9376,8.6383,2855882,gneiss,Proterozoic,2050.0
8.1159,8.6383,2855882,gneiss,Proterozoic,2050.0
8.2943,8.6383,2855882,gneiss,Proterozoic,2050.0
8.4727,8.6383,2855882,gneiss,Proterozoic,2050.0
8.6510,8.6383,2855882,gneiss,Proterozoic,2050.0
8.8294,8.6383,2855882,gneiss,Proterozoic,2050.0
9.0078,8.6383,2855882,gneiss,Proterozoic,2050.0
9.1862,8.6383,2855882,gneiss,Proterozoic,2050.0
9.3645,8.6383,2855882,gneiss,Proterozoic,2050.0
9.5429,8.6383,2855882,gneiss,Proterozoic,2050.0
9.7213,8.6383,2855882,gneiss,Proterozoic,2050.0
9.8996,8.6383,2855882,gneiss,Proterozoic,2050.0
10.0780,8.6383,2855882,gneiss,Proterozoic,2050.0
10.2564,8.6383,2855882,gneiss,Proterozoic,2050.0
10.4348,8.6383,2855882,gneiss,Proterozoic,2050.0
10.6131,8.6383,2855882,gneiss,Proterozoic,2050.0
10.7915,8.6383,2855882,gneiss,Proterozoic,2050.0
10.9699,8.6383,2855882,gneiss,Proterozoic,2050.0
11.1482,8.6383,2855882,gneiss,Proterozoic,2050.0
11.3266,8.6383,2855882,gneiss,Proterozoic,2050.0
11.5050,8.6383,2855882,gneiss,Proterozoic,2050.0
11.6834,8.6383,2855882,gneiss,Proterozoic,2050.0
11.8617,8.6383,2855882,gneiss,Proterozoic,2050.0
12.0401,8.6383,2855882,gneiss,Proterozoic,2050.0
12.2185,8.6383,2813702,sandstone,Paleozoic,307.4
12.3968,8.6383,2813702,sandstone,Paleozoic,307.4
12.5752,8.6383,2813702,sandstone,Paleozoic,307.4
12.7536,8.6383,2813702,sandstone,Paleozoic,307.4
12.9320,8.6383,3014794,sandstone,Paleozoic,263.9
13.1103,8.6383,3014794,sandstone,Paleozoic,263.9
13.2887,8.6383,3014794,sandstone,Paleozoic,263.9
13.4671,8.6383,2855586,sandstone,Mesozoic,132.0
13.6455,8.6383,2855586,sandstone,Mesozoic,132.0
13.8238,8.6383,2740920,shale,Mesozoic,92.4
14.0022,8.6383,2740920,shale,Mesozoic,92.4
14.1806,8.6383,2740920,shale,Mesozoic,92.4
14.3589,8.6383,2822474,shale,Mesozoic,79.6
14.5373,8.6383,2822474,shale,Mesozoic,79.6
14.7157,8.6383,3006567,sandstone,Mesozoic,72.0
14.8941,8.6383,3006567,sandstone,Mesozoic,72.0
15.0724,8.6383,3006567,sandstone,Mesozoic,72.0
15.2508,8.6383,3006567,sandstone,Mesozoic,72.0
15.4292,8.6383,2954406,sandstone,Mesozoic,67.2
15.6075,8.6383,2954406,sandstone,Mesozoic,67.2
15.7859,8.6383,2954406,sandstone,Mesozoic,67.2
15.9643,8.6383,2954406,sandstone,Mesozoic,67.2
16.1427,8.6383,2954406,sandstone,Mesozoic,67.2
16.3210,8.6383,2954406,sandstone,Mesozoic,67.2
16.4994,8.6383,2954406,sandstone,Mesozoic,67.2
16.6778,8.6383,2954406,sandstone,Mesozoic,67.2
16.8561,8.6383,2954406,sandstone,Mesozoic,67.2
17.0345,8.6383,2954406,sandstone,Mesozoic,67.2
17.2129,8.6383,2954406,sandstone,Mesozoic,67.2
17.3913,8.6383,2954406,sandstone,Mesozoic,67.2
17.5696,8.6383,2954406,sandstone,Mesozoic,67.2
17.7480,8.6383,2954406,sandstone,Mesozoic,67.2
17.9264,8.6383,2954406,sandstone,Mesozoic,67.2
18.1048,8.6383,2954406,sandstone,Mesozoic,67.2
18.2831,8.6383,2954406,sandstone,Mesozoic,67.2
18.4615,8.6383,2954406,sandstone,Mesozoic,67.2
18.6399,8.6383,2954406,sandstone,Mesozoic,67.2
18.8182,8.6383,2954406,sandstone,Mesozoic,67.2
18.9966,8.6383,2954406,sandstone,Mesozoic,67.2
19.1750,8.6383,2954406,sandstone,Mesozoic,67.2
19.3534,8.6383,2954406,sandstone,Mesozoic,67.2
19.5317,8.6383,2954406,sandstone,Mesozoic,67.2
19.7101,8.6383,2954406,sandstone,Mesozoic,67.2
19.8885,8.6383,2954406,sandstone,Mesozoic,67.2
20.0668,8.6383,2954406,sandstone,Mesozoic,67.2
20.2452,8.6383,2954406,sandstone,Mesozoic,67.2
20.4236,8.6383,2954406,sandstone,Mesozoic,67.2
20.6020,8.6383,2954406,sandstone,Mesozoic,67.2
20.7803,8.6383,2954406,sandstone,Mesozoic,67.2
20.9587,8.6383,2954406,sandstone,Mesozoic,67.2
21.1371,8.6383,2954406,sandstone,Mesozoic,67.2
21.3154,8.6383,2954406,sandstone,Mesozoic,67.2
0.0892,8.8686,2957947,gneiss,Proterozoic,2050.0
0.2676,8.8686,2957947,gneiss,Proterozoic,2050.0
0.4459,8.8686,2957947,gneiss,Proterozoic,2050.0
0.6243,8.8686,2957947,gneiss,Proterozoic,2050.0
0.8027,8.8686,2957947,gneiss,Proterozoic,2050.0
0.9810,8.8686,2957947,gneiss,Proterozoic,2050.0
1.1594,8.8686,2957947,gneiss,Proterozoic,2050.0
1.3378,8.8686,2957947,gneiss,Proterozoic,2050.0
1.5162,8.8686,2957947,gneiss,Proterozoic,2050.0
1.6945,8.8686,2957947,gneiss,Proterozoic,2050.0
1.8729,8.8686,2957947,gneiss,Proterozoic,2050.0
2.0513,8.8686,2957947,gneiss,Proterozoic,2050.0
2.2296,8.8686,2957947,gneiss,Proterozoic,2050.0
2.4080,8.8686,2957947,gneiss,Proterozoic,2050.0
2.5864,8.8686,2957947,gneiss,Proterozoic,2050.0
2.7648,8.8686,2957947,gneiss,Proterozoic,2050.0
2.9431,8.8686,2957947,gneiss,Proterozoic,2050.0
3.1215,8.8686,2957947,gneiss,Proterozoic,2050.0
3.2999,8.8686,2957947,gneiss,Proterozoic,2050.0
3.4783,8.8686,2957947,gneiss,Proterozoic,2050.0
3.6566,8.8686,2957947,gneiss,Proterozoic,2050.0
3.8350,8.8686,2957947,gneiss,Proterozoic,2050.0
4.0134,8.8686,2957947,gneiss,Proterozoic,2050.0
4.1917,8.8686,2957947,gneiss,Proterozoic,2050.0
4.3701,8.8686,2855882,gneiss,Proterozoic,2050.0
4.5485,8.8686,2855882,gneiss,Proterozoic,2050.0
4.7269,8.8686,2855882,gneiss,Proterozoic,2050.0
4.9052,8.8686,2855882,gneiss,Proterozoic,2050.0
5.0836,8.8686,2855882,gneiss,Proterozoic,2050.0
5.2620,8.8686,2855882,gneiss,Proterozoic,2050.0
5.4403,8.8686,2855882,gneiss,Proterozoic,2050.0
5.6187,8.8686,2855882,gneiss,Proterozoic,2050.0
5.7971,8.8686,2855882,gneiss,Proterozoic,2050.0
5.9755,8.8686,2855882,gneiss,Proterozoic,2050.0
6.1538,8.8686,2855882,gneiss,Proterozoic,2050.0
6.3322,8.8686,2855882,gneiss,Proterozoic,2050.0
6.5106,8.8686,2855882,gneiss,Proterozoic,2050.0
6.6889,8.8686,2855882,gneiss,Proterozoic,2050.0
6.8673,8.8686,2855882,gneiss,Proterozoic,2050.0
7.0457,8.8686,2855882,gneiss,Proterozoic,2050.0
7.2241,8.8686,2855882,gneiss,Proterozoic,2050.0
7.4024,8.8686,2855882,gneiss,Proterozoic,2050.0
7.5808,8.8686,2855882,gneiss,Proterozoic,2050.0
7.7592,8.8686,2855882,gneiss,Proterozoic,2050.0
7.9376,8.8686,2855882,gneiss,Proterozoic,2050.0
8.1159,8.8686,2855882,gneiss,Proterozoic,2050.0
8.2943,8.8686,2855882,gneiss,Proterozoic,2050.0
8.4727,8.8686,2855882,gneiss,Proterozoic,2050.0
8.6510,8.8686,2855882,gneiss,Proterozoic,2050.0
8.8294,8.8686,2855882,gneiss,Proterozoic,2050.0
9.0078,8.8686,2855882,gneiss,Proterozoic,2050.0
9.1862,8.8686,2855882,gneiss,Proterozoic,2050.0
9.3645,8.8686,2855882,gneiss,Proterozoic,2050.0
9.5429,8.8686,2855882,gneiss,Proterozoic,2050.0
9.7213,8.8686,2855882,gneiss,Proterozoic,2050.0
9.8996,8.8686,2855882,gneiss,Proterozoic,2050.0
10.0780,8.8686,2855882,gneiss,Proterozoic,2050.0
10.2564,8.8686,2855882,gneiss,Proterozoic,2050.0
10.4348,8.8686,2855882,gneiss,Proterozoic,2050.0
10.6131,8.8686,2855882,gneiss,Proterozoic,2050.0
10.7915,8.8686,2855882,gneiss,Proterozoic,2050.0
10.9699,8.8686,2855882,gneiss,Proterozoic,2050.0
11.1482,8.8686,2855882,gneiss,Proterozoic,2050.0
11.3266,8.8686,2855882,gneiss,Proterozoic,2050.0
11.5050,8.8686,2855882,gneiss,Proterozoic,2050.0
11.6834,8.8686,2855882,gneiss,Proterozoic,2050.0
11.8617,8.8686,2855882,gneiss,Proterozoic,2050.0
12.0401,8.8686,2855882,gneiss,Proterozoic,2050.0
12.2185,8.8686,2813702,sandstone,Paleozoic,307.4
12.3968,8.8686,2813702,sandstone,Paleozoic,307.4
12.5752,8.8686,2813702,sandstone,Paleozoic,307.4
12.7536,8.8686,3014794,sandstone,Paleozoic,263.9
12.9320,8.8686,3014794,sandstone,Paleozoic,263.9
13.1103,8.8686,3014794,sandstone,Paleozoic,263.9
13.2887,8.8686,3014794,sandstone,Paleozoic,263.9
13.4671,8.8686,2855586,sandstone,Mesozoic,132.0
13.6455,8.8686,2855586,sandstone,Mesozoic,132.0
13.8238,8.8686,2740920,shale,Mesozoic,92.4
14.0022,8.8686,2740920,shale,Mesozoic,92.4
14.1806,8.8686,2822474,shale,Mesozoic,79.6
14.3589,8.8686,2822474,shale,Mesozoic,79.6
14.5373,8.8686,3006567,sandstone,Mesozoic,72.0
14.7157,8.8686,3006567,sandstone,Mesozoic,72.0
14.8941,8.8686,3006567,sandstone,Mesozoic,72.0
15.0724,8.8686,3006567,sandstone,Mesozoic,72.0
15.2508,8.8686,2954406,sandstone,Mesozoic,67.2
15.4292,8.8686,2954406,sandstone,Mesozoic,67.2
15.6075,8.8686,2954406,sandstone,Mesozoic,67.2
15.7859,8.8686,2954406,sandstone,Mesozoic,67.2
15.9643,8.8686,2954406,sandstone,Mesozoic,67.2
16.1427,8.8686,2954406,sandstone,Mesozoic,67.2
16.3210,8.8686,2954406,sandstone,Mesozoic,67.2
16.4994,8.8686,2954406,sandstone,Mesozoic,67.2
16.6778,8.8686,2954406,sandstone,Mesozoic,67.2
16.8561,8.8686,2954406,sandstone,Mesozoic,67.2
17.0345,8.8686,2954406,sandstone,Mesozoic,67.2
17.2129,8.8686,2954406,sandstone,Mesozoic,67.2
17.3913,8.8686,2954406,sandstone,Mesozoic,67.2
17.5696,8.8686,2954406,sandstone,Mesozoic,67.2
17.7480,8.8686,2954406,sandstone,Mesozoic,67.2
17.9264,8.8686,2954406,sandstone,Mesozoic,67.2
18.1048,8.8686,2954406,sandstone,Mesozoic,67.2
18.2831,8.8686,2954406,sandstone,Mesozoic,67.2
18.4615,8.8686,2954406,sandstone,Mesozoic,67.2
18.6399,8.8686,2954406,sandstone,Mesozoic,67.2
18.8182,8.8686,2954406,sandstone,Mesozoic,67.2
18.9966,8.8686,2954406,sandstone,Mesozoic,67.2
19.1750,8.8686,2954406,sandstone,Mesozoic,67.2
19.3534,8.8686,2954406,sandstone,Mesozoic,67.2
19.5317,8.8686,2954406,sandstone,Mesozoic,67.2
19.7101,8.8686,2954406,sandstone,Mesozoic,67.2
19.8885,8.8686,2954406,sandstone,Mesozoic,67.2
20.0668,8.8686,2954406,sandstone,Mesozoic,67.2
20.2452,8.8686,2954406,sandstone,Mesozoic,67.2
20.4236,8.8686,2954406,sandstone,Mesozoic,67.2
20.6020,8.8686,2954406,sandstone,Mesozoic,67.2
20.7803,8.8686,2954406,sandstone,Mesozoic,67.2
20.9587,8.8686,2954406,sandstone,Mesozoic,67.2
21.1371,8.8686,2954406,sandstone,Mesozoic,67.2
21.3154,8.8686,2954406,sandstone,Mesozoic,67.2
0.0892,9.0990,2957947,gneiss,Proterozoic,2050.0
0.2676,9.0990,2957947,gneiss,Proterozoic,2050.0
0.4459,9.0990,2957947,gneiss,Proterozoic,2050.0
0.6243,9.0990,2957947,gneiss,Proterozoic,2050.0
0.8027,9.0990,2957947,gneiss,Proterozoic,2050.0
0.9810,9.0990,2957947,gneiss,Proterozoic,2050.0
1.1594,9.0990,2957947,gneiss,Proterozoic,2050.0
1.3378,9.0990,2957947,gneiss,Proterozoic,2050.0
1.5162,9.0990,2957947,gneiss,Proterozoic,2050.0
1.6945,9.0990,2957947,gneiss,Proterozoic,2050.0
1.8729,9.0990,2957947,gneiss,Proterozoic,2050.0
2.0513,9.0990,2957947,gneiss,Proterozoic,2050.0
2.2296,9.0990,2957947,gneiss,Proterozoic,2050.0
2.4080,9.0990,2957947,gneiss,Proterozoic,2050.0
2.5864,9.0990,2957947,gneiss,Proterozoic,2050.0
2.7648,9.0990,2957947,gneiss,Proterozoic,2050.0
2.9431,9.0990,2957947,gneiss,Proterozoic,2050.0
3.1215,9.0990,2957947,gneiss,Proterozoic,2050.0
3.2999,9.0990,2957947,gneiss,Proterozoic,2050.0
3.4783,9.0990,2957947,gneiss,Proterozoic,2050.0
3.6566,9.0990,2957947,gneiss,Proterozoic,2050.0
3.8350,9.0990,2957947,gneiss,Proterozoic,2050.0
4.0134,9.0990,2957947,gneiss,Proterozoic,2050.0
4.1917,9.0990,2855882,gneiss,Proterozoic,2050.0
4.3701,9.0990,2855882,gneiss,Proterozoic,2050.0
4.5485,9.0990,2855882,gneiss,Proterozoic,2050.0
4.7269,9.0990,2855882,gneiss,Proterozoic,2050.0
4.9052,9.0990,2855882,gneiss,Proterozoic,2050.0
5.0836,9.0990,2855882,gneiss,Proterozoic,2050.0
5.2620,9.0990,2855882,gneiss,Proterozoic,2050.0
5.4403,9.0990,2855882,gneiss,Proterozoic,2050.0
5.6187,9.0990,2855882,gneiss,Proterozoic,2050.0
5.7971,9.0990,2855882,gneiss,Proterozoic,2050.0
5.9755,9.0990,2855882,gneiss,Proterozoic,2050.0
6.1538,9.0990,2855882,gneiss,Proterozoic,2050.0
6.3322,9.0990,2855882,gneiss,Proterozoic,2050.0
6.5106,9.0990,2855882,gneiss,Proterozoic,2050.0
6.6889,9.0990,2855882,gneiss,Proterozoic,2050.0
6.8673,9.0990,2855882,gneiss,Proterozoic,2050.0
7.0457,9.0990,2855882,gneiss,Proterozoic,2050.0
7.2241,9.0990,2855882,gneiss,Proterozoic,2050.0
7.4024,9.0990,2855882,gneiss,Proterozoic,2050.0
7.5808,9.0990,2855882,gneiss,Proterozoic,2050.0
7.7592,9.0990,2855882,gneiss,Proterozoic,2050.0
7.9376,9.0990,2855882,gneiss,Proterozoic,2050.0
8.1159,9.0990,2855882,gneiss,Proterozoic,2050.0
8.2943,9.0990,2855882,gneiss,Proterozoic,2050.0
8.4727,9.0990,2855882,gneiss,Proterozoic,2050.0
8.6510,9.0990,2855882,gneiss,Proterozoic,2050.0
8.8294,9.0990,2855882,gneiss,Proterozoic,2050.0
9.0078,9.0990,2855882,gneiss,Proterozoic,2050.0
9.1862,9.0990,2855882,gneiss,Proterozoic,2050.0
9.3645,9.0990,2855882,gneiss,Proterozoic,2050.0
9.5429,9.0990,2855882,gneiss,Proterozoic,2050.0
9.7213,9.0990,2855882,gneiss,Proterozoic,2050.0
9.8996,9.0990,2855882,gneiss,Proterozoic,2050.0
10.0780,9.0990,2855882,gneiss,Proterozoic,2050.0
10.2564,9.0990,2855882,gneiss,Proterozoic,2050.0
10.4348,9.0990,2855882,gneiss,Proterozoic,2050.0
10.6131,9.0990,2855882,gneiss,Proterozoic,2050.0
10.7915,9.0990,2855882,gneiss,Proterozoic,2050.0
10.9699,9.0990,2855882,gneiss,Proterozoic,2050.0
11.1482,9.0990,2855882,gneiss,Proterozoic,2050.0
11.3266,9.0990,2855882,gneiss,Proterozoic,2050.0
11.5050,9.0990,2855882,gneiss,Proterozoic,2050.0
11.6834,9.0990,2855882,gneiss,Proterozoic,2050.0
11.8617,9.0990,2855882,gneiss,Proterozoic,2050.0
12.0401,9.0990,2813702,sandstone,Paleozoic,307.4
12.2185,9.0990,2813702,sandstone,Paleozoic,307.4
12.3968,9.0990,2813702,sandstone,Paleozoic,307.4
12.5752,9.0990,2813702,sandstone,Paleozoic,307.4
12.7536,9.0990,3014794,sandstone,Paleozoic,263.9
12.9320,9.0990,3014794,sandstone,Paleozoic,263.9
13.1103,9.0990,3014794,sandstone,Paleozoic,263.9
13.2887,9.0990,2855586,sandstone,Mesozoic,132.0
13.4671,9.0990,2855586,sandstone,Mesozoic,132.0
13.6455,9.0990,2740920,shale,Mesozoic,92.4
13.8238,9.0990,2740920,shale,Mesozoic,92.4
14.0022,9.0990,2740920,shale,Mesozoic,92.4
14.1806,9.0990,2822474,shale,Mesozoic,79.6
14.3589,9.0990,2822474,shale,Mesozoic,79.6
14.5373,9.0990,3006567,sandstone,Mesozoic,72.0
14.7157,9.0990,3006567,sandstone,Mesozoic,72.0
14.8941,9.0990,3006567,sandstone,Mesozoic,72.0
15.0724,9.0990,2954406,sandstone,Mesozoic,67.2
15.2508,9.0990,2954406,sandstone,Mesozoic,67.2
15.4292,9.0990,2954406,sandstone,Mesozoic,67.2
15.6075,9.0990,2954406,sandstone,Mesozoic,67.2
15.7859,9.0990,2954406,sandstone,Mesozoic,67.2
15.9643,9.0990,2954406,sandstone,Mesozoic,67.2
16.1427,9.0990,2954406,sandstone,Mesozoic,67.2
16.3210,9.0990,2954406,sandstone,Mesozoic,67.2
16.4994,9.0990,2954406,sandstone,Mesozoic,67.2
16.6778,9.0990,2954406,sandstone,Mesozoic,67.2
16.8561,9.0990,2954406,sandstone,Mesozoic,67.2
17.0345,9.0990,2954406,sandstone,Mesozoic,67.2
17.2129,9.0990,2954406,sandstone,Mesozoic,67.2
17.3913,9.0990,2954406,sandstone,Mesozoic,67.2
17.5696,9.0990,2954406,sandstone,Mesozoic,67.2
17.7480,9.0990,2954406,sandstone,Mesozoic,67.2
17.9264,9.0990,2954406,sandstone,Mesozoic,67.2
18.1048,9.0990,2954406,sandstone,Mesozoic,67.2
18.2831,9.0990,2954406,sandstone,Mesozoic,67.2
18.4615,9.0990,2954406,sandstone,Mesozoic,67.2
18.6399,9.0990,2954406,sandstone,Mesozoic,67.2
18.8182,9.0990,2954406,sandstone,Mesozoic,67.2
18.9966,9.0990,2954406,sandstone,Mesozoic,67.2
19.1750,9.0990,2954406,sandstone,Mesozoic,67.2
19.3534,9.0990,2954406,sandstone,Mesozoic,67.2
19.5317,9.0990,2954406,sandstone,Mesozoic,67.2
19.7101,9.0990,2954406,sandstone,Mesozoic,67.2
19.8885,9.0990,2954406,sandstone,Mesozoic,67.2
20.0668,9.0990,2954406,sandstone,Mesozoic,67.2
20.2452,9.0990,2954406,sandstone,Mesozoic,67.2
20.4236,9.0990,2954406,sandstone,Mesozoic,67.2
20.6020,9.0990,2954406,sandstone,Mesozoic,67.2
20.7803,9.0990,2954406,sandstone,Mesozoic,67.2
20.9587,9.0990,2954406,sandstone,Mesozoic,67.2
21.1371,9.0990,2954406,sandstone,Mesozoic,67.2
21.3154,9.0990,2954406,sandstone,Mesozoic,67.2
0.0892,9.3293,2957947,gneiss,Proterozoic,2050.0
0.2676,9.3293,2957947,gneiss,Proterozoic,2050.0
0.4459,9.3293,2957947,gneiss,Proterozoic,2050.0
0.6243,9.3293,2957947,gneiss,Proterozoic,2050.0
0.8027,9.3293,2957947,gneiss,Proterozoic,2050.0
0.9810,9.3293,2957947,gneiss,Proterozoic,2050.0
1.1594,9.3293,2957947,gneiss,Proterozoic,2050.0
1.3378,9.3293,2957947,gneiss,Proterozoic,2050.0
1.5162,9.3293,2957947,gneiss,Proterozoic,2050.0
1.6945,9.3293,2957947,gneiss,Proterozoic,2050.0
1.8729,9.3293,2957947,gneiss,Proterozoic,2050.0
2.0513,9.3293,2957947,gneiss,Proterozoic,2050.0
2.2296,9.3293,2957947,gneiss,Proterozoic,2050.0
2.4080,9.3293,2957947,gneiss,Proterozoic,2050.0
2.5864,9.3293,2957947,gneiss,Proterozoic,2050.0
2.7648,9.3293,2957947,gneiss,Proterozoic,2050.0
2.9431,9.3293,2957947,gneiss,Proterozoic,2050.0
3.1215,9.3293,2957947,gneiss,Proterozoic,2050.0
3.2999,9.3293,2957947,gneiss,Proterozoic,2050.0
3.4783,9.3293,2957947,gneiss,Proterozoic,2050.0
3.6566,9.3293,2957947,gneiss,Proterozoic,2050.0
3.8350,9.3293,2957947,gneiss,Proterozoic,2050.0
4.0134,9.3293,2855882,gneiss,Proterozoic,2050.0
4.1917,9.3293,2855882,gneiss,Proterozoic,2050.0
4.3701,9.3293,2855882,gneiss,Proterozoic,2050.0
4.5485,9.3293,2855882,gneiss,Proterozoic,2050.0
4.7269,9.3293,2855882,gneiss,Proterozoic,2050.0
4.9052,9.3293,2855882,gneiss,Proterozoic,2050.0
5.0836,9.3293,2855882,gneiss,Proterozoic,2050.0
5.2620,9.3293,2855882,gneiss,Proterozoic,2050.0
5.4403,9.3293,2855882,gneiss,Proterozoic,2050.0
5.6187,9.3293,2855882,gneiss,Proterozoic,2050.0
5.7971,9.3293,2855882,gneiss,Proterozoic,2050.0
5.9755,9.3293,2855882,gneiss,Proterozoic,2050.0
6.1538,9.3293,2855882,gneiss,Proterozoic,2050.0
6.3322,9.3293,2855882,gneiss,Proterozoic,2050.0
6.5106,9.3293,2855882,gneiss,Proterozoic,2050.0
6.6889,9.3293,2855882,gneiss,Proterozoic,2050.0
6.8673,9.3293,2855882,gneiss,Proterozoic,2050.0
7.0457,9.3293,2855882,gneiss,Proterozoic,2050.0
7.2241,9.3293,2855882,gneiss,Proterozoic,2050.0
7.4024,9.3293,2855882,gneiss,Proterozoic,2050.0
7.5808,9.3293,2855882,gneiss,Proterozoic,2050.0
7.7592,9.3293,2855882,gneiss,Proterozoic,2050.0
7.9376,9.3293,2855882,gneiss,Proterozoic,2050.0
8.1159,9.3293,2855882,gneiss,Proterozoic,2050.0
8.2943,9.3293,2855882,gneiss,Proterozoic,2050.0
8.4727,9.3293,2855882,gneiss,Proterozoic,2050.0
8.6510,9.3293,2855882,gneiss,Proterozoic,2050.0
8.8294,9.3293,2855882,gneiss,Proterozoic,2050.0
9.0078,9.3293,2855882,gneiss,Proterozoic,2050.0
9.1862,9.3293,2855882,gneiss,Proterozoic,2050.0
9.3645,9.3293,2855882,gneiss,Proterozoic,2050.0
9.5429,9.3293,2855882,gneiss,Proterozoic,2050.0
9.7213,9.3293,2855882,gneiss,Proterozoic,2050.0
9.8996,9.3293,2855882,gneiss,Proterozoic,2050.0
10.0780,9.3293,2855882,gneiss,Proterozoic,2050.0
10.2564,9.3293,2855882,gneiss,Proterozoic,2050.0
10.4348,9.3293,2855882,gneiss,Proterozoic,2050.0
10.6131,9.3293,2855882,gneiss,Proterozoic,2050.0
10.7915,9.3293,2855882,gneiss,Proterozoic,2050.0
10.9699,9.3293,2855882,gneiss,Proterozoic,2050.0
11.1482,9.3293,2855882,gneiss,Proterozoic,2050.0
11.3266,9.3293,2855882,gneiss,Proterozoic,2050.0
11.5050,9.3293,2855882,gneiss,Proterozoic,2050.0
11.6834,9.3293,2855882,gneiss,Proterozoic,2050.0
11.8617,9.3293,2855882,gneiss,Proterozoic,2050.0
12.0401,9.3293,2813702,sandstone,Paleozoic,307.4
12.2185,9.3293,2813702,sandstone,Paleozoic,307.4
12.3968,9.3293,2813702,sandstone,Paleozoic,307.4
12.5752,9.3293,3014794,sandstone,Paleozoic,263.9
12.7536,9.3293,3014794,sandstone,Paleozoic,263.9
12.9320,9.3293,3014794,sandstone,Paleozoic,263.9
13.1103,9.3293,3014794,sandstone,Paleozoic,263.9
13.2887,9.3293,2855586,sandstone,Mesozoic,132.0
13.4671,9.3293,2855586,sandstone,Mesozoic,132.0
13.6455,9.3293,2740920,shale,Mesozoic,92.4
13.8238,9.3293,2740920,shale,Mesozoic,92.4
14.0022,9.3293,2822474,shale,Mesozoic,79.6
14.1806,9.3293,2822474,shale,Mesozoic,79.6
14.3589,9.3293,3006567,sandstone,Mesozoic,72.0
14.5373,9.3293,3006567,sandstone,Mesozoic,72.0
14.7157,9.3293,3006567,sandstone,Mesozoic,72.0
14.8941,9.3293,3006567,sandstone,Mesozoic,72.0
15.0724,9.3293,2954406,sandstone,Mesozoic,67.2
15.2508,9.3293,2954406,sandstone,Mesozoic,67.2
15.4292,9.3293,2954406,sandstone,Mesozoic,67.2
15.6075,9.3293,2954406,sandstone,Mesozoic,67.2
15.7859,9.3293,2954406,sandstone,Mesozoic,67.2
15.9643,9.3293,2954406,sandstone,Mesozoic,67.2
16.1427,9.3293,2954406,sandstone,Mesozoic,67.2
16.3210,9.3293,2954406,sandstone,Mesozoic,67.2
16.4994,9.3293,2954406,sandstone,Mesozoic,67.2
16.6778,9.3293,2954406,sandstone,Mesozoic,67.2
16.8561,9.3293,2954406,sandstone,Mesozoic,67.2
17.0345,9.3293,2954406,sandstone,Mesozoic,67.2
17.2129,9.3293,2954406,sandstone,Mesozoic,67.2
17.3913,9.3293,2954406,sandstone,Mesozoic,67.2
17.5696,9.3293,2954406,sandstone,Mesozoic,67.2
17.7480,9.3293,2954406,sandstone,Mesozoic,67.2
17.9264,9.3293,2954406,sandstone,Mesozoic,67.2
18.1048,9.3293,2954406,sandstone,Mesozoic,67.2
18.2831,9.3293,2954406,sandstone,Mesozoic,67.2
18.4615,9.3293,2954406,sandstone,Mesozoic,67.2
18.6399,9.3293,2954406,sandstone,Mesozoic,67.2
18.8182,9.3293,2954406,sandstone,Mesozoic,67.2
18.9966,9.3293,2954406,sandstone,Mesozoic,67.2
19.1750,9.3293,2954406,sandstone,Mesozoic,67.2
19.3534,9.3293,2954406,sandstone,Mesozoic,67.2
19.5317,9.3293,2954406,sandstone,Mesozoic,67.2
19.7101,9.3293,2954406,sandstone,Mesozoic,67.2
19.8885,9.3293,2954406,sandstone,Mesozoic,67.2
20.0668,9.3293,2954406,sandstone,Mesozoic,67.2
20.2452,9.3293,2954406,sandstone,Mesozoic,67.2
20.4236,9.3293,2954406,sandstone,Mesozoic,67.2
20.6020,9.3293,2954406,sandstone,Mesozoic,67.2
20.7803,9.3293,2954406,sandstone,Mesozoic,67.2
20.9587,9.3293,2954406,sandstone,Mesozoic,67.2
21.1371,9.3293,2954406,sandstone,Mesozoic,67.2
21.3154,9.3293,2954406,sandstone,Mesozoic,67.2
0.0892,9.5597,2957947,gneiss,Proterozoic,2050.0
0.2676,9.5597,2957947,gneiss,Proterozoic,2050.0
0.4459,9.5597,2957947,gneiss,Proterozoic,2050.0
0.6243,9.5597,2957947,gneiss,Proterozoic,2050.0
0.8027,9.5597,2957947,gneiss,Proterozoic,2050.0
0.9810,9.5597,2957947,gneiss,Proterozoic,2050.0
1.1594,9.5597,2957947,gneiss,Proterozoic,2050.0
1.3378,9.5597,2957947,gneiss,Proterozoic,2050.0
1.5162,9.5597,2957947,gneiss,Proterozoic,2050.0
1.6945,9.5597,2957947,gneiss,Proterozoic,2050.0
1.8729,9.5597,2957947,gneiss,Proterozoic,2050.0
2.0513,9.5597,2957947,gneiss,Proterozoic,2050.0
2.2296,9.5597,2957947,gneiss,Proterozoic,2050.0
2.4080,9.5597,2855882,gneiss,Proterozoic,2050.0
2.5864,9.5597,2855882,gneiss,Proterozoic,2050.0
2.7648,9.5597,2855882,gneiss,Proterozoic,2050.0
2.9431,9.5597,2957947,gneiss,Proterozoic,2050.0
3.1215,9.5597,2957947,gneiss,Proterozoic,2050.0
3.2999,9.5597,2957947,gneiss,Proterozoic,2050.0
3.4783,9.5597,2957947,gneiss,Proterozoic,2050.0
3.6566,9.5597,2957947,gneiss,Proterozoic,2050.0
3.8350,9.5597,2855882,gneiss,Proterozoic,2050.0
4.0134,9.5597,2855882,gneiss,Proterozoic,2050.0
4.1917,9.5597,2855882,gneiss,Proterozoic,2050.0
4.3701,9.5597,2855882,gneiss,Proterozoic,2050.0
4.5485,9.5597,2855882,gneiss,Proterozoic,2050.0
4.7269,9.5597,2855882,gneiss,Proterozoic,2050.0
4.9052,9.5597,2855882,gneiss,Proterozoic,2050.0
5.0836,9.5597,2855882,gneiss,Proterozoic,2050.0
5.2620,9.5597,2855882,gneiss,Proterozoic,2050.0
5.4403,9.5597,2855882,gneiss,Proterozoic,2050.0
5.6187,9.5597,2855882,gneiss,Proterozoic,2050.0
5.7971,9.5597,2855882,gneiss,Proterozoic,2050.0
5.9755,9.5597,2855882,gneiss,Proterozoic,2050.0
6.1538,9.5597,2855882,gneiss,Proterozoic,2050.0
6.3322,9.5597,2855882,gneiss,Proterozoic,2050.0
6.5106,9.5597,2855882,gneiss,Proterozoic,2050.0
6.6889,9.5597,2855882,gneiss,Proterozoic,2050.0
6.8673,9.5597,2855882,gneiss,Proterozoic,2050.0
7.0457,9.5597,2855882,gneiss,Proterozoic,2050.0
7.2241,9.5597,2855882,gneiss,Proterozoic,2050.0
7.4024,9.5597,2855882,gneiss,Proterozoic,2050.0
7.5808,9.5597,2855882,gneiss,Proterozoic,2050.0
7.7592,9.5597,2855882,gneiss,Proterozoic,2050.0
7.9376,9.5597,2855882,gneiss,Proterozoic,2050.0
8.1159,9.5597,2855882,gneiss,Proterozoic,2050.0
8.2943,9.5597,2855882,gneiss,Proterozoic,2050.0
8.4727,9.5597,2855882,gneiss,Proterozoic,2050.0
8.6510,9.5597,2855882,gneiss,Proterozoic,2050.0
8.8294,9.5597,2855882,gneiss,Proterozoic,2050.0
9.0078,9.5597,2855882,gneiss,Proterozoic,2050.0
9.1862,9.5597,2855882,gneiss,Proterozoic,2050.0
9.3645,9.5597,2855882,gneiss,Proterozoic,2050.0
9.5429,9.5597,2855882,gneiss,Proterozoic,2050.0
9.7213,9.5597,2855882,gneiss,Proterozoic,2050.0
9.8996,9.5597,2855882,gneiss,Proterozoic,2050.0
10.0780,9.5597,2855882,gneiss,Proterozoic,2050.0
10.2564,9.5597,2855882,gneiss,Proterozoic,2050.0
10.4348,9.5597,2855882,gneiss,Proterozoic,2050.0
10.6131,9.5597,2855882,gneiss,Proterozoic,2050.0
10.7915,9.5597,2855882,gneiss,Proterozoic,2050.0
10.9699,9.5597,2855882,gneiss,Proterozoic,2050.0
11.1482,9.5597,2855882,gneiss,Proterozoic,2050.0
11.3266,9.5597,2855882,gneiss,Proterozoic,2050.0
11.5050,9.5597,2855882,gneiss,Proterozoic,2050.0
11.6834,9.5597,2855882,gneiss,Proterozoic,2050.0
11.8617,9.5597,2855882,gneiss,Proterozoic,2050.0
12.0401,9.5597,2813702,sandstone,Paleozoic,307.4
12.2185,9.5597,2813702,sandstone,Paleozoic,307.4
12.3968,9.5597,2813702,sandstone,Paleozoic,307.4
12.5752,9.5597,3014794,sandstone,Paleozoic,263.9
12.7536,9.5597,3014794,sandstone,Paleozoic,263.9
12.9320,9.5597,3014794,sandstone,Paleozoic,263.9
13.1103,9.5597,2855586,sandstone,Mesozoic,132.0
13.2887,9.5597,2855586,sandstone,Mesozoic,132.0
13.4671,9.5597,2855586,sandstone,Mesozoic,132.0
13.6455,9.5597,2740920,shale,Mesozoic,92.4
13.8238,9.5597,2822474,shale,Mesozoic,79.6
14.0022,9.5597,2822474,shale,Mesozoic,79.6
14.1806,9.5597,2822474,shale,Mesozoic,79.6
14.3589,9.5597,3006567,sandstone,Mesozoic,72.0
14.5373,9.5597,3006567,sandstone,Mesozoic,72.0
14.7157,9.5597,3006567,sandstone,Mesozoic,72.0
14.8941,9.5597,2954406,sandstone,Mesozoic,67.2
15.0724,9.5597,2954406,sandstone,Mesozoic,67.2
15.2508,9.5597,2954406,sandstone,Mesozoic,67.2
15.4292,9.5597,2954406,sandstone,Mesozoic,67.2
15.6075,9.5597,2954406,sandstone,Mesozoic,67.2
15.7859,9.5597,2954406,sandstone,Mesozoic,67.2
15.9643,9.5597,2954406,sandstone,Mesozoic,67.2
16.1427,9.5597,2954406,sandstone,Mesozoic,67.2
16.3210,9.5597,2954406,sandstone,Mesozoic,67.2
16.4994,9.5597,2954406,sandstone,Mesozoic,67.2
16.6778,9.5597,2954406,sandstone,Mesozoic,67.2
16.8561,9.5597,2954406,sandstone,Mesozoic,67.2
17.0345,9.5597,2954406,sandstone,Mesozoic,67.2
17.2129,9.5597,2954406,sandstone,Mesozoic,67.2
17.3913,9.5597,2954406,sandstone,Mesozoic,67.2
17.5696,9.5597,2954406,sandstone,Mesozoic,67.2
17.7480,9.5597,2954406,sandstone,Mesozoic,67.2
17.9264,9.5597,2954406,sandstone,Mesozoic,67.2
18.1048,9.5597,2954406,sandstone,Mesozoic,67.2
18.2831,9.5597,2954406,sandstone,Mesozoic,67.2
18.4615,9.5597,2954406,sandstone,Mesozoic,67.2
18.6399,9.5597,2954406,sandstone,Mesozoic,67.2
18.8182,9.5597,2954406,sandstone,Mesozoic,67.2
18.9966,9.5597,2954406,sandstone,Mesozoic,67.2
19.1750,9.5597,2954406,sandstone,Mesozoic,67.2
19.3534,9.5597,2954406,sandstone,Mesozoic,67.2
19.5317,9.5597,2954406,sandstone,Mesozoic,67.2
19.7101,9.5597,2954406,sandstone,Mesozoic,67.2
19.8885,9.5597,2954406,sandstone,Mesozoic,67.2
20.0668,9.5597,2954406,sandstone,Mesozoic,67.2
20.2452,9.5597,2954406,sandstone,Mesozoic,67.2
20.4236,9.5597,2954406,sandstone,Mesozoic,67.2
20.6020,9.5597,2954406,sandstone,Mesozoic,67.2
20.7803,9.5597,2954406,sandstone,Mesozoic,67.2
20.9587,9.5597,2954406,sandstone,Mesozoic,67.2
21.1371,9.5597,2954406,sandstone,Mesozoic,67.2
21.3154,9.5597,2954406,sandstone,Mesozoic,67.2
0.0892,9.7901,2957947,gneiss,Proterozoic,2050.0
0.2676,9.7901,2957947,gneiss,Proterozoic,2050.0
0.4459,9.7901,2957947,gneiss,Proterozoic,2050.0
0.6243,9.7901,2957947,gneiss,Proterozoic,2050.0
0.8027,9.7901,2957947,gneiss,Proterozoic,2050.0
0.9810,9.7901,2957947,gneiss,Proterozoic,2050.0
1.1594,9.7901,2957947,gneiss,Proterozoic,2050.0
1.3378,9.7901,2957947,gneiss,Proterozoic,2050.0
1.5162,9.7901,2957947,gneiss,Proterozoic,2050.0
1.6945,9.7901,2957947,gneiss,Proterozoic,2050.0
1.8729,9.7901,2855882,gneiss,Proterozoic,2050.0
2.0513,9.7901,2855882,gneiss,Proterozoic,2050.0
2.2296,9.7901,2855882,gneiss,Proterozoic,2050.0
2.4080,9.7901,2855882,gneiss,Proterozoic,2050.0
2.5864,9.7901,2855882,gneiss,Proterozoic,2050.0
2.7648,9.7901,2957947,gneiss,Proterozoic,2050.0
2.9431,9.7901,2957947,gneiss,Proterozoic,2050.0
3.1215,9.7901,2957947,gneiss,Proterozoic,2050.0
3.2999,9.7901,2957947,gneiss,Proterozoic,2050.0
3.4783,9.7901,2957947,gneiss,Proterozoic,2050.0
3.6566,9.7901,2855882,gneiss,Proterozoic,2050.0
3.8350,9.7901,2855882,gneiss,Proterozoic,2050.0
4.0134,9.7901,2855882,gneiss,Proterozoic,2050.0
4.1917,9.7901,2855882,gneiss,Proterozoic,2050.0
4.3701,9.7901,2855882,gneiss,Proterozoic,2050.0
4.5485,9.7901,2855882,gneiss,Proterozoic,2050.0
4.7269,9.7901,2855882,gneiss,Proterozoic,2050.0
4.9052,9.7901,2855882,gneiss,Proterozoic,2050.0
5.0836,9.7901,2855882,gneiss,Proterozoic,2050.0
5.2620,9.7901,2855882,gneiss,Proterozoic,2050.0
5.4403,9.7901,2855882,gneiss,Proterozoic,2050.0
5.6187,9.7901,2855882,gneiss,Proterozoic,2050.0
5.7971,9.7901,2855882,gneiss,Proterozoic,2050.0
5.9755,9.7901,2855882,gneiss,Proterozoic,2050.0
6.1538,9.7901,2855882,gneiss,Proterozoic,2050.0
6.3322,9.7901,2855882,gneiss,Proterozoic,2050.0
6.5106,9.7901,2855882,gneiss,Proterozoic,2050.0
6.6889,9.7901,2855882,gneiss,Proterozoic,2050.0
6.8673,9.7901,2855882,gneiss,Proterozoic,2050.0
7.0457,9.7901,2855882,gneiss,Proterozoic,2050.0
7.2241,9.7901,2855882,gneiss,Proterozoic,2050.0
7.4024,9.7901,2855882,gneiss,Proterozoic,2050.0
7.5808,9.7901,2855882,gneiss,Proterozoic,2050.0
7.7592,9.7901,2855882,gneiss,Proterozoic,2050.0
7.9376,9.7901,2855882,gneiss,Proterozoic,2050.0
8.1159,9.7901,2855882,gneiss,Proterozoic,2050.0
8.2943,9.7901,2855882,gneiss,Proterozoic,2050.0
8.4727,9.7901,2855882,gneiss,Proterozoic,2050.0
8.6510,9.7901,2855882,gneiss,Proterozoic,2050.0
8.8294,9.7901,2855882,gneiss,Proterozoic,2050.0
9.0078,9.7901,2855882,gneiss,Proterozoic,2050.0
9.1862,9.7901,2855882,gneiss,Proterozoic,2050.0
9.3645,9.7901,2855882,gneiss,Proterozoic,2050.0
9.5429,9.7901,2855882,gneiss,Proterozoic,2050.0
9.7213,9.7901,2855882,gneiss,Proterozoic,2050.0
9.8996,9.7901,2855882,gneiss,Proterozoic,2050.0
10.0780,9.7901,2855882,gneiss,Proterozoic,2050.0
10.2564,9.7901,2855882,gneiss,Proterozoic,2050.0
10.4348,9.7901,2855882,gneiss,Proterozoic,2050.0
10.6131,9.7901,2855882,gneiss,Proterozoic,2050.0
10.7915,9.7901,2855882,gneiss,Proterozoic,2050.0
10.9699,9.7901,2855882,gneiss,Proterozoic,2050.0
11.1482,9.7901,2855882,gneiss,Proterozoic,2050.0
11.3266,9.7901,2855882,gneiss,Proterozoic,2050.0
11.5050,9.7901,2855882,gneiss,Proterozoic,2050.0
11.6834,9.7901,2855882,gneiss,Proterozoic,2050.0
11.8617,9.7901,2855882,gneiss,Proterozoic,2050.0
12.0401,9.7901,2813702,sandstone,Paleozoic,307.4
12.2185,9.7901,2813702,sandstone,Paleozoic,307.4
12.3968,9.7901,2813702,sandstone,Paleozoic,307.4
12.5752,9.7901,3014794,sandstone,Paleozoic,263.9
12.7536,9.7901,3014794,sandstone,Paleozoic,263.9
12.9320,9.7901,3014794,sandstone,Paleozoic,263.9
13.1103,9.7901,2855586,sandstone,Mesozoic,132.0
13.2887,9.7901,2855586,sandstone,Mesozoic,132.0
13.4671,9.7901,2740920,shale,Mesozoic,92.4
13.6455,9.7901,2740920,shale,Mesozoic,92.4
13.8238,9.7901,2822474,shale,Mesozoic,79.6
14.0022,9.7901,2822474,shale,Mesozoic,79.6
14.1806,9.7901,3006567,sandstone,Mesozoic,72.0
14.3589,9.7901,3006567,sandstone,Mesozoic,72.0
14.5373,9.7901,3006567,sandstone,Mesozoic,72.0
14.7157,9.7901,2954406,sandstone,Mesozoic,67.2
14.8941,9.7901,2954406,sandstone,Mesozoic,67.2
15.0724,9.7901,2954406,sandstone,Mesozoic,67.2
15.2508,9.7901,2954406,sandstone,Mesozoic,67.2
15.4292,9.7901,2954406,sandstone,Mesozoic,67.2
15.6075,9.7901,2954406,sandstone,Mesozoic,67.2
15.7859,9.7901,2975075,sandstone,Cenozoic,65.3
15.9643,9.7901,2975075,sandstone,Cenozoic,65.3
16.1427,9.7901,2954406,sandstone,Mesozoic,67.2
16.3210,9.7901,2954406,sandstone,Mesozoic,67.2
16.4994,9.7901,2954406,sandstone,Mesozoic,67.2
16.6778,9.7901,2954406,sandstone,Mesozoic,67.2
16.8561,9.7901,2954406,sandstone,Mesozoic,67.2
17.0345,9.7901,2954406,sandstone,Mesozoic,67.2
17.2129,9.7901,2954406,sandstone,Mesozoic,67.2
17.3913,9.7901,2954406,sandstone,Mesozoic,67.2
17.5696,9.7901,2954406,sandstone,Mesozoic,67.2
17.7480,9.7901,2954406,sandstone,Mesozoic,67.2
17.9264,9.7901,2954406,sandstone,Mesozoic,67.2
18.1048,9.7901,2954406,sandstone,Mesozoic,67.2
18.2831,9.7901,2954406,sandstone,Mesozoic,67.2
18.4615,9.7901,2954406,sandstone,Mesozoic,67.2
18.6399,9.7901,2954406,sandstone,Mesozoic,67.2
18.8182,9.7901,2954406,sandstone,Mesozoic,67.2
18.9966,9.7901,2954406,sandstone,Mesozoic,67.2
19.1750,9.7901,2954406,sandstone,Mesozoic,67.2
19.3534,9.7901,2954406,sandstone,Mesozoic,67.2
19.5317,9.7901,2954406,sandstone,Mesozoic,67.2
19.7101,9.7901,2954406,sandstone,Mesozoic,67.2
19.8885,9.7901,2954406,sandstone,Mesozoic,67.2
20.0668,9.7901,2954406,sandstone,Mesozoic,67.2
20.2452,9.7901,2954406,sandstone,Mesozoic,67.2
20.4236,9.7901,2954406,sandstone,Mesozoic,67.2
20.6020,9.7901,2954406,sandstone,Mesozoic,67.2
20.7803,9.7901,2954406,sandstone,Mesozoic,67.2
20.9587,9.7901,2954406,sandstone,Mesozoic,67.2
21.1371,9.7901,2954406,sandstone,Mesozoic,67.2
21.3154,9.7901,2954406,sandstone,Mesozoic,67.2
0.0892,10.0204,2957947,gneiss,Proterozoic,2050.0
0.2676,10.0204,2957947,gneiss,Proterozoic,2050.0
0.4459,10.0204,2957947,gneiss,Proterozoic,2050.0
0.6243,10.0204,2957947,gneiss,Proterozoic,2050.0
0.8027,10.0204,2957947,gneiss,Proterozoic,2050.0
0.9810,10.0204,2957947,gneiss,Proterozoic,2050.0
1.1594,10.0204,2957947,gneiss,Proterozoic,2050.0
1.3378,10.0204,2957947,gneiss,Proterozoic,2050.0
1.5162,10.0204,2855882,gneiss,Proterozoic,2050.0
1.6945,10.0204,2855882,gneiss,Proterozoic,2050.0
1.8729,10.0204,2855882,gneiss,Proterozoic,2050.0
2.0513,10.0204,2855882,gneiss,Proterozoic,2050.0
2.2296,10.0204,2855882,gneiss,Proterozoic,2050.0
2.4080,10.0204,2855882,gneiss,Proterozoic,2050.0
2.5864,10.0204,2855882,gneiss,Proterozoic,2050.0
2.7648,10.0204,2855882,gneiss,Proterozoic,2050.0
2.9431,10.0204,2855882,gneiss,Proterozoic,2050.0
3.1215,10.0204,2855882,gneiss,Proterozoic,2050.0
3.2999,10.0204,2855882,gneiss,Proterozoic,2050.0
3.4783,10.0204,2855882,gneiss,Proterozoic,2050.0
3.6566,10.0204,2855882,gneiss,Proterozoic,2050.0
3.8350,10.0204,2855882,gneiss,Proterozoic,2050.0
4.0134,10.0204,2855882,gneiss,Proterozoic,2050.0
4.1917,10.0204,2855882,gneiss,Proterozoic,2050.0
4.3701,10.0204,2855882,gneiss,Proterozoic,2050.0
4.5485,10.0204,2855882,gneiss,Proterozoic,2050.0
4.7269,10.0204,2855882,gneiss,Proterozoic,2050.0
4.9052,10.0204,2855882,gneiss,Proterozoic,2050.0
5.0836,10.0204,2855882,gneiss,Proterozoic,2050.0
5.2620,10.0204,2855882,gneiss,Proterozoic,2050.0
5.4403,10.0204,2855882,gneiss,Proterozoic,2050.0
5.6187,10.0204,2855882,gneiss,Proterozoic,2050.0
5.7971,10.0204,2855882,gneiss,Proterozoic,2050.0
5.9755,10.0204,2855882,gneiss,Proterozoic,2050.0
6.1538,10.0204,2855882,gneiss,Proterozoic,2050.0
6.3322,10.0204,2855882,gneiss,Proterozoic,2050.0
6.5106,10.0204,2855882,gneiss,Proterozoic,2050.0
6.6889,10.0204,2855882,gneiss,Proterozoic,2050.0
6.8673,10.0204,2855882,gneiss,Proterozoic,2050.0
7.0457,10.0204,2855882,gneiss,Proterozoic,2050.0
7.2241,10.0204,2855882,gneiss,Proterozoic,2050.0
7.4024,10.0204,2855882,gneiss,Proterozoic,2050.0
7.5808,10.0204,2855882,gneiss,Proterozoic,2050.0
7.7592,10.0204,2855882,gneiss,Proterozoic,2050.0
7.9376,10.0204,2855882,gneiss,Proterozoic,2050.0
8.1159,10.0204,2855882,gneiss,Proterozoic,2050.0
8.2943,10.0204,2855882,gneiss,Proterozoic,2050.0
8.4727,10.0204,2855882,gneiss,Proterozoic,2050.0
8.6510,10.0204,2855882,gneiss,Proterozoic,2050.0
8.8294,10.0204,2855882,gneiss,Proterozoic,2050.0
9.0078,10.0204,2855882,gneiss,Proterozoic,2050.0
9.1862,10.0204,2855882,gneiss,Proterozoic,2050.0
9.3645,10.0204,2855882,gneiss,Proterozoic,2050.0
9.5429,10.0204,2855882,gneiss,Proterozoic,2050.0
9.7213,10.0204,2855882,gneiss,Proterozoic,2050.0
9.8996,10.0204,2855882,gneiss,Proterozoic,2050.0
10.0780,10.0204,2855882,gneiss,Proterozoic,2050.0
10.2564,10.0204,2855882,gneiss,Proterozoic,2050.0
10.4348,10.0204,2855882,gneiss,Proterozoic,2050.0
10.6131,10.0204,2855882,gneiss,Proterozoic,2050.0
10.7915,10.0204,2855882,gneiss,Proterozoic,2050.0
10.9699,10.0204,2855882,gneiss,Proterozoic,2050.0
11.1482,10.0204,2855882,gneiss,Proterozoic,2050.0
11.3266,10.0204,2855882,gneiss,Proterozoic,2050.0
11.5050,10.0204,2855882,gneiss,Proterozoic,2050.0
11.6834,10.0204,2855882,gneiss,Proterozoic,2050.0
11.8617,10.0204,2813702,sandstone,Paleozoic,307.4
12.0401,10.0204,2813702,sandstone,Paleozoic,307.4
12.2185,10.0204,2813702,sandstone,Paleozoic,307.4
12.3968,10.0204,3014794,sandstone,Paleozoic,263.9
12.5752,10.0204,3014794,sandstone,Paleozoic,263.9
12.7536,10.0204,3014794,sandstone,Paleozoic,263.9
12.9320,10.0204,2855586,sandstone,Mesozoic,132.0
13.1103,10.0204,2855586,sandstone,Mesozoic,132.0
13.2887,10.0204,2855586,sandstone,Mesozoic,132.0
13.4671,10.0204,2740920,shale,Mesozoic,92.4
13.6455,10.0204,2740920,shale,Mesozoic,92.4
13.8238,10.0204,2822474,shale,Mesozoic,79.6
14.0022,10.0204,2822474,shale,Mesozoic,79.6
14.1806,10.0204,3006567,sandstone,Mesozoic,72.0
14.3589,10.0204,3006567,sandstone,Mesozoic,72.0
14.5373,10.0204,2954406,sandstone,Mesozoic,67.2
14.7157,10.0204,2954406,sandstone,Mesozoic,67.2
14.8941,10.0204,2954406,sandstone,Mesozoic,67.2
15.0724,10.0204,2954406,sandstone,Mesozoic,67.2
15.2508,10.0204,2954406,sandstone,Mesozoic,67.2
15.4292,10.0204,2954406,sandstone,Mesozoic,67.2
15.6075,10.0204,2975075,sandstone,Cenozoic,65.3
15.7859,10.0204,2975075,sandstone,Cenozoic,65.3
15.9643,10.0204,2975075,sandstone,Cenozoic,65.3
16.1427,10.0204,2954406,sandstone,Mesozoic,67.2
16.3210,10.0204,2954406,sandstone,Mesozoic,67.2
16.4994,10.0204,2954406,sandstone,Mesozoic,67.2
16.6778,10.0204,2954406,sandstone,Mesozoic,67.2
16.8561,10.0204,2954406,sandstone,Mesozoic,67.2
17.0345,10.0204,2954406,sandstone,Mesozoic,67.2
17.2129,10.0204,2954406,sandstone,Mesozoic,67.2
17.3913,10.0204,2954406,sandstone,Mesozoic,67.2
17.5696,10.0204,2954406,sandstone,Mesozoic,67.2
17.7480,10.0204,2954406,sandstone,Mesozoic,67.2
17.9264,10.0204,2954406,sandstone,Mesozoic,67.2
18.1048,10.0204,2954406,sandstone,Mesozoic,67.2
18.2831,10.0204,2954406,sandstone,Mesozoic,67.2
18.4615,10.0204,2954406,sandstone,Mesozoic,67.2
18.6399,10.0204,2954406,sandstone,Mesozoic,67.2
18.8182,10.0204,2954406,sandstone,Mesozoic,67.2
18.9966,10.0204,2954406,sandstone,Mesozoic,67.2
19.1750,10.0204,2954406,sandstone,Mesozoic,67.2
19.3534,10.0204,2954406,sandstone,Mesozoic,67.2
19.5317,10.0204,2954406,sandstone,Mesozoic,67.2
19.7101,10.0204,2954406,sandstone,Mesozoic,67.2
19.8885,10.0204,2954406,sandstone,Mesozoic,67.2
20.0668,10.0204,2954406,sandstone,Mesozoic,67.2
20.2452,10.0204,2954406,sandstone,Mesozoic,67.2
20.4236,10.0204,2954406,sandstone,Mesozoic,67.2
20.6020,10.0204,2954406,sandstone,Mesozoic,67.2
20.7803,10.0204,2954406,sandstone,Mesozoic,67.2
20.9587,10.0204,2954406,sandstone,Mesozoic,67.2
21.1371,10.0204,2954406,sandstone,Mesozoic,67.2
21.3154,10.0204,2954406,sandstone,Mesozoic,67.2
0.0892,10.2508,2957947,gneiss,Proterozoic,2050.0
0.2676,10.2508,2957947,gneiss,Proterozoic,2050.0
0.4459,10.2508,2957947,gneiss,Proterozoic,2050.0
0.6243,10.2508,2957947,gneiss,Proterozoic,2050.0
0.8027,10.2508,2957947,gneiss,Proterozoic,2050.0
0.9810,10.2508,2957947,gneiss,Proterozoic,2050.0
1.1594,10.2508,2855882,gneiss,Proterozoic,2050.0
1.3378,10.2508,2855882,gneiss,Proterozoic,2050.0
1.5162,10.2508,2855882,gneiss,Proterozoic,2050.0
1.6945,10.2508,2855882,gneiss,Proterozoic,2050.0
1.8729,10.2508,2855882,gneiss,Proterozoic,2050.0
2.0513,10.2508,2855882,gneiss,Proterozoic,2050.0
2.2296,10.2508,2855882,gneiss,Proterozoic,2050.0
2.4080,10.2508,2855882,gneiss,Proterozoic,2050.0
2.5864,10.2508,2855882,gneiss,Proterozoic,2050.0
2.7648,10.2508,2855882,gneiss,Proterozoic,2050.0
2.9431,10.2508,2855882,gneiss,Proterozoic,2050.0
3.1215,10.2508,2855882,gneiss,Proterozoic,2050.0
3.2999,10.2508,2855882,gneiss,Proterozoic,2050.0
3.4783,10.2508,2855882,gneiss,Proterozoic,2050.0
3.6566,10.2508,2855882,gneiss,Proterozoic,2050.0
3.8350,10.2508,2855882,gneiss,Proterozoic,2050.0
4.0134,10.2508,2855882,gneiss,Proterozoic,2050.0
4.1917,10.2508,2855882,gneiss,Proterozoic,2050.0
4.3701,10.2508,2855882,gneiss,Proterozoic,2050.0
4.5485,10.2508,2855882,gneiss,Proterozoic,2050.0
4.7269,10.2508,2855882,gneiss,Proterozoic,2050.0
4.9052,10.2508,2855882,gneiss,Proterozoic,2050.0
5.0836,10.2508,2855882,gneiss,Proterozoic,2050.0
5.2620,10.2508,2855882,gneiss,Proterozoic,2050.0
5.4403,10.2508,2855882,gneiss,Proterozoic,2050.0
5.6187,10.2508,2855882,gneiss,Proterozoic,2050.0
5.7971,10.2508,2855882,gneiss,Proterozoic,2050.0
5.9755,10.2508,2855882,gneiss,Proterozoic,2050.0
6.1538,10.2508,2855882,gneiss,Proterozoic,2050.0
6.3322,10.2508,2855882,gneiss,Proterozoic,2050.0
6.5106,10.2508,2855882,gneiss,Proterozoic,2050.0
6.6889,10.2508,2855882,gneiss,Proterozoic,2050.0
6.8673,10.2508,2855882,gneiss,Proterozoic,2050.0
7.0457,10.2508,2855882,gneiss,Proterozoic,2050.0
7.2241,10.2508,2855882,gneiss,Proterozoic,2050.0
7.4024,10.2508,2855882,gneiss,Proterozoic,2050.0
7.5808,10.2508,2855882,gneiss,Proterozoic,2050.0
7.7592,10.2508,2855882,gneiss,Proterozoic,2050.0
7.9376,10.2508,2855882,gneiss,Proterozoic,2050.0
8.1159,10.2508,2855882,gneiss,Proterozoic,2050.0
8.2943,10.2508,2855882,gneiss,Proterozoic,2050.0
8.4727,10.2508,2855882,gneiss,Proterozoic,2050.0
8.6510,10.2508,2855882,gneiss,Proterozoic,2050.0
8.8294,10.2508,2855882,gneiss,Proterozoic,2050.0
9.0078,10.2508,2855882,gneiss,Proterozoic,2050.0
9.1862,10.2508,2855882,gneiss,Proterozoic,2050.0
9.3645,10.2508,2855882,gneiss,Proterozoic,2050.0
9.5429,10.2508,2855882,gneiss,Proterozoic,2050.0
9.7213,10.2508,2855882,gneiss,Proterozoic,2050.0
9.8996,10.2508,2855882,gneiss,Proterozoic,2050.0
10.0780,10.2508,2855882,gneiss,Proterozoic,2050.0
10.2564,10.2508,2855882,gneiss,Proterozoic,2050.0
10.4348,10.2508,2855882,gneiss,Proterozoic,2050.0
10.6131,10.2508,2855882,gneiss,Proterozoic,2050.0
10.7915,10.2508,2855882,gneiss,Proterozoic,2050.0
10.9699,10.2508,2855882,gneiss,Proterozoic,2050.0
11.1482,10.2508,2855882,gneiss,Proterozoic,2050.0
11.3266,10.2508,2855882,gneiss,Proterozoic,2050.0
11.5050,10.2508,2855882,gneiss,Proterozoic,2050.0
11.6834,10.2508,2855882,gneiss,Proterozoic,2050.0
11.8617,10.2508,2855882,gneiss,Proterozoic,2050.0
12.0401,10.2508,2813702,sandstone,Paleozoic,307.4
12.2185,10.2508,2813702,sandstone,Paleozoic,307.4
12.3968,10.2508,3014794,sandstone,Paleozoic,263.9
12.5752,10.2508,3014794,sandstone,Paleozoic,263.9
12.7536,10.2508,3014794,sandstone,Paleozoic,263.9
12.9320,10.2508,2855586,sandstone,Mesozoic,132.0
13.1103,10.2508,2855586,sandstone,Mesozoic,132.0
13.2887,10.2508,2740920,shale,Mesozoic,92.4
13.4671,10.2508,2740920,shale,Mesozoic,92.4
13.6455,10.2508,2822474,shale,Mesozoic,79.6
13.8238,10.2508,2822474,shale,Mesozoic,79.6
14.0022,10.2508,3006567,sandstone,Mesozoic,72.0
14.1806,10.2508,3006567,sandstone,Mesozoic,72.0
14.3589,10.2508,3006567,sandstone,Mesozoic,72.0
14.5373,10.2508,2954406,sandstone,Mesozoic,67.2
14.7157,10.2508,2954406,sandstone,Mesozoic,67.2
14.8941,10.2508,2954406,sandstone,Mesozoic,67.2
15.0724,10.2508,2954406,sandstone,Mesozoic,67.2
15.2508,10.2508,2954406,sandstone,Mesozoic,67.2
15.4292,10.2508,2975075,sandstone,Cenozoic,65.3
15.6075,10.2508,2975075,sandstone,Cenozoic,65.3
15.7859,10.2508,2975075,sandstone,Cenozoic,65.3
15.9643,10.2508,2975075,sandstone,Cenozoic,65.3
16.1427,10.2508,2975075,sandstone,Cenozoic,65.3
16.3210,10.2508,2975075,sandstone,Cenozoic,65.3
16.4994,10.2508,2975075,sandstone,Cenozoic,65.3
16.6778,10.2508,2975075,sandstone,Cenozoic,65.3
16.8561,10.2508,2954406,sandstone,Mesozoic,67.2
17.0345,10.2508,2954406,sandstone,Mesozoic,67.2
17.2129,10.2508,2954406,sandstone,Mesozoic,67.2
17.3913,10.2508,2954406,sandstone,Mesozoic,67.2
17.5696,10.2508,2954406,sandstone,Mesozoic,67.2
17.7480,10.2508,2954406,sandstone,Mesozoic,67.2
17.9264,10.2508,2954406,sandstone,Mesozoic,67.2
18.1048,10.2508,2954406,sandstone,Mesozoic,67.2
18.2831,10.2508,2954406,sandstone,Mesozoic,67.2
18.4615,10.2508,2954406,sandstone,Mesozoic,67.2
18.6399,10.2508,2954406,sandstone,Mesozoic,67.2
18.8182,10.2508,2954406,sandstone,Mesozoic,67.2
18.9966,10.2508,2954406,sandstone,Mesozoic,67.2
19.1750,10.2508,2954406,sandstone,Mesozoic,67.2
19.3534,10.2508,2954406,sandstone,Mesozoic,67.2
19.5317,10.2508,2954406,sandstone,Mesozoic,67.2
19.7101,10.2508,2954406,sandstone,Mesozoic,67.2
19.8885,10.2508,2954406,sandstone,Mesozoic,67.2
20.0668,10.2508,2954406,sandstone,Mesozoic,67.2
20.2452,10.2508,2954406,sandstone,Mesozoic,67.2
20.4236,10.2508,2954406,sandstone,Mesozoic,67.2
20.6020,10.2508,2954406,sandstone,Mesozoic,67.2
20.7803,10.2508,2954406,sandstone,Mesozoic,67.2
20.9587,10.2508,2954406,sandstone,Mesozoic,67.2
21.1371,10.2508,2954406,sandstone,Mesozoic,67.2
21.3154,10.2508,2954406,sandstone,Mesozoic,67.2
0.0892,10.4811,2957947,gneiss,Proterozoic,2050.0
0.2676,10.4811,2957947,gneiss,Proterozoic,2050.0
0.4459,10.4811,2957947,gneiss,Proterozoic,2050.0
0.6243,10.4811,2855882,gneiss,Proterozoic,2050.0
0.8027,10.4811,2855882,gneiss,Proterozoic,2050.0
0.9810,10.4811,2855882,gneiss,Proterozoic,2050.0
1.1594,10.4811,2855882,gneiss,Proterozoic,2050.0
1.3378,10.4811,2855882,gneiss,Proterozoic,2050.0
1.5162,10.4811,2855882,gneiss,Proterozoic,2050.0
1.6945,10.4811,2855882,gneiss,Proterozoic,2050.0
1.8729,10.4811,2855882,gneiss,Proterozoic,2050.0
2.0513,10.4811,2855882,gneiss,Proterozoic,2050.0
2.2296,10.4811,2855882,gneiss,Proterozoic,2050.0
2.4080,10.4811,2855882,gneiss,Proterozoic,2050.0
2.5864,10.4811,2855882,gneiss,Proterozoic,2050.0
2.7648,10.4811,2855882,gneiss,Proterozoic,2050.0
2.9431,10.4811,2855882,gneiss,Proterozoic,2050.0
3.1215,10.4811,2855882,gneiss,Proterozoic,2050.0
3.2999,10.4811,2855882,gneiss,Proterozoic,2050.0
3.4783,10.4811,2855882,gneiss,Proterozoic,2050.0
3.6566,10.4811,2855882,gneiss,Proterozoic,2050.0
3.8350,10.4811,2855882,gneiss,Proterozoic,2050.0
4.0134,10.4811,2855882,gneiss,Proterozoic,2050.0
4.1917,10.4811,2855882,gneiss,Proterozoic,2050.0
4.3701,10.4811,2855882,gneiss,Proterozoic,2050.0
4.5485,10.4811,2855882,gneiss,Proterozoic,2050.0
4.7269,10.4811,2855882,gneiss,Proterozoic,2050.0
4.9052,10.4811,2855882,gneiss,Proterozoic,2050.0
5.0836,10.4811,2855882,gneiss,Proterozoic,2050.0
5.2620,10.4811,2855882,gneiss,Proterozoic,2050.0
5.4403,10.4811,2855882,gneiss,Proterozoic,2050.0
5.6187,10.4811,2855882,gneiss,Proterozoic,2050.0
5.7971,10.4811,2855882,gneiss,Proterozoic,2050.0
5.9755,10.4811,2855882,gneiss,Proterozoic,2050.0
6.1538,10.4811,2855882,gneiss,Proterozoic,2050.0
6.3322,10.4811,2855882,gneiss,Proterozoic,2050.0
6.5106,10.4811,2855882,gneiss,Proterozoic,2050.0
6.6889,10.4811,2855882,gneiss,Proterozoic,2050.0
6.8673,10.4811,2855882,gneiss,Proterozoic,2050.0
7.0457,10.4811,2855882,gneiss,Proterozoic,2050.0
7.2241,10.4811,2855882,gneiss,Proterozoic,2050.0
7.4024,10.4811,2855882,gneiss,Proterozoic,2050.0
7.5808,10.4811,2855882,gneiss,Proterozoic,2050.0
7.7592,10.4811,2855882,gneiss,Proterozoic,2050.0
7.9376,10.4811,2855882,gneiss,Proterozoic,2050.0
8.1159,10.4811,2855882,gneiss,Proterozoic,2050.0
8.2943,10.4811,2855882,gneiss,Proterozoic,2050.0
8.4727,10.4811,2855882,gneiss,Proterozoic,2050.0
8.6510,10.4811,2855882,gneiss,Proterozoic,2050.0
8.8294,10.4811,2855882,gneiss,Proterozoic,2050.0
9.0078,10.4811,2855882,gneiss,Proterozoic,2050.0
9.1862,10.4811,2855882,gneiss,Proterozoic,2050.0
9.3645,10.4811,2855882,gneiss,Proterozoic,2050.0
9.5429,10.4811,2855882,gneiss,Proterozoic,2050.0
9.7213,10.4811,2855882,gneiss,Proterozoic,2050.0
9.8996,10.4811,2855882,gneiss,Proterozoic,2050.0
10.0780,10.4811,2855882,gneiss,Proterozoic,2050.0
10.2564,10.4811,2855882,gneiss,Proterozoic,2050.0
10.4348,10.4811,2855882,gneiss,Proterozoic,2050.0
10.6131,10.4811,2855882,gneiss,Proterozoic,2050.0
10.7915,10.4811,2855882,gneiss,Proterozoic,2050.0
10.9699,10.4811,2855882,gneiss,Proterozoic,2050.0
11.1482,10.4811,2855882,gneiss,Proterozoic,2050.0
11.3266,10.4811,2855882,gneiss,Proterozoic,2050.0
11.5050,10.4811,2855882,gneiss,Proterozoic,2050.0
11.6834,10.4811,2855882,gneiss,Proterozoic,2050.0
11.8617,10.4811,2855882,gneiss,Proterozoic,2050.0
12.0401,10.4811,2813702,sandstone,Paleozoic,307.4
12.2185,10.4811,2813702,sandstone,Paleozoic,307.4
12.3968,10.4811,3014794,sandstone,Paleozoic,263.9
12.5752,10.4811,3014794,sandstone,Paleozoic,263.9
12.7536,10.4811,2855586,sandstone,Mesozoic,132.0
12.9320,10.4811,2855586,sandstone,Mesozoic,132.0
13.1103,10.4811,2855586,sandstone,Mesozoic,132.0
13.2887,10.4811,2740920,shale,Mesozoic,92.4
13.4671,10.4811,2740920,shale,Mesozoic,92.4
13.6455,10.4811,2822474,shale,Mesozoic,79.6
13.8238,10.4811,2822474,shale,Mesozoic,79.6
14.0022,10.4811,3006567,sandstone,Mesozoic,72.0
14.1806,10.4811,3006567,sandstone,Mesozoic,72.0
14.3589,10.4811,3006567,sandstone,Mesozoic,72.0
14.5373,10.4811,2954406,sandstone,Mesozoic,67.2
14.7157,10.4811,2954406,sandstone,Mesozoic,67.2
14.8941,10.4811,2954406,sandstone,Mesozoic,67.2
15.0724,10.4811,2954406,sandstone,Mesozoic,67.2
15.2508,10.4811,2975075,sandstone,Cenozoic,65.3
15.4292,10.4811,2975075,sandstone,Cenozoic,65.3
15.6075,10.4811,2975075,sandstone,Cenozoic,65.3
15.7859,10.4811,2975075,sandstone,Cenozoic,65.3
15.9643,10.4811,2975075,sandstone,Cenozoic,65.3
16.1427,10.4811,2975075,sandstone,Cenozoic,65.3
16.3210,10.4811,2975075,sandstone,Cenozoic,65.3
16.4994,10.4811,2975075,sandstone,Cenozoic,65.3
16.6778,10.4811,2975075,sandstone,Cenozoic,65.3
16.8561,10.4811,2954406,sandstone,Mesozoic,67.2
17.0345,10.4811,2954406,sandstone,Mesozoic,67.2
17.2129,10.4811,2954406,sandstone,Mesozoic,67.2
17.3913,10.4811,2954406,sandstone,Mesozoic,67.2
17.5696,10.4811,2954406,sandstone,Mesozoic,67.2
17.7480,10.4811,2954406,sandstone,Mesozoic,67.2
17.9264,10.4811,2954406,sandstone,Mesozoic,67.2
18.1048,10.4811,2954406,sandstone,Mesozoic,67.2
18.2831,10.4811,2954406,sandstone,Mesozoic,67.2
18.4615,10.4811,2954406,sandstone,Mesozoic,67.2
18.6399,10.4811,2954406,sandstone,Mesozoic,67.2
18.8182,10.4811,2954406,sandstone,Mesozoic,67.2
18.9966,10.4811,2954406,sandstone,Mesozoic,67.2
19.1750,10.4811,2954406,sandstone,Mesozoic,67.2
19.3534,10.4811,2954406,sandstone,Mesozoic,67.2
19.5317,10.4811,2954406,sandstone,Mesozoic,67.2
19.7101,10.4811,2954406,sandstone,Mesozoic,67.2
19.8885,10.4811,2954406,sandstone,Mesozoic,67.2
20.0668,10.4811,2954406,sandstone,Mesozoic,67.2
20.2452,10.4811,2954406,sandstone,Mesozoic,67.2
20.4236,10.4811,2954406,sandstone,Mesozoic,67.2
20.6020,10.4811,2954406,sandstone,Mesozoic,67.2
20.7803,10.4811,2954406,sandstone,Mesozoic,67.2
20.9587,10.4811,2954406,sandstone,Mesozoic,67.2
21.1371,10.4811,2954406,sandstone,Mesozoic,67.2
21.3154,10.4811,2954406,sandstone,Mesozoic,67.2
0.0892,10.7115,2957947,gneiss,Proterozoic,2050.0
0.2676,10.7115,2855882,gneiss,Proterozoic,2050.0
0.4459,10.7115,2855882,gneiss,Proterozoic,2050.0
0.6243,10.7115,2855882,gneiss,Proterozoic,2050.0
0.8027,10.7115,2855882,gneiss,Proterozoic,2050.0
0.9810,10.7115,2855882,gneiss,Proterozoic,2050.0
1.1594,10.7115,2855882,gneiss,Proterozoic,2050.0
1.3378,10.7115,2855882,gneiss,Proterozoic,2050.0
1.5162,10.7115,2855882,gneiss,Proterozoic,2050.0
1.6945,10.7115,2855882,gneiss,Proterozoic,2050.0
1.8729,10.7115,2855882,gneiss,Proterozoic,2050.0
2.0513,10.7115,2855882,gneiss,Proterozoic,2050.0
2.2296,10.7115,2855882,gneiss,Proterozoic,2050.0
2.4080,10.7115,2855882,gneiss,Proterozoic,2050.0
2.5864,10.7115,2855882,gneiss,Proterozoic,2050.0
2.7648,10.7115,2855882,gneiss,Proterozoic,2050.0
2.9431,10.7115,2855882,gneiss,Proterozoic,2050.0
3.1215,10.7115,2855882,gneiss,Proterozoic,2050.0
3.2999,10.7115,2855882,gneiss,Proterozoic,2050.0
3.4783,10.7115,2855882,gneiss,Proterozoic,2050.0
3.6566,10.7115,2855882,gneiss,Proterozoic,2050.0
3.8350,10.7115,2855882,gneiss,Proterozoic,2050.0
4.0134,10.7115,2855882,gneiss,Proterozoic,2050.0
4.1917,10.7115,2855882,gneiss,Proterozoic,2050.0
4.3701,10.7115,2855882,gneiss,Proterozoic,2050.0
4.5485,10.7115,2855882,gneiss,Proterozoic,2050.0
4.7269,10.7115,2855882,gneiss,Proterozoic,2050.0
4.9052,10.7115,2855882,gneiss,Proterozoic,2050.0
5.0836,10.7115,2855882,gneiss,Proterozoic,2050.0
5.2620,10.7115,2855882,gneiss,Proterozoic,2050.0
5.4403,10.7115,2855882,gneiss,Proterozoic,2050.0
5.6187,10.7115,2855882,gneiss,Proterozoic,2050.0
5.7971,10.7115,2855882,gneiss,Proterozoic,2050.0
5.9755,10.7115,2855882,gneiss,Proterozoic,2050.0
6.1538,10.7115,2855882,gneiss,Proterozoic,2050.0
6.3322,10.7115,2855882,gneiss,Proterozoic,2050.0
6.5106,10.7115,2855882,gneiss,Proterozoic,2050.0
6.6889,10.7115,2855882,gneiss,Proterozoic,2050.0
6.8673,10.7115,2855882,gneiss,Proterozoic,2050.0
7.0457,10.7115,2855882,gneiss,Proterozoic,2050.0
7.2241,10.7115,2855882,gneiss,Proterozoic,2050.0
7.4024,10.7115,2855882,gneiss,Proterozoic,2050.0
7.5808,10.7115,2855882,gneiss,Proterozoic,2050.0
7.7592,10.7115,2855882,gneiss,Proterozoic,2050.0
7.9376,10.7115,2855882,gneiss,Proterozoic,2050.0
8.1159,10.7115,2855882,gneiss,Proterozoic,2050.0
8.2943,10.7115,2855882,gneiss,Proterozoic,2050.0
8.4727,10.7115,2855882,gneiss,Proterozoic,2050.0
8.6510,10.7115,2855882,gneiss,Proterozoic,2050.0
8.8294,10.7115,2855882,gneiss,Proterozoic,2050.0
9.0078,10.7115,2855882,gneiss,Proterozoic,2050.0
9.1862,10.7115,2855882,gneiss,Proterozoic,2050.0
9.3645,10.7115,2855882,gneiss,Proterozoic,2050.0
9.5429,10.7115,2855882,gneiss,Proterozoic,2050.0
9.7213,10.7115,2855882,gneiss,Proterozoic,2050.0
9.8996,10.7115,2855882,gneiss,Proterozoic,2050.0
10.0780,10.7115,2855882,gneiss,Proterozoic,2050.0
10.2564,10.7115,2855882,gneiss,Proterozoic,2050.0
10.4348,10.7115,2855882,gneiss,Proterozoic,2050.0
10.6131,10.7115,2855882,gneiss,Proterozoic,2050.0
10.7915,10.7115,2855882,gneiss,Proterozoic,2050.0
10.9699,10.7115,2855882,gneiss,Proterozoic,2050.0
11.1482,10.7115,2855882,gneiss,Proterozoic,2050.0
11.3266,10.7115,2855882,gneiss,Proterozoic,2050.0
11.5050,10.7115,2855882,gneiss,Proterozoic,2050.0
11.6834,10.7115,2855882,gneiss,Proterozoic,2050.0
11.8617,10.7115,2855882,gneiss,Proterozoic,2050.0
12.0401,10.7115,2855882,gneiss,Proterozoic,2050.0
12.2185,10.7115,2813702,sandstone,Paleozoic,307.4
12.3968,10.7115,3014794,sandstone,Paleozoic,263.9
12.5752,10.7115,3014794,sandstone,Paleozoic,263.9
12.7536,10.7115,2855586,sandstone,Mesozoic,132.0
12.9320,10.7115,2855586,sandstone,Mesozoic,132.0
13.1103,10.7115,2855586,sandstone,Mesozoic,132.0
13.2887,10.7115,2740920,shale,Mesozoic,92.4
13.4671,10.7115,2740920,shale,Mesozoic,92.4
13.6455,10.7115,2822474,shale,Mesozoic,79.6
13.8238,10.7115,3006567,sandstone,Mesozoic,72.0
14.0022,10.7115,3006567,sandstone,Mesozoic,72.0
14.1806,10.7115,3006567,sandstone,Mesozoic,72.0
14.3589,10.7115,2954406,sandstone,Mesozoic,67.2
14.5373,10.7115,2954406,sandstone,Mesozoic,67.2
14.7157,10.7115,2954406,sandstone,Mesozoic,67.2
14.8941,10.7115,2954406,sandstone,Mesozoic,67.2
15.0724,10.7115,2954406,sandstone,Mesozoic,67.2
15.2508,10.7115,2975075,sandstone,Cenozoic,65.3
15.4292,10.7115,2975075,sandstone,Cenozoic,65.3
15.6075,10.7115,2975075,sandstone,Cenozoic,65.3
15.7859,10.7115,2975075,sandstone,Cenozoic,65.3
15.9643,10.7115,2975075,sandstone,Cenozoic,65.3
16.1427,10.7115,2975075,sandstone,Cenozoic,65.3
16.3210,10.7115,2975075,sandstone,Cenozoic,65.3
16.4994,10.7115,2975075,sandstone,Cenozoic,65.3
16.6778,10.7115,2975075,sandstone,Cenozoic,65.3
16.8561,10.7115,2954406,sandstone,Mesozoic,67.2
17.0345,10.7115,2954406,sandstone,Mesozoic,67.2
17.2129,10.7115,2954406,sandstone,Mesozoic,67.2
17.3913,10.7115,2954406,sandstone,Mesozoic,67.2
17.5696,10.7115,2954406,sandstone,Mesozoic,67.2
17.7480,10.7115,2954406,sandstone,Mesozoic,67.2
17.9264,10.7115,2954406,sandstone,Mesozoic,67.2
18.1048,10.7115,2954406,sandstone,Mesozoic,67.2
18.2831,10.7115,2954406,sandstone,Mesozoic,67.2
18.4615,10.7115,2954406,sandstone,Mesozoic,67.2
18.6399,10.7115,2954406,sandstone,Mesozoic,67.2
18.8182,10.7115,2954406,sandstone,Mesozoic,67.2
18.9966,10.7115,2954406,sandstone,Mesozoic,67.2
19.1750,10.7115,2954406,sandstone,Mesozoic,67.2
19.3534,10.7115,2954406,sandstone,Mesozoic,67.2
19.5317,10.7115,2954406,sandstone,Mesozoic,67.2
19.7101,10.7115,2954406,sandstone,Mesozoic,67.2
19.8885,10.7115,2954406,sandstone,Mesozoic,67.2
20.0668,10.7115,2954406,sandstone,Mesozoic,67.2
20.2452,10.7115,2954406,sandstone,Mesozoic,67.2
20.4236,10.7115,2954406,sandstone,Mesozoic,67.2
20.6020,10.7115,2954406,sandstone,Mesozoic,67.2
20.7803,10.7115,2954406,sandstone,Mesozoic,67.2
20.9587,10.7115,2954406,sandstone,Mesozoic,67.2
21.1371,10.7115,2954406,sandstone,Mesozoic,67.2
21.3154,10.7115,2954406,sandstone,Mesozoic,67.2
0.0892,10.9418,2855882,gneiss,Proterozoic,2050.0
0.2676,10.9418,2855882,gneiss,Proterozoic,2050.0
0.4459,10.9418,2855882,gneiss,Proterozoic,2050.0
0.6243,10.9418,2855882,gneiss,Proterozoic,2050.0
0.8027,10.9418,2855882,gneiss,Proterozoic,2050.0
0.9810,10.9418,2855882,gneiss,Proterozoic,2050.0
1.1594,10.9418,2855882,gneiss,Proterozoic,2050.0
1.3378,10.9418,2855882,gneiss,Proterozoic,2050.0
1.5162,10.9418,2855882,gneiss,Proterozoic,2050.0
1.6945,10.9418,2855882,gneiss,Proterozoic,2050.0
1.8729,10.9418,2855882,gneiss,Proterozoic,2050.0
2.0513,10.9418,2855882,gneiss,Proterozoic,2050.0
2.2296,10.9418,2855882,gneiss,Proterozoic,2050.0
2.4080,10.9418,2855882,gneiss,Proterozoic,2050.0
2.5864,10.9418,2855882,gneiss,Proterozoic,2050.0
2.7648,10.9418,2855882,gneiss,Proterozoic,2050.0
2.9431,10.9418,2855882,gneiss,Proterozoic,2050.0
3.1215,10.9418,2855882,gneiss,Proterozoic,2050.0
3.2999,10.9418,2855882,gneiss,Proterozoic,2050.0
3.4783,10.9418,2855882,gneiss,Proterozoic,2050.0
3.6566,10.9418,2855882,gneiss,Proterozoic,2050.0
3.8350,10.9418,2855882,gneiss,Proterozoic,2050.0
4.0134,10.9418,2855882,gneiss,Proterozoic,2050.0
4.1917,10.9418,2855882,gneiss,Proterozoic,2050.0
4.3701,10.9418,2855882,gneiss,Proterozoic,2050.0
4.5485,10.9418,2855882,gneiss,Proterozoic,2050.0
4.7269,10.9418,2855882,gneiss,Proterozoic,2050.0
4.9052,10.9418,2855882,gneiss,Proterozoic,2050.0
5.0836,10.9418,2855882,gneiss,Proterozoic,2050.0
5.2620,10.9418,2855882,gneiss,Proterozoic,2050.0
5.4403,10.9418,2855882,gneiss,Proterozoic,2050.0
5.6187,10.9418,2855882,gneiss,Proterozoic,2050.0
5.7971,10.9418,2855882,gneiss,Proterozoic,2050.0
5.9755,10.9418,2855882,gneiss,Proterozoic,2050.0
6.1538,10.9418,2855882,gneiss,Proterozoic,2050.0
6.3322,10.9418,2855882,gneiss,Proterozoic,2050.0
6.5106,10.9418,2855882,gneiss,Proterozoic,2050.0
6.6889,10.9418,2855882,gneiss,Proterozoic,2050.0
6.8673,10.9418,2855882,gneiss,Proterozoic,2050.0
7.0457,10.9418,2855882,gneiss,Proterozoic,2050.0
7.2241,10.9418,2855882,gneiss,Proterozoic,2050.0
7.4024,10.9418,2855882,gneiss,Proterozoic,2050.0
7.5808,10.9418,2855882,gneiss,Proterozoic,2050.0
7.7592,10.9418,2855882,gneiss,Proterozoic,2050.0
7.9376,10.9418,2855882,gneiss,Proterozoic,2050.0
8.1159,10.9418,2855882,gneiss,Proterozoic,2050.0
8.2943,10.9418,2855882,gneiss,Proterozoic,2050.0
8.4727,10.9418,2855882,gneiss,Proterozoic,2050.0
8.6510,10.9418,2855882,gneiss,Proterozoic,2050.0
8.8294,10.9418,2855882,gneiss,Proterozoic,2050.0
9.0078,10.9418,2855882,gneiss,Proterozoic,2050.0
9.1862,10.9418,2855882,gneiss,Proterozoic,2050.0
9.3645,10.9418,2855882,gneiss,Proterozoic,2050.0
9.5429,10.9418,2855882,gneiss,Proterozoic,2050.0
9.7213,10.9418,2855882,gneiss,Proterozoic,2050.0
9.8996,10.9418,2855882,gneiss,Proterozoic,2050.0
10.0780,10.9418,2855882,gneiss,Proterozoic,2050.0
10.2564,10.9418,2855882,gneiss,Proterozoic,2050.0
10.4348,10.9418,2855882,gneiss,Proterozoic,2050.0
10.6131,10.9418,2855882,gneiss,Proterozoic,2050.0
10.7915,10.9418,2855882,gneiss,Proterozoic,2050.0
10.9699,10.9418,2855882,gneiss,Proterozoic,2050.0
11.1482,10.9418,2855882,gneiss,Proterozoic,2050.0
11.3266,10.9418,2855882,gneiss,Proterozoic,2050.0
11.5050,10.9418,2855882,gneiss,Proterozoic,2050.0
11.6834,10.9418,2855882,gneiss,Proterozoic,2050.0
11.8617,10.9418,2855882,gneiss,Proterozoic,2050.0
12.0401,10.9418,2855882,gneiss,Proterozoic,2050.0
12.2185,10.9418,3014794,sandstone,Paleozoic,263.9
12.3968,10.9418,3014794,sandstone,Paleozoic,263.9
12.5752,10.9418,3014794,sandstone,Paleozoic,263.9
12.7536,10.9418,2855586,sandstone,Mesozoic,132.0
12.9320,10.9418,2855586,sandstone,Mesozoic,132.0
13.1103,10.9418,2740920,shale,Mesozoic,92.4
13.2887,10.9418,2740920,shale,Mesozoic,92.4
13.4671,10.9418,3006567,sandstone,Mesozoic,72.0
13.6455,10.9418,3006567,sandstone,Mesozoic,72.0
13.8238,10.9418,3006567,sandstone,Mesozoic,72.0
14.0022,10.9418,3006567,sandstone,Mesozoic,72.0
14.1806,10.9418,3006567,sandstone,Mesozoic,72.0
14.3589,10.9418,2954406,sandstone,Mesozoic,67.2
14.5373,10.9418,2954406,sandstone,Mesozoic,67.2
14.7157,10.9418,2954406,sandstone,Mesozoic,67.2
14.8941,10.9418,2975075,sandstone,Cenozoic,65.3
15.0724,10.9418,2975075,sandstone,Cenozoic,65.3
15.2508,10.9418,2975075,sandstone,Cenozoic,65.3
15.4292,10.9418,2975075,sandstone,Cenozoic,65.3
15.6075,10.9418,2975075,sandstone,Cenozoic,65.3
15.7859,10.9418,2975075,sandstone,Cenozoic,65.3
15.9643,10.9418,2975075,sandstone,Cenozoic,65.3
16.1427,10.9418,2975075,sandstone,Cenozoic,65.3
16.3210,10.9418,2975075,sandstone,Cenozoic,65.3
16.4994,10.9418,2975075,sandstone,Cenozoic,65.3
16.6778,10.9418,2975075,sandstone,Cenozoic,65.3
16.8561,10.9418,2954406,sandstone,Mesozoic,67.2
17.0345,10.9418,2954406,sandstone,Mesozoic,67.2
17.2129,10.9418,2954406,sandstone,Mesozoic,67.2
17.3913,10.9418,2954406,sandstone,Mesozoic,67.2
17.5696,10.9418,2954406,sandstone,Mesozoic,67.2
17.7480,10.9418,2954406,sandstone,Mesozoic,67.2
17.9264,10.9418,2954406,sandstone,Mesozoic,67.2
18.1048,10.9418,2954406,sandstone,Mesozoic,67.2
18.2831,10.9418,2954406,sandstone,Mesozoic,67.2
18.4615,10.9418,2954406,sandstone,Mesozoic,67.2
18.6399,10.9418,2954406,sandstone,Mesozoic,67.2
18.8182,10.9418,2954406,sandstone,Mesozoic,67.2
18.9966,10.9418,2954406,sandstone,Mesozoic,67.2
19.1750,10.9418,2954406,sandstone,Mesozoic,67.2
19.3534,10.9418,2954406,sandstone,Mesozoic,67.2
19.5317,10.9418,2954406,sandstone,Mesozoic,67.2
19.7101,10.9418,2954406,sandstone,Mesozoic,67.2
19.8885,10.9418,2954406,sandstone,Mesozoic,67.2
20.0668,10.9418,2954406,sandstone,Mesozoic,67.2
20.2452,10.9418,2954406,sandstone,Mesozoic,67.2
20.4236,10.9418,2954406,sandstone,Mesozoic,67.2
20.6020,10.9418,2954406,sandstone,Mesozoic,67.2
20.7803,10.9418,2954406,sandstone,Mesozoic,67.2
20.9587,10.9418,2954406,sandstone,Mesozoic,67.2
21.1371,10.9418,2954406,sandstone,Mesozoic,67.2
21.3154,10.9418,2954406,sandstone,Mesozoic,67.2
0.0892,11.1722,2855882,gneiss,Proterozoic,2050.0
0.2676,11.1722,2855882,gneiss,Proterozoic,2050.0
0.4459,11.1722,2855882,gneiss,Proterozoic,2050.0
0.6243,11.1722,2855882,gneiss,Proterozoic,2050.0
0.8027,11.1722,2855882,gneiss,Proterozoic,2050.0
0.9810,11.1722,2855882,gneiss,Proterozoic,2050.0
1.1594,11.1722,2855882,gneiss,Proterozoic,2050.0
1.3378,11.1722,2855882,gneiss,Proterozoic,2050.0
1.5162,11.1722,2855882,gneiss,Proterozoic,2050.0
1.6945,11.1722,2855882,gneiss,Proterozoic,2050.0
1.8729,11.1722,2855882,gneiss,Proterozoic,2050.0
2.0513,11.1722,2855882,gneiss,Proterozoic,2050.0
2.2296,11.1722,2855882,gneiss,Proterozoic,2050.0
2.4080,11.1722,2855882,gneiss,Proterozoic,2050.0
2.5864,11.1722,2855882,gneiss,Proterozoic,2050.0
2.7648,11.1722,2855882,gneiss,Proterozoic,2050.0
2.9431,11.1722,2855882,gneiss,Proterozoic,2050.0
3.1215,11.1722,2855882,gneiss,Proterozoic,2050.0
3.2999,11.1722,2855882,gneiss,Proterozoic,2050.0
3.4783,11.1722,2855882,gneiss,Proterozoic,2050.0
3.6566,11.1722,2855882,gneiss,Proterozoic,2050.0
3.8350,11.1722,2855882,gneiss,Proterozoic,2050.0
4.0134,11.1722,2855882,gneiss,Proterozoic,2050.0
4.1917,11.1722,2855882,gneiss,Proterozoic,2050.0
4.3701,11.1722,2855882,gneiss,Proterozoic,2050.0
4.5485,11.1722,2855882,gneiss,Proterozoic,2050.0
4.7269,11.1722,2855882,gneiss,Proterozoic,2050.0
4.9052,11.1722,2855882,gneiss,Proterozoic,2050.0
5.0836,11.1722,2855882,gneiss,Proterozoic,2050.0
5.2620,11.1722,2855882,gneiss,Proterozoic,2050.0
5.4403,11.1722,2855882,gneiss,Proterozoic,2050.0
5.6187,11.1722,2855882,gneiss,Proterozoic,2050.0
5.7971,11.1722,2855882,gneiss,Proterozoic,2050.0
5.9755,11.1722,2855882,gneiss,Proterozoic,2050.0
6.1538,11.1722,2855882,gneiss,Proterozoic,2050.0
6.3322,11.1722,2855882,gneiss,Proterozoic,2050.0
6.5106,11.1722,2855882,gneiss,Proterozoic,2050.0
6.6889,11.1722,2855882,gneiss,Proterozoic,2050.0
6.8673,11.1722,2855882,gneiss,Proterozoic,2050.0
7.0457,11.1722,2855882,gneiss,Proterozoic,2050.0
7.2241,11.1722,2855882,gneiss,Proterozoic,2050.0
7.4024,11.1722,2855882,gneiss,Proterozoic,2050.0
7.5808,11.1722,2855882,gneiss,Proterozoic,2050.0
7.7592,11.1722,2855882,gneiss,Proterozoic,2050.0
7.9376,11.1722,2855882,gneiss,Proterozoic,2050.0
8.1159,11.1722,2855882,gneiss,Proterozoic,2050.0
8.2943,11.1722,2855882,gneiss,Proterozoic,2050.0
8.4727,11.1722,2855882,gneiss,Proterozoic,2050.0
8.6510,11.1722,2855882,gneiss,Proterozoic,2050.0
8.8294,11.1722,2855882,gneiss,Proterozoic,2050.0
9.0078,11.1722,2855882,gneiss,Proterozoic,2050.0
9.1862,11.1722,2855882,gneiss,Proterozoic,2050.0
9.3645,11.1722,2855882,gneiss,Proterozoic,2050.0
9.5429,11.1722,2855882,gneiss,Proterozoic,2050.0
9.7213,11.1722,2855882,gneiss,Proterozoic,2050.0
9.8996,11.1722,2855882,gneiss,Proterozoic,2050.0
10.0780,11.1722,2855882,gneiss,Proterozoic,2050.0
10.2564,11.1722,2855882,gneiss,Proterozoic,2050.0
10.4348,11.1722,2855882,gneiss,Proterozoic,2050.0
10.6131,11.1722,2855882,gneiss,Proterozoic,2050.0
10.7915,11.1722,2855882,gneiss,Proterozoic,2050.0
10.9699,11.1722,2855882,gneiss,Proterozoic,2050.0
11.1482,11.1722,2855882,gneiss,Proterozoic,2050.0
11.3266,11.1722,2855882,gneiss,Proterozoic,2050.0
11.5050,11.1722,2855882,gneiss,Proterozoic,2050.0
11.6834,11.1722,2855882,gneiss,Proterozoic,2050.0
11.8617,11.1722,2855882,gneiss,Proterozoic,2050.0
12.0401,11.1722,3001358,sandstone,Paleozoic,283.0
12.2185,11.1722,3014794,sandstone,Paleozoic,263.9
12.3968,11.1722,3014794,sandstone,Paleozoic,263.9
12.5752,11.1722,3014794,sandstone,Paleozoic,263.9
12.7536,11.1722,2855586,sandstone,Mesozoic,132.0
12.9320,11.1722,2855586,sandstone,Mesozoic,132.0
13.1103,11.1722,2740920,shale,Mesozoic,92.4
13.2887,11.1722,2740920,shale,Mesozoic,92.4
13.4671,11.1722,3006567,sandstone,Mesozoic,72.0
13.6455,11.1722,3006567,sandstone,Mesozoic,72.0
13.8238,11.1722,3006567,sandstone,Mesozoic,72.0
14.0022,11.1722,3006567,sandstone,Mesozoic,72.0
14.1806,11.1722,2954406,sandstone,Mesozoic,67.2
14.3589,11.1722,2954406,sandstone,Mesozoic,67.2
14.5373,11.1722,2975075,sandstone,Cenozoic,65.3
14.7157,11.1722,2975075,sandstone,Cenozoic,65.3
14.8941,11.1722,2975075,sandstone,Cenozoic,65.3
15.0724,11.1722,2975075,sandstone,Cenozoic,65.3
15.2508,11.1722,2975075,sandstone,Cenozoic,65.3
15.4292,11.1722,2975075,sandstone,Cenozoic,65.3
15.6075,11.1722,2975075,sandstone,Cenozoic,65.3
15.7859,11.1722,2975075,sandstone,Cenozoic,65.3
15.9643,11.1722,2975075,sandstone,Cenozoic,65.3
16.1427,11.1722,2975075,sandstone,Cenozoic,65.3
16.3210,11.1722,2975075,sandstone,Cenozoic,65.3
16.4994,11.1722,2975075,sandstone,Cenozoic,65.3
16.6778,11.1722,2975075,sandstone,Cenozoic,65.3
16.8561,11.1722,2954406,sandstone,Mesozoic,67.2
17.0345,11.1722,2954406,sandstone,Mesozoic,67.2
17.2129,11.1722,2954406,sandstone,Mesozoic,67.2
17.3913,11.1722,2954406,sandstone,Mesozoic,67.2
17.5696,11.1722,2954406,sandstone,Mesozoic,67.2
17.7480,11.1722,2954406,sandstone,Mesozoic,67.2
17.9264,11.1722,2954406,sandstone,Mesozoic,67.2
18.1048,11.1722,2954406,sandstone,Mesozoic,67.2
18.2831,11.1722,2954406,sandstone,Mesozoic,67.2
18.4615,11.1722,2954406,sandstone,Mesozoic,67.2
18.6399,11.1722,2954406,sandstone,Mesozoic,67.2
18.8182,11.1722,2954406,sandstone,Mesozoic,67.2
18.9966,11.1722,2954406,sandstone,Mesozoic,67.2
19.1750,11.1722,2954406,sandstone,Mesozoic,67.2
19.3534,11.1722,2954406,sandstone,Mesozoic,67.2
19.5317,11.1722,2954406,sandstone,Mesozoic,67.2
19.7101,11.1722,2954406,sandstone,Mesozoic,67.2
19.8885,11.1722,2954406,sandstone,Mesozoic,67.2
20.0668,11.1722,2954406,sandstone,Mesozoic,67.2
20.2452,11.1722,2954406,sandstone,Mesozoic,67.2
20.4236,11.1722,2954406,sandstone,Mesozoic,67.2
20.6020,11.1722,2954406,sandstone,Mesozoic,67.2
20.7803,11.1722,2954406,sandstone,Mesozoic,67.2
20.9587,11.1722,2954406,sandstone,Mesozoic,67.2
21.1371,11.1722,2954406,sandstone,Mesozoic,67.2
21.3154,11.1722,2954406,sandstone,Mesozoic,67.2
0.0892,11.4025,2855882,gneiss,Proterozoic,2050.0
0.2676,11.4025,2855882,gneiss,Proterozoic,2050.0
0.4459,11.4025,2855882,gneiss,Proterozoic,2050.0
0.6243,11.4025,2855882,gneiss,Proterozoic,2050.0
0.8027,11.4025,2855882,gneiss,Proterozoic,2050.0
0.9810,11.4025,2855882,gneiss,Proterozoic,2050.0
1.1594,11.4025,2855882,gneiss,Proterozoic,2050.0
1.3378,11.4025,2855882,gneiss,Proterozoic,2050.0
1.5162,11.4025,2855882,gneiss,Proterozoic,2050.0
1.6945,11.4025,2855882,gneiss,Proterozoic,2050.0
1.8729,11.4025,2855882,gneiss,Proterozoic,2050.0
2.0513,11.4025,2855882,gneiss,Proterozoic,2050.0
2.2296,11.4025,2855882,gneiss,Proterozoic,2050.0
2.4080,11.4025,2855882,gneiss,Proterozoic,2050.0
2.5864,11.4025,2855882,gneiss,Proterozoic,2050.0
2.7648,11.4025,2855882,gneiss,Proterozoic,2050.0
2.9431,11.4025,2855882,gneiss,Proterozoic,2050.0
3.1215,11.4025,2855882,gneiss,Proterozoic,2050.0
3.2999,11.4025,2855882,gneiss,Proterozoic,2050.0
3.4783,11.4025,2855882,gneiss,Proterozoic,2050.0
3.6566,11.4025,2855882,gneiss,Proterozoic,2050.0
3.8350,11.4025,2855882,gneiss,Proterozoic,2050.0
4.0134,11.4025,2855882,gneiss,Proterozoic,2050.0
4.1917,11.4025,2855882,gneiss,Proterozoic,2050.0
4.3701,11.4025,2855882,gneiss,Proterozoic,2050.0
4.5485,11.4025,2855882,gneiss,Proterozoic,2050.0
4.7269,11.4025,2855882,gneiss,Proterozoic,2050.0
4.9052,11.4025,2855882,gneiss,Proterozoic,2050.0
5.0836,11.4025,2855882,gneiss,Proterozoic,2050.0
5.2620,11.4025,2855882,gneiss,Proterozoic,2050.0
5.4403,11.4025,2855882,gneiss,Proterozoic,2050.0
5.6187,11.4025,2855882,gneiss,Proterozoic,2050.0
5.7971,11.4025,2855882,gneiss,Proterozoic,2050.0
5.9755,11.4025,2855882,gneiss,Proterozoic,2050.0
6.1538,11.4025,2855882,gneiss,Proterozoic,2050.0
6.3322,11.4025,2855882,gneiss,Proterozoic,2050.0
6.5106,11.4025,2855882,gneiss,Proterozoic,2050.0
6.6889,11.4025,2855882,gneiss,Proterozoic,2050.0
6.8673,11.4025,2855882,gneiss,Proterozoic,2050.0
7.0457,11.4025,2855882,gneiss,Proterozoic,2050.0
7.2241,11.4025,2855882,gneiss,Proterozoic,2050.0
7.4024,11.4025,2855882,gneiss,Proterozoic,2050.0
7.5808,11.4025,2855882,gneiss,Proterozoic,2050.0
7.7592,11.4025,2855882,gneiss,Proterozoic,2050.0
7.9376,11.4025,2855882,gneiss,Proterozoic,2050.0
8.1159,11.4025,2855882,gneiss,Proterozoic,2050.0
8.2943,11.4025,2855882,gneiss,Proterozoic,2050.0
8.4727,11.4025,2855882,gneiss,Proterozoic,2050.0
8.6510,11.4025,2855882,gneiss,Proterozoic,2050.0
8.8294,11.4025,2855882,gneiss,Proterozoic,2050.0
9.0078,11.4025,2855882,gneiss,Proterozoic,2050.0
9.1862,11.4025,2855882,gneiss,Proterozoic,2050.0
9.3645,11.4025,2855882,gneiss,Proterozoic,2050.0
9.5429,11.4025,2855882,gneiss,Proterozoic,2050.0
9.7213,11.4025,2855882,gneiss,Proterozoic,2050.0
9.8996,11.4025,2855882,gneiss,Proterozoic,2050.0
10.0780,11.4025,2855882,gneiss,Proterozoic,2050.0
10.2564,11.4025,2855882,gneiss,Proterozoic,2050.0
10.4348,11.4025,2855882,gneiss,Proterozoic,2050.0
10.6131,11.4025,2855882,gneiss,Proterozoic,2050.0
10.7915,11.4025,2855882,gneiss,Proterozoic,2050.0
10.9699,11.4025,2855882,gneiss,Proterozoic,2050.0
11.1482,11.4025,2855882,gneiss,Proterozoic,2050.0
11.3266,11.4025,2855882,gneiss,Proterozoic,2050.0
11.5050,11.4025,2855882,gneiss,Proterozoic,2050.0
11.6834,11.4025,2855882,gneiss,Proterozoic,2050.0
11.8617,11.4025,2855882,gneiss,Proterozoic,2050.0
12.0401,11.4025,3001358,sandstone,Paleozoic,283.0
12.2185,11.4025,3001358,sandstone,Paleozoic,283.0
12.3968,11.4025,3014794,sandstone,Paleozoic,263.9
12.5752,11.4025,2855586,sandstone,Mesozoic,132.0
12.7536,11.4025,2855586,sandstone,Mesozoic,132.0
12.9320,11.4025,2855586,sandstone,Mesozoic,132.0
13.1103,11.4025,2740920,shale,Mesozoic,92.4
13.2887,11.4025,2740920,shale,Mesozoic,92.4
13.4671,11.4025,3006567,sandstone,Mesozoic,72.0
13.6455,11.4025,3006567,sandstone,Mesozoic,72.0
13.8238,11.4025,3006567,sandstone,Mesozoic,72.0
14.0022,11.4025,3006567,sandstone,Mesozoic,72.0
14.1806,11.4025,2954406,sandstone,Mesozoic,67.2
14.3589,11.4025,2954406,sandstone,Mesozoic,67.2
14.5373,11.4025,2975075,sandstone,Cenozoic,65.3
14.7157,11.4025,2975075,sandstone,Cenozoic,65.3
14.8941,11.4025,2975075,sandstone,Cenozoic,65.3
15.0724,11.4025,2975075,sandstone,Cenozoic,65.3
15.2508,11.4025,2975075,sandstone,Cenozoic,65.3
15.4292,11.4025,2975075,sandstone,Cenozoic,65.3
15.6075,11.4025,2975075,sandstone,Cenozoic,65.3
15.7859,11.4025,2975075,sandstone,Cenozoic,65.3
15.9643,11.4025,2975075,sandstone,Cenozoic,65.3
16.1427,11.4025,2975075,sandstone,Cenozoic,65.3
16.3210,11.4025,2975075,sandstone,Cenozoic,65.3
16.4994,11.4025,2975075,sandstone,Cenozoic,65.3
16.6778,11.4025,2954406,sandstone,Mesozoic,67.2
16.8561,11.4025,2954406,sandstone,Mesozoic,67.2
17.0345,11.4025,2954406,sandstone,Mesozoic,67.2
17.2129,11.4025,2954406,sandstone,Mesozoic,67.2
17.3913,11.4025,2954406,sandstone,Mesozoic,67.2
17.5696,11.4025,2954406,sandstone,Mesozoic,67.2
17.7480,11.4025,2954406,sandstone,Mesozoic,67.2
17.9264,11.4025,2954406,sandstone,Mesozoic,67.2
18.1048,11.4025,2954406,sandstone,Mesozoic,67.2
18.2831,11.4025,2954406,sandstone,Mesozoic,67.2
18.4615,11.4025,2954406,sandstone,Mesozoic,67.2
18.6399,11.4025,2954406,sandstone,Mesozoic,67.2
18.8182,11.4025,2954406,sandstone,Mesozoic,67.2
18.9966,11.4025,2954406,sandstone,Mesozoic,67.2
19.1750,11.4025,2954406,sandstone,Mesozoic,67.2
19.3534,11.4025,2954406,sandstone,Mesozoic,67.2
19.5317,11.4025,2954406,sandstone,Mesozoic,67.2
19.7101,11.4025,2954406,sandstone,Mesozoic,67.2
19.8885,11.4025,2954406,sandstone,Mesozoic,67.2
20.0668,11.4025,2954406,sandstone,Mesozoic,67.2
20.2452,11.4025,2954406,sandstone,Mesozoic,67.2
20.4236,11.4025,2954406,sandstone,Mesozoic,67.2
20.6020,11.4025,2954406,sandstone,Mesozoic,67.2
20.7803,11.4025,2954406,sandstone,Mesozoic,67.2
20.9587,11.4025,2954406,sandstone,Mesozoic,67.2
21.1371,11.4025,2954406,sandstone,Mesozoic,67.2
21.3154,11.4025,2954406,sandstone,Mesozoic,67.2
0.0892,11.6329,2855882,gneiss,Proterozoic,2050.0
0.2676,11.6329,2855882,gneiss,Proterozoic,2050.0
0.4459,11.6329,2855882,gneiss,Proterozoic,2050.0
0.6243,11.6329,2855882,gneiss,Proterozoic,2050.0
0.8027,11.6329,2719256,gneiss,Proterozoic,2050.0
0.9810,11.6329,2855882,gneiss,Proterozoic,2050.0
1.1594,11.6329,2855882,gneiss,Proterozoic,2050.0
1.3378,11.6329,2855882,gneiss,Proterozoic,2050.0
1.5162,11.6329,2855882,gneiss,Proterozoic,2050.0
1.6945,11.6329,2855882,gneiss,Proterozoic,2050.0
1.8729,11.6329,2855882,gneiss,Proterozoic,2050.0
2.0513,11.6329,2855882,gneiss,Proterozoic,2050.0
2.2296,11.6329,2855882,gneiss,Proterozoic,2050.0
2.4080,11.6329,2855882,gneiss,Proterozoic,2050.0
2.5864,11.6329,2855882,gneiss,Proterozoic,2050.0
2.7648,11.6329,2855882,gneiss,Proterozoic,2050.0
2.9431,11.6329,2855882,gneiss,Proterozoic,2050.0
3.1215,11.6329,2855882,gneiss,Proterozoic,2050.0
3.2999,11.6329,2855882,gneiss,Proterozoic,2050.0
3.4783,11.6329,2855882,gneiss,Proterozoic,2050.0
3.6566,11.6329,2855882,gneiss,Proterozoic,2050.0
3.8350,11.6329,2855882,gneiss,Proterozoic,2050.0
4.0134,11.6329,2855882,gneiss,Proterozoic,2050.0
4.1917,11.6329,2855882,gneiss,Proterozoic,2050.0
4.3701,11.6329,2855882,gneiss,Proterozoic,2050.0
4.5485,11.6329,2855882,gneiss,Proterozoic,2050.0
4.7269,11.6329,2855882,gneiss,Proterozoic,2050.0
4.9052,11.6329,2855882,gneiss,Proterozoic,2050.0
5.0836,11.6329,2855882,gneiss,Proterozoic,2050.0
5.2620,11.6329,2855882,gneiss,Proterozoic,2050.0
5.4403,11.6329,2855882,gneiss,Proterozoic,2050.0
5.6187,11.6329,2855882,gneiss,Proterozoic,2050.0
5.7971,11.6329,2855882,gneiss,Proterozoic,2050.0
5.9755,11.6329,2855882,gneiss,Proterozoic,2050.0
6.1538,11.6329,2855882,gneiss,Proterozoic,2050.0
6.3322,11.6329,2855882,gneiss,Proterozoic,2050.0
6.5106,11.6329,2855882,gneiss,Proterozoic,2050.0
6.6889,11.6329,2855882,gneiss,Proterozoic,2050.0
6.8673,11.6329,2855882,gneiss,Proterozoic,2050.0
7.0457,11.6329,2855882,gneiss,Proterozoic,2050.0
7.2241,11.6329,2855882,gneiss,Proterozoic,2050.0
7.4024,11.6329,2855882,gneiss,Proterozoic,2050.0
7.5808,11.6329,2855882,gneiss,Proterozoic,2050.0
7.7592,11.6329,2855882,gneiss,Proterozoic,2050.0
7.9376,11.6329,2855882,gneiss,Proterozoic,2050.0
8.1159,11.6329,2855882,gneiss,Proterozoic,2050.0
8.2943,11.6329,2855882,gneiss,Proterozoic,2050.0
8.4727,11.6329,2855882,gneiss,Proterozoic,2050.0
8.6510,11.6329,2855882,gneiss,Proterozoic,2050.0
8.8294,11.6329,2855882,gneiss,Proterozoic,2050.0
9.0078,11.6329,2855882,gneiss,Proterozoic,2050.0
9.1862,11.6329,2855882,gneiss,Proterozoic,2050.0
9.3645,11.6329,2855882,gneiss,Proterozoic,2050.0
9.5429,11.6329,2855882,gneiss,Proterozoic,2050.0
9.7213,11.6329,2855882,gneiss,Proterozoic,2050.0
9.8996,11.6329,2855882,gneiss,Proterozoic,2050.0
10.0780,11.6329,2855882,gneiss,Proterozoic,2050.0
10.2564,11.6329,2855882,gneiss,Proterozoic,2050.0
10.4348,11.6329,2855882,gneiss,Proterozoic,2050.0
10.6131,11.6329,2855882,gneiss,Proterozoic,2050.0
10.7915,11.6329,2855882,gneiss,Proterozoic,2050.0
10.9699,11.6329,2855882,gneiss,Proterozoic,2050.0
11.1482,11.6329,2855882,gneiss,Proterozoic,2050.0
11.3266,11.6329,2855882,gneiss,Proterozoic,2050.0
11.5050,11.6329,2855882,gneiss,Proterozoic,2050.0
11.6834,11.6329,2855882,gneiss,Proterozoic,2050.0
11.8617,11.6329,2855882,gneiss,Proterozoic,2050.0
12.0401,11.6329,3001358,sandstone,Paleozoic,283.0
12.2185,11.6329,3001358,sandstone,Paleozoic,283.0
12.3968,11.6329,3014794,sandstone,Paleozoic,263.9
12.5752,11.6329,2855586,sandstone,Mesozoic,132.0
12.7536,11.6329,2855586,sandstone,Mesozoic,132.0
12.9320,11.6329,2855586,sandstone,Mesozoic,132.0
13.1103,11.6329,2740920,shale,Mesozoic,92.4
13.2887,11.6329,3006567,sandstone,Mesozoic,72.0
13.4671,11.6329,3006567,sandstone,Mesozoic,72.0
13.6455,11.6329,3006567,sandstone,Mesozoic,72.0
13.8238,11.6329,3006567,sandstone,Mesozoic,72.0
14.0022,11.6329,2954406,sandstone,Mesozoic,67.2
14.1806,11.6329,2954406,sandstone,Mesozoic,67.2
14.3589,11.6329,2975075,sandstone,Cenozoic,65.3
14.5373,11.6329,2975075,sandstone,Cenozoic,65.3
14.7157,11.6329,2975075,sandstone,Cenozoic,65.3
14.8941,11.6329,2975075,sandstone,Cenozoic,65.3
15.0724,11.6329,2975075,sandstone,Cenozoic,65.3
15.2508,11.6329,2975075,sandstone,Cenozoic,65.3
15.4292,11.6329,2975075,sandstone,Cenozoic,65.3
15.6075,11.6329,2975075,sandstone,Cenozoic,65.3
15.7859,11.6329,2975075,sandstone,Cenozoic,65.3
15.9643,11.6329,2975075,sandstone,Cenozoic,65.3
16.1427,11.6329,2975075,sandstone,Cenozoic,65.3
16.3210,11.6329,2954406,sandstone,Mesozoic,67.2
16.4994,11.6329,2954406,sandstone,Mesozoic,67.2
16.6778,11.6329,2954406,sandstone,Mesozoic,67.2
16.8561,11.6329,2954406,sandstone,Mesozoic,67.2
17.0345,11.6329,2954406,sandstone,Mesozoic,67.2
17.2129,11.6329,2954406,sandstone,Mesozoic,67.2
17.3913,11.6329,2954406,sandstone,Mesozoic,67.2
17.5696,11.6329,2954406,sandstone,Mesozoic,67.2
17.7480,11.6329,2954406,sandstone,Mesozoic,67.2
17.9264,11.6329,2954406,sandstone,Mesozoic,67.2
18.1048,11.6329,2954406,sandstone,Mesozoic,67.2
18.2831,11.6329,2954406,sandstone,Mesozoic,67.2
18.4615,11.6329,2954406,sandstone,Mesozoic,67.2
18.6399,11.6329,2954406,sandstone,Mesozoic,67.2
18.8182,11.6329,2954406,sandstone,Mesozoic,67.2
18.9966,11.6329,2954406,sandstone,Mesozoic,67.2
19.1750,11.6329,2954406,sandstone,Mesozoic,67.2
19.3534,11.6329,2954406,sandstone,Mesozoic,67.2
19.5317,11.6329,2954406,sandstone,Mesozoic,67.2
19.7101,11.6329,2954406,sandstone,Mesozoic,67.2
19.8885,11.6329,2954406,sandstone,Mesozoic,67.2
20.0668,11.6329,2954406,sandstone,Mesozoic,67.2
20.2452,11.6329,2954406,sandstone,Mesozoic,67.2
20.4236,11.6329,2954406,sandstone,Mesozoic,67.2
20.6020,11.6329,2954406,sandstone,Mesozoic,67.2
20.7803,11.6329,2954406,sandstone,Mesozoic,67.2
20.9587,11.6329,2954406,sandstone,Mesozoic,67.2
21.1371,11.6329,2954406,sandstone,Mesozoic,67.2
21.3154,11.6329,2954406,sandstone,Mesozoic,67.2
0.0892,11.8632,2855882,gneiss,Proterozoic,2050.0
0.2676,11.8632,2855882,gneiss,Proterozoic,2050.0
0.4459,11.8632,2855882,gneiss,Proterozoic,2050.0
0.6243,11.8632,2719256,gneiss,Proterozoic,2050.0
0.8027,11.8632,2855882,gneiss,Proterozoic,2050.0
0.9810,11.8632,2855882,gneiss,Proterozoic,2050.0
1.1594,11.8632,2855882,gneiss,Proterozoic,2050.0
1.3378,11.8632,2855882,gneiss,Proterozoic,2050.0
1.5162,11.8632,2855882,gneiss,Proterozoic,2050.0
1.6945,11.8632,2855882,gneiss,Proterozoic,2050.0
1.8729,11.8632,2855882,gneiss,Proterozoic,2050.0
2.0513,11.8632,2855882,gneiss,Proterozoic,2050.0
2.2296,11.8632,2855882,gneiss,Proterozoic,2050.0
2.4080,11.8632,2855882,gneiss,Proterozoic,2050.0
2.5864,11.8632,2855882,gneiss,Proterozoic,2050.0
2.7648,11.8632,2855882,gneiss,Proterozoic,2050.0
2.9431,11.8632,2855882,gneiss,Proterozoic,2050.0
3.1215,11.8632,2855882,gneiss,Proterozoic,2050.0
3.2999,11.8632,2855882,gneiss,Proterozoic,2050.0
3.4783,11.8632,2855882,gneiss,Proterozoic,2050.0
3.6566,11.8632,2855882,gneiss,Proterozoic,2050.0
3.8350,11.8632,2855882,gneiss,Proterozoic,2050.0
4.0134,11.8632,2855882,gneiss,Proterozoic,2050.0
4.1917,11.8632,2855882,gneiss,Proterozoic,2050.0
4.3701,11.8632,2855882,gneiss,Proterozoic,2050.0
4.5485,11.8632,2855882,gneiss,Proterozoic,2050.0
4.7269,11.8632,2855882,gneiss,Proterozoic,2050.0
4.9052,11.8632,2855882,gneiss,Proterozoic,2050.0
5.0836,11.8632,2855882,gneiss,Proterozoic,2050.0
5.2620,11.8632,2855882,gneiss,Proterozoic,2050.0
5.4403,11.8632,2855882,gneiss,Proterozoic,2050.0
5.6187,11.8632,2855882,gneiss,Proterozoic,2050.0
5.7971,11.8632,2855882,gneiss,Proterozoic,2050.0
5.9755,11.8632,2855882,gneiss,Proterozoic,2050.0
6.1538,11.8632,2855882,gneiss,Proterozoic,2050.0
6.3322,11.8632,2855882,gneiss,Proterozoic,2050.0
6.5106,11.8632,2855882,gneiss,Proterozoic,2050.0
6.6889,11.8632,2855882,gneiss,Proterozoic,2050.0
6.8673,11.8632,2855882,gneiss,Proterozoic,2050.0
7.0457,11.8632,2855882,gneiss,Proterozoic,2050.0
7.2241,11.8632,2855882,gneiss,Proterozoic,2050.0
7.4024,11.8632,2855882,gneiss,Proterozoic,2050.0
7.5808,11.8632,2855882,gneiss,Proterozoic,2050.0
7.7592,11.8632,2855882,gneiss,Proterozoic,2050.0
7.9376,11.8632,2855882,gneiss,Proterozoic,2050.0
8.1159,11.8632,2855882,gneiss,Proterozoic,2050.0
8.2943,11.8632,2855882,gneiss,Proterozoic,2050.0
8.4727,11.8632,2855882,gneiss,Proterozoic,2050.0
8.6510,11.8632,2855882,gneiss,Proterozoic,2050.0
8.8294,11.8632,2855882,gneiss,Proterozoic,2050.0
9.0078,11.8632,2855882,gneiss,Proterozoic,2050.0
9.1862,11.8632,2855882,gneiss,Proterozoic,2050.0
9.3645,11.8632,2855882,gneiss,Proterozoic,2050.0
9.5429,11.8632,2855882,gneiss,Proterozoic,2050.0
9.7213,11.8632,2855882,gneiss,Proterozoic,2050.0
9.8996,11.8632,2855882,gneiss,Proterozoic,2050.0
10.0780,11.8632,2855882,gneiss,Proterozoic,2050.0
10.2564,11.8632,2855882,gneiss,Proterozoic,2050.0
10.4348,11.8632,2855882,gneiss,Proterozoic,2050.0
10.6131,11.8632,2855882,gneiss,Proterozoic,2050.0
10.7915,11.8632,2855882,gneiss,Proterozoic,2050.0
10.9699,11.8632,2855882,gneiss,Proterozoic,2050.0
11.1482,11.8632,2855882,gneiss,Proterozoic,2050.0
11.3266,11.8632,2855882,gneiss,Proterozoic,2050.0
11.5050,11.8632,2855882,gneiss,Proterozoic,2050.0
11.6834,11.8632,2855882,gneiss,Proterozoic,2050.0
11.8617,11.8632,2855882,gneiss,Proterozoic,2050.0
12.0401,11.8632,3001358,sandstone,Paleozoic,283.0
12.2185,11.8632,3001358,sandstone,Paleozoic,283.0
12.3968,11.8632,3014794,sandstone,Paleozoic,263.9
12.5752,11.8632,2855586,sandstone,Mesozoic,132.0
12.7536,11.8632,2855586,sandstone,Mesozoic,132.0
12.9320,11.8632,2855586,sandstone,Mesozoic,132.0
13.1103,11.8632,3006567,sandstone,Mesozoic,72.0
13.2887,11.8632,3006567,sandstone,Mesozoic,72.0
13.4671,11.8632,3006567,sandstone,Mesozoic,72.0
13.6455,11.8632,3006567,sandstone,Mesozoic,72.0
13.8238,11.8632,3006567,sandstone,Mesozoic,72.0
14.0022,11.8632,2954406,sandstone,Mesozoic,67.2
14.1806,11.8632,2975075,sandstone,Cenozoic,65.3
14.3589,11.8632,2975075,sandstone,Cenozoic,65.3
14.5373,11.8632,2975075,sandstone,Cenozoic,65.3
14.7157,11.8632,2975075,sandstone,Cenozoic,65.3
14.8941,11.8632,2975075,sandstone,Cenozoic,65.3
15.0724,11.8632,2975075,sandstone,Cenozoic,65.3
15.2508,11.8632,2975075,sandstone,Cenozoic,65.3
15.4292,11.8632,2975075,sandstone,Cenozoic,65.3
15.6075,11.8632,2975075,sandstone,Cenozoic,65.3
15.7859,11.8632,2975075,sandstone,Cenozoic,65.3
15.9643,11.8632,2954406,sandstone,Mesozoic,67.2
16.1427,11.8632,2954406,sandstone,Mesozoic,67.2
16.3210,11.8632,2954406,sandstone,Mesozoic,67.2
16.4994,11.8632,2954406,sandstone,Mesozoic,67.2
16.6778,11.8632,2954406,sandstone,Mesozoic,67.2
16.8561,11.8632,2954406,sandstone,Mesozoic,67.2
17.0345,11.8632,2954406,sandstone,Mesozoic,67.2
17.2129,11.8632,2954406,sandstone,Mesozoic,67.2
17.3913,11.8632,2954406,sandstone,Mesozoic,67.2
17.5696,11.8632,2954406,sandstone,Mesozoic,67.2
17.7480,11.8632,2954406,sandstone,Mesozoic,67.2
17.9264,11.8632,2954406,sandstone,Mesozoic,67.2
18.1048,11.8632,2954406,sandstone,Mesozoic,67.2
18.2831,11.8632,2954406,sandstone,Mesozoic,67.2
18.4615,11.8632,2954406,sandstone,Mesozoic,67.2
18.6399,11.8632,2954406,sandstone,Mesozoic,67.2
18.8182,11.8632,2954406,sandstone,Mesozoic,67.2
18.9966,11.8632,2954406,sandstone,Mesozoic,67.2
19.1750,11.8632,2954406,sandstone,Mesozoic,67.2
19.3534,11.8632,2954406,sandstone,Mesozoic,67.2
19.5317,11.8632,2954406,sandstone,Mesozoic,67.2
19.7101,11.8632,2954406,sandstone,Mesozoic,67.2
19.8885,11.8632,2954406,sandstone,Mesozoic,67.2
20.0668,11.8632,2954406,sandstone,Mesozoic,67.2
20.2452,11.8632,2954406,sandstone,Mesozoic,67.2
20.4236,11.8632,2954406,sandstone,Mesozoic,67.2
20.6020,11.8632,2954406,sandstone,Mesozoic,67.2
20.7803,11.8632,2954406,sandstone,Mesozoic,67.2
20.9587,11.8632,2954406,sandstone,Mesozoic,67.2
21.1371,11.8632,2954406,sandstone,Mesozoic,67.2
21.3154,11.8632,2954406,sandstone,Mesozoic,67.2
0.0892,12.0936,2855882,gneiss,Proterozoic,2050.0
0.2676,12.0936,2855882,gneiss,Proterozoic,2050.0
0.4459,12.0936,2719256,gneiss,Proterozoic,2050.0
0.6243,12.0936,2719256,gneiss,Proterozoic,2050.0
0.8027,12.0936,2855882,gneiss,Proterozoic,2050.0
0.9810,12.0936,2719256,gneiss,Proterozoic,2050.0
1.1594,12.0936,2719256,gneiss,Proterozoic,2050.0
1.3378,12.0936,2719256,gneiss,Proterozoic,2050.0
1.5162,12.0936,2855882,gneiss,Proterozoic,2050.0
1.6945,12.0936,2855882,gneiss,Proterozoic,2050.0
1.8729,12.0936,2855882,gneiss,Proterozoic,2050.0
2.0513,12.0936,2855882,gneiss,Proterozoic,2050.0
2.2296,12.0936,2855882,gneiss,Proterozoic,2050.0
2.4080,12.0936,2855882,gneiss,Proterozoic,2050.0
2.5864,12.0936,2855882,gneiss,Proterozoic,2050.0
2.7648,12.0936,2855882,gneiss,Proterozoic,2050.0
2.9431,12.0936,2855882,gneiss,Proterozoic,2050.0
3.1215,12.0936,2855882,gneiss,Proterozoic,2050.0
3.2999,12.0936,2855882,gneiss,Proterozoic,2050.0
3.4783,12.0936,2855882,gneiss,Proterozoic,2050.0
3.6566,12.0936,2855882,gneiss,Proterozoic,2050.0
3.8350,12.0936,2855882,gneiss,Proterozoic,2050.0
4.0134,12.0936,2855882,gneiss,Proterozoic,2050.0
4.1917,12.0936,2855882,gneiss,Proterozoic,2050.0
4.3701,12.0936,2855882,gneiss,Proterozoic,2050.0
4.5485,12.0936,2855882,gneiss,Proterozoic,2050.0
4.7269,12.0936,2855882,gneiss,Proterozoic,2050.0
4.9052,12.0936,2855882,gneiss,Proterozoic,2050.0
5.0836,12.0936,2855882,gneiss,Proterozoic,2050.0
5.2620,12.0936,2855882,gneiss,Proterozoic,2050.0
5.4403,12.0936,2855882,gneiss,Proterozoic,2050.0
5.6187,12.0936,2855882,gneiss,Proterozoic,2050.0
5.7971,12.0936,2855882,gneiss,Proterozoic,2050.0
5.9755,12.0936,2855882,gneiss,Proterozoic,2050.0
6.1538,12.0936,2855882,gneiss,Proterozoic,2050.0
6.3322,12.0936,2855882,gneiss,Proterozoic,2050.0
6.5106,12.0936,2855882,gneiss,Proterozoic,2050.0
6.6889,12.0936,2855882,gneiss,Proterozoic,2050.0
6.8673,12.0936,2855882,gneiss,Proterozoic,2050.0
7.0457,12.0936,2855882,gneiss,Proterozoic,2050.0
7.2241,12.0936,2855882,gneiss,Proterozoic,2050.0
7.4024,12.0936,2855882,gneiss,Proterozoic,2050.0
7.5808,12.0936,2855882,gneiss,Proterozoic,2050.0
7.7592,12.0936,2855882,gneiss,Proterozoic,2050.0
7.9376,12.0936,2855882,gneiss,Proterozoic,2050.0
8.1159,12.0936,2855882,gneiss,Proterozoic,2050.0
8.2943,12.0936,2855882,gneiss,Proterozoic,2050.0
8.4727,12.0936,2855882,gneiss,Proterozoic,2050.0
8.6510,12.0936,2855882,gneiss,Proterozoic,2050.0
8.8294,12.0936,2855882,gneiss,Proterozoic,2050.0
9.0078,12.0936,2855882,gneiss,Proterozoic,2050.0
9.1862,12.0936,2855882,gneiss,Proterozoic,2050.0
9.3645,12.0936,2855882,gneiss,Proterozoic,2050.0
9.5429,12.0936,2855882,gneiss,Proterozoic,2050.0
9.7213,12.0936,2855882,gneiss,Proterozoic,2050.0
9.8996,12.0936,2855882,gneiss,Proterozoic,2050.0
10.0780,12.0936,2855882,gneiss,Proterozoic,2050.0
10.2564,12.0936,2855882,gneiss,Proterozoic,2050.0
10.4348,12.0936,2855882,gneiss,Proterozoic,2050.0
10.6131,12.0936,2855882,gneiss,Proterozoic,2050.0
10.7915,12.0936,2855882,gneiss,Proterozoic,2050.0
10.9699,12.0936,2855882,gneiss,Proterozoic,2050.0
11.1482,12.0936,2855882,gneiss,Proterozoic,2050.0
11.3266,12.0936,2855882,gneiss,Proterozoic,2050.0
11.5050,12.0936,2855882,gneiss,Proterozoic,2050.0
11.6834,12.0936,2855882,gneiss,Proterozoic,2050.0
11.8617,12.0936,2855882,gneiss,Proterozoic,2050.0
12.0401,12.0936,3001358,sandstone,Paleozoic,283.0
12.2185,12.0936,3001358,sandstone,Paleozoic,283.0
12.3968,12.0936,2855586,sandstone,Mesozoic,132.0
12.5752,12.0936,2855586,sandstone,Mesozoic,132.0
12.7536,12.0936,2855586,sandstone,Mesozoic,132.0
12.9320,12.0936,3006567,sandstone,Mesozoic,72.0
13.1103,12.0936,3006567,sandstone,Mesozoic,72.0
13.2887,12.0936,3006567,sandstone,Mesozoic,72.0
13.4671,12.0936,3006567,sandstone,Mesozoic,72.0
13.6455,12.0936,3006567,sandstone,Mesozoic,72.0
13.8238,12.0936,2954406,sandstone,Mesozoic,67.2
14.0022,12.0936,2954406,sandstone,Mesozoic,67.2
14.1806,12.0936,2975075,sandstone,Cenozoic,65.3
14.3589,12.0936,2975075,sandstone,Cenozoic,65.3
14.5373,12.0936,2975075,sandstone,Cenozoic,65.3
14.7157,12.0936,2975075,sandstone,Cenozoic,65.3
14.8941,12.0936,2975075,sandstone,Cenozoic,65.3
15.0724,12.0936,2975075,sandstone,Cenozoic,65.3
15.2508,12.0936,2954406,sandstone,Mesozoic,67.2
15.4292,12.0936,2954406,sandstone,Mesozoic,67.2
15.6075,12.0936,2954406,sandstone,Mesozoic,67.2
15.7859,12.0936,2954406,sandstone,Mesozoic,67.2
15.9643,12.0936,2954406,sandstone,Mesozoic,67.2
16.1427,12.0936,2954406,sandstone,Mesozoic,67.2
16.3210,12.0936,2954406,sandstone,Mesozoic,67.2
16.4994,12.0936,2954406,sandstone,Mesozoic,67.2
16.6778,12.0936,2954406,sandstone,Mesozoic,67.2
16.8561,12.0936,2954406,sandstone,Mesozoic,67.2
17.0345,12.0936,2954406,sandstone,Mesozoic,67.2
17.2129,12.0936,2954406,sandstone,Mesozoic,67.2
17.3913,12.0936,2954406,sandstone,Mesozoic,67.2
17.5696,12.0936,2954406,sandstone,Mesozoic,67.2
17.7480,12.0936,2954406,sandstone,Mesozoic,67.2
17.9264,12.0936,2954406,sandstone,Mesozoic,67.2
18.1048,12.0936,2954406,sandstone,Mesozoic,67.2
18.2831,12.0936,2954406,sandstone,Mesozoic,67.2
18.4615,12.0936,2954406,sandstone,Mesozoic,67.2
18.6399,12.0936,2954406,sandstone,Mesozoic,67.2
18.8182,12.0936,2954406,sandstone,Mesozoic,67.2
18.9966,12.0936,2954406,sandstone,Mesozoic,67.2
19.1750,12.0936,2954406,sandstone,Mesozoic,67.2
19.3534,12.0936,2954406,sandstone,Mesozoic,67.2
19.5317,12.0936,2954406,sandstone,Mesozoic,67.2
19.7101,12.0936,2954406,sandstone,Mesozoic,67.2
19.8885,12.0936,2954406,sandstone,Mesozoic,67.2
20.0668,12.0936,2954406,sandstone,Mesozoic,67.2
20.2452,12.0936,2954406,sandstone,Mesozoic,67.2
20.4236,12.0936,2954406,sandstone,Mesozoic,67.2
20.6020,12.0936,2954406,sandstone,Mesozoic,67.2
20.7803,12.0936,2954406,sandstone,Mesozoic,67.2
20.9587,12.0936,2954406,sandstone,Mesozoic,67.2
21.1371,12.0936,2954406,sandstone,Mesozoic,67.2
21.3154,12.0936,2954406,sandstone,Mesozoic,67.2
0.0892,12.3239,2855882,gneiss,Proterozoic,2050.0
0.2676,12.3239,2719256,gneiss,Proterozoic,2050.0
0.4459,12.3239,2719256,gneiss,Proterozoic,2050.0
0.6243,12.3239,2719256,gneiss,Proterozoic,2050.0
0.8027,12.3239,2719256,gneiss,Proterozoic,2050.0
0.9810,12.3239,2719256,gneiss,Proterozoic,2050.0
1.1594,12.3239,2719256,gneiss,Proterozoic,2050.0
1.3378,12.3239,2719256,gneiss,Proterozoic,2050.0
1.5162,12.3239,2855882,gneiss,Proterozoic,2050.0
1.6945,12.3239,2855882,gneiss,Proterozoic,2050.0
1.8729,12.3239,2855882,gneiss,Proterozoic,2050.0
2.0513,12.3239,2855882,gneiss,Proterozoic,2050.0
2.2296,12.3239,2855882,gneiss,Proterozoic,2050.0
2.4080,12.3239,2855882,gneiss,Proterozoic,2050.0
2.5864,12.3239,2855882,gneiss,Proterozoic,2050.0
2.7648,12.3239,2855882,gneiss,Proterozoic,2050.0
2.9431,12.3239,2855882,gneiss,Proterozoic,2050.0
3.1215,12.3239,2855882,gneiss,Proterozoic,2050.0
3.2999,12.3239,2855882,gneiss,Proterozoic,2050.0
3.4783,12.3239,2855882,gneiss,Proterozoic,2050.0
3.6566,12.3239,2855882,gneiss,Proterozoic,2050.0
3.8350,12.3239,2855882,gneiss,Proterozoic,2050.0
4.0134,12.3239,2855882,gneiss,Proterozoic,2050.0
4.1917,12.3239,2855882,gneiss,Proterozoic,2050.0
4.3701,12.3239,2855882,gneiss,Proterozoic,2050.0
4.5485,12.3239,2855882,gneiss,Proterozoic,2050.0
4.7269,12.3239,2855882,gneiss,Proterozoic,2050.0
4.9052,12.3239,2855882,gneiss,Proterozoic,2050.0
5.0836,12.3239,2855882,gneiss,Proterozoic,2050.0
5.2620,12.3239,2855882,gneiss,Proterozoic,2050.0
5.4403,12.3239,2855882,gneiss,Proterozoic,2050.0
5.6187,12.3239,2855882,gneiss,Proterozoic,2050.0
5.7971,12.3239,2855882,gneiss,Proterozoic,2050.0
5.9755,12.3239,2855882,gneiss,Proterozoic,2050.0
6.1538,12.3239,2855882,gneiss,Proterozoic,2050.0
6.3322,12.3239,2855882,gneiss,Proterozoic,2050.0
6.5106,12.3239,2855882,gneiss,Proterozoic,2050.0
6.6889,12.3239,2855882,gneiss,Proterozoic,2050.0
6.8673,12.3239,2855882,gneiss,Proterozoic,2050.0
7.0457,12.3239,2855882,gneiss,Proterozoic,2050.0
7.2241,12.3239,2855882,gneiss,Proterozoic,2050.0
7.4024,12.3239,2855882,gneiss,Proterozoic,2050.0
7.5808,12.3239,2855882,gneiss,Proterozoic,2050.0
7.7592,12.3239,2855882,gneiss,Proterozoic,2050.0
7.9376,12.3239,2855882,gneiss,Proterozoic,2050.0
8.1159,12.3239,2855882,gneiss,Proterozoic,2050.0
8.2943,12.3239,2855882,gneiss,Proterozoic,2050.0
8.4727,12.3239,2855882,gneiss,Proterozoic,2050.0
8.6510,12.3239,2855882,gneiss,Proterozoic,2050.0
8.8294,12.3239,2855882,gneiss,Proterozoic,2050.0
9.0078,12.3239,2855882,gneiss,Proterozoic,2050.0
9.1862,12.3239,2855882,gneiss,Proterozoic,2050.0
9.3645,12.3239,2855882,gneiss,Proterozoic,2050.0
9.5429,12.3239,2855882,gneiss,Proterozoic,2050.0
9.7213,12.3239,2855882,gneiss,Proterozoic,2050.0
9.8996,12.3239,2855882,gneiss,Proterozoic,2050.0
10.0780,12.3239,2855882,gneiss,Proterozoic,2050.0
10.2564,12.3239,2855882,gneiss,Proterozoic,2050.0
10.4348,12.3239,2855882,gneiss,Proterozoic,2050.0
10.6131,12.3239,2855882,gneiss,Proterozoic,2050.0
10.7915,12.3239,2855882,gneiss,Proterozoic,2050.0
10.9699,12.3239,2855882,gneiss,Proterozoic,2050.0
11.1482,12.3239,2855882,gneiss,Proterozoic,2050.0
11.3266,12.3239,2855882,gneiss,Proterozoic,2050.0
11.5050,12.3239,2855882,gneiss,Proterozoic,2050.0
11.6834,12.3239,2855882,gneiss,Proterozoic,2050.0
11.8617,12.3239,3001358,sandstone,Paleozoic,283.0
12.0401,12.3239,3001358,sandstone,Paleozoic,283.0
12.2185,12.3239,3001358,sandstone,Paleozoic,283.0
12.3968,12.3239,2855586,sandstone,Mesozoic,132.0
12.5752,12.3239,2855586,sandstone,Mesozoic,132.0
12.7536,12.3239,2855586,sandstone,Mesozoic,132.0
12.9320,12.3239,3006567,sandstone,Mesozoic,72.0
13.1103,12.3239,3006567,sandstone,Mesozoic,72.0
13.2887,12.3239,3006567,sandstone,Mesozoic,72.0
13.4671,12.3239,3006567,sandstone,Mesozoic,72.0
13.6455,12.3239,2954406,sandstone,Mesozoic,67.2
13.8238,12.3239,2954406,sandstone,Mesozoic,67.2
14.0022,12.3239,2954406,sandstone,Mesozoic,67.2
14.1806,12.3239,2975075,sandstone,Cenozoic,65.3
14.3589,12.3239,2975075,sandstone,Cenozoic,65.3
14.5373,12.3239,2975075,sandstone,Cenozoic,65.3
14.7157,12.3239,2975075,sandstone,Cenozoic,65.3
14.8941,12.3239,2975075,sandstone,Cenozoic,65.3
15.0724,12.3239,2954406,sandstone,Mesozoic,67.2
15.2508,12.3239,2954406,sandstone,Mesozoic,67.2
15.4292,12.3239,2954406,sandstone,Mesozoic,67.2
15.6075,12.3239,2954406,sandstone,Mesozoic,67.2
15.7859,12.3239,2954406,sandstone,Mesozoic,67.2
15.9643,12.3239,2954406,sandstone,Mesozoic,67.2
16.1427,12.3239,2954406,sandstone,Mesozoic,67.2
16.3210,12.3239,2954406,sandstone,Mesozoic,67.2
16.4994,12.3239,2954406,sandstone,Mesozoic,67.2
16.6778,12.3239,2954406,sandstone,Mesozoic,67.2
16.8561,12.3239,2954406,sandstone,Mesozoic,67.2
17.0345,12.3239,2954406,sandstone,Mesozoic,67.2
17.2129,12.3239,2954406,sandstone,Mesozoic,67.2
17.3913,12.3239,2954406,sandstone,Mesozoic,67.2
17.5696,12.3239,2954406,sandstone,Mesozoic,67.2
17.7480,12.3239,2954406,sandstone,Mesozoic,67.2
17.9264,12.3239,2954406,sandstone,Mesozoic,67.2
18.1048,12.3239,2954406,sandstone,Mesozoic,67.2
18.2831,12.3239,2954406,sandstone,Mesozoic,67.2
18.4615,12.3239,2954406,sandstone,Mesozoic,67.2
18.6399,12.3239,2954406,sandstone,Mesozoic,67.2
18.8182,12.3239,2954406,sandstone,Mesozoic,67.2
18.9966,12.3239,2954406,sandstone,Mesozoic,67.2
19.1750,12.3239,2954406,sandstone,Mesozoic,67.2
19.3534,12.3239,2954406,sandstone,Mesozoic,67.2
19.5317,12.3239,2954406,sandstone,Mesozoic,67.2
19.7101,12.3239,2954406,sandstone,Mesozoic,67.2
19.8885,12.3239,2954406,sandstone,Mesozoic,67.2
20.0668,12.3239,2954406,sandstone,Mesozoic,67.2
20.2452,12.3239,2954406,sandstone,Mesozoic,67.2
20.4236,12.3239,2954406,sandstone,Mesozoic,67.2
20.6020,12.3239,2954406,sandstone,Mesozoic,67.2
20.7803,12.3239,2954406,sandstone,Mesozoic,67.2
20.9587,12.3239,2954406,sandstone,Mesozoic,67.2
21.1371,12.3239,2954406,sandstone,Mesozoic,67.2
21.3154,12.3239,2954406,sandstone,Mesozoic,67.2
0.0892,12.5543,2719256,gneiss,Proterozoic,2050.0
0.2676,12.5543,2719256,gneiss,Proterozoic,2050.0
0.4459,12.5543,2719256,gneiss,Proterozoic,2050.0
0.6243,12.5543,2719256,gneiss,Proterozoic,2050.0
0.8027,12.5543,2719256,gneiss,Proterozoic,2050.0
0.9810,12.5543,2719256,gneiss,Proterozoic,2050.0
1.1594,12.5543,2719256,gneiss,Proterozoic,2050.0
1.3378,12.5543,2855882,gneiss,Proterozoic,2050.0
1.5162,12.5543,2855882,gneiss,Proterozoic,2050.0
1.6945,12.5543,2855882,gneiss,Proterozoic,2050.0
1.8729,12.5543,2855882,gneiss,Proterozoic,2050.0
2.0513,12.5543,2855882,gneiss,Proterozoic,2050.0
2.2296,12.5543,2855882,gneiss,Proterozoic,2050.0
2.4080,12.5543,2855882,gneiss,Proterozoic,2050.0
2.5864,12.5543,2855882,gneiss,Proterozoic,2050.0
2.7648,12.5543,2855882,gneiss,Proterozoic,2050.0
2.9431,12.5543,2855882,gneiss,Proterozoic,2050.0
3.1215,12.5543,2855882,gneiss,Proterozoic,2050.0
3.2999,12.5543,2855882,gneiss,Proterozoic,2050.0
3.4783,12.5543,2855882,gneiss,Proterozoic,2050.0
3.6566,12.5543,2855882,gneiss,Proterozoic,2050.0
3.8350,12.5543,2855882,gneiss,Proterozoic,2050.0
4.0134,12.5543,2855882,gneiss,Proterozoic,2050.0
4.1917,12.5543,2855882,gneiss,Proterozoic,2050.0
4.3701,12.5543,2855882,gneiss,Proterozoic,2050.0
4.5485,12.5543,2855882,gneiss,Proterozoic,2050.0
4.7269,12.5543,2855882,gneiss,Proterozoic,2050.0
4.9052,12.5543,2855882,gneiss,Proterozoic,2050.0
5.0836,12.5543,2855882,gneiss,Proterozoic,2050.0
5.2620,12.5543,2855882,gneiss,Proterozoic,2050.0
5.4403,12.5543,2855882,gneiss,Proterozoic,2050.0
5.6187,12.5543,2855882,gneiss,Proterozoic,2050.0
5.7971,12.5543,2855882,gneiss,Proterozoic,2050.0
5.9755,12.5543,2855882,gneiss,Proterozoic,2050.0
6.1538,12.5543,2855882,gneiss,Proterozoic,2050.0
6.3322,12.5543,2855882,gneiss,Proterozoic,2050.0
6.5106,12.5543,2855882,gneiss,Proterozoic,2050.0
6.6889,12.5543,2855882,gneiss,Proterozoic,2050.0
6.8673,12.5543,2855882,gneiss,Proterozoic,2050.0
7.0457,12.5543,2855882,gneiss,Proterozoic,2050.0
7.2241,12.5543,2855882,gneiss,Proterozoic,2050.0
7.4024,12.5543,2855882,gneiss,Proterozoic,2050.0
7.5808,12.5543,2855882,gneiss,Proterozoic,2050.0
7.7592,12.5543,2855882,gneiss,Proterozoic,2050.0
7.9376,12.5543,2855882,gneiss,Proterozoic,2050.0
8.1159,12.5543,2855882,gneiss,Proterozoic,2050.0
8.2943,12.5543,2855882,gneiss,Proterozoic,2050.0
8.4727,12.5543,2855882,gneiss,Proterozoic,2050.0
8.6510,12.5543,2855882,gneiss,Proterozoic,2050.0
8.8294,12.5543,2855882,gneiss,Proterozoic,2050.0
9.0078,12.5543,2855882,gneiss,Proterozoic,2050.0
9.1862,12.5543,2855882,gneiss,Proterozoic,2050.0
9.3645,12.5543,2855882,gneiss,Proterozoic,2050.0
9.5429,12.5543,2855882,gneiss,Proterozoic,2050.0
9.7213,12.5543,2855882,gneiss,Proterozoic,2050.0
9.8996,12.5543,2855882,gneiss,Proterozoic,2050.0
10.0780,12.5543,2855882,gneiss,Proterozoic,2050.0
10.2564,12.5543,2855882,gneiss,Proterozoic,2050.0
10.4348,12.5543,2855882,gneiss,Proterozoic,2050.0
10.6131,12.5543,2855882,gneiss,Proterozoic,2050.0
10.7915,12.5543,2855882,gneiss,Proterozoic,2050.0
10.9699,12.5543,2855882,gneiss,Proterozoic,2050.0
11.1482,12.5543,2855882,gneiss,Proterozoic,2050.0
11.3266,12.5543,2855882,gneiss,Proterozoic,2050.0
11.5050,12.5543,2855882,gneiss,Proterozoic,2050.0
11.6834,12.5543,3001358,sandstone,Paleozoic,283.0
11.8617,12.5543,3001358,sandstone,Paleozoic,283.0
12.0401,12.5543,3001358,sandstone,Paleozoic,283.0
12.2185,12.5543,2855586,sandstone,Mesozoic,132.0
12.3968,12.5543,2855586,sandstone,Mesozoic,132.0
12.5752,12.5543,2855586,sandstone,Mesozoic,132.0
12.7536,12.5543,2855586,sandstone,Mesozoic,132.0
12.9320,12.5543,3006567,sandstone,Mesozoic,72.0
13.1103,12.5543,3006567,sandstone,Mesozoic,72.0
13.2887,12.5543,3006567,sandstone,Mesozoic,72.0
13.4671,12.5543,3006567,sandstone,Mesozoic,72.0
13.6455,12.5543,2954406,sandstone,Mesozoic,67.2
13.8238,12.5543,2954406,sandstone,Mesozoic,67.2
14.0022,12.5543,2954406,sandstone,Mesozoic,67.2
14.1806,12.5543,2954406,sandstone,Mesozoic,67.2
14.3589,12.5543,2954406,sandstone,Mesozoic,67.2
14.5373,12.5543,2954406,sandstone,Mesozoic,67.2
14.7157,12.5543,2954406,sandstone,Mesozoic,67.2
14.8941,12.5543,2954406,sandstone,Mesozoic,67.2
15.0724,12.5543,2954406,sandstone,Mesozoic,67.2
15.2508,12.5543,2954406,sandstone,Mesozoic,67.2
15.4292,12.5543,2954406,sandstone,Mesozoic,67.2
15.6075,12.5543,2954406,sandstone,Mesozoic,67.2
15.7859,12.5543,2954406,sandstone,Mesozoic,67.2
15.9643,12.5543,2954406,sandstone,Mesozoic,67.2
16.1427,12.5543,2954406,sandstone,Mesozoic,67.2
16.3210,12.5543,2954406,sandstone,Mesozoic,67.2
16.4994,12.5543,2954406,sandstone,Mesozoic,67.2
16.6778,12.5543,2954406,sandstone,Mesozoic,67.2
16.8561,12.5543,2954406,sandstone,Mesozoic,67.2
17.0345,12.5543,2954406,sandstone,Mesozoic,67.2
17.2129,12.5543,2954406,sandstone,Mesozoic,67.2
17.3913,12.5543,2954406,sandstone,Mesozoic,67.2
17.5696,12.5543,2954406,sandstone,Mesozoic,67.2
17.7480,12.5543,2954406,sandstone,Mesozoic,67.2
17.9264,12.5543,2954406,sandstone,Mesozoic,67.2
18.1048,12.5543,2954406,sandstone,Mesozoic,67.2
18.2831,12.5543,2954406,sandstone,Mesozoic,67.2
18.4615,12.5543,2954406,sandstone,Mesozoic,67.2
18.6399,12.5543,2954406,sandstone,Mesozoic,67.2
18.8182,12.5543,2954406,sandstone,Mesozoic,67.2
18.9966,12.5543,2954406,sandstone,Mesozoic,67.2
19.1750,12.5543,2954406,sandstone,Mesozoic,67.2
19.3534,12.5543,2954406,sandstone,Mesozoic,67.2
19.5317,12.5543,2954406,sandstone,Mesozoic,67.2
19.7101,12.5543,2954406,sandstone,Mesozoic,67.2
19.8885,12.5543,2954406,sandstone,Mesozoic,67.2
20.0668,12.5543,2954406,sandstone,Mesozoic,67.2
20.2452,12.5543,2954406,sandstone,Mesozoic,67.2
20.4236,12.5543,2954406,sandstone,Mesozoic,67.2
20.6020,12.5543,2954406,sandstone,Mesozoic,67.2
20.7803,12.5543,2954406,sandstone,Mesozoic,67.2
20.9587,12.5543,2954406,sandstone,Mesozoic,67.2
21.1371,12.5543,2954406,sandstone,Mesozoic,67.2
21.3154,12.5543,2954406,sandstone,Mesozoic,67.2
0.0892,12.7847,2719256,gneiss,Proterozoic,2050.0
0.2676,12.7847,2719256,gneiss,Proterozoic,2050.0
0.4459,12.7847,2719256,gneiss,Proterozoic,2050.0
0.6243,12.7847,2719256,gneiss,Proterozoic,2050.0
0.8027,12.7847,2719256,gneiss,Proterozoic,2050.0
0.9810,12.7847,2719256,gneiss,Proterozoic,2050.0
1.1594,12.7847,2855882,gneiss,Proterozoic,2050.0
1.3378,12.7847,2855882,gneiss,Proterozoic,2050.0
1.5162,12.7847,2855882,gneiss,Proterozoic,2050.0
1.6945,12.7847,2855882,gneiss,Proterozoic,2050.0
1.8729,12.7847,2855882,gneiss,Proterozoic,2050.0
2.0513,12.7847,2855882,gneiss,Proterozoic,2050.0
2.2296,12.7847,2855882,gneiss,Proterozoic,2050.0
2.4080,12.7847,2855882,gneiss,Proterozoic,2050.0
2.5864,12.7847,2855882,gneiss,Proterozoic,2050.0
2.7648,12.7847,2855882,gneiss,Proterozoic,2050.0
2.9431,12.7847,2855882,gneiss,Proterozoic,2050.0
3.1215,12.7847,2855882,gneiss,Proterozoic,2050.0
3.2999,12.7847,2855882,gneiss,Proterozoic,2050.0
3.4783,12.7847,2855882,gneiss,Proterozoic,2050.0
3.6566,12.7847,2855882,gneiss,Proterozoic,2050.0
3.8350,12.7847,2855882,gneiss,Proterozoic,2050.0
4.0134,12.7847,2855882,gneiss,Proterozoic,2050.0
4.1917,12.7847,2855882,gneiss,Proterozoic,2050.0
4.3701,12.7847,2855882,gneiss,Proterozoic,2050.0
4.5485,12.7847,2855882,gneiss,Proterozoic,2050.0
4.7269,12.7847,2855882,gneiss,Proterozoic,2050.0
4.9052,12.7847,2855882,gneiss,Proterozoic,2050.0
5.0836,12.7847,2855882,gneiss,Proterozoic,2050.0
5.2620,12.7847,2855882,gneiss,Proterozoic,2050.0
5.4403,12.7847,2855882,gneiss,Proterozoic,2050.0
5.6187,12.7847,2855882,gneiss,Proterozoic,2050.0
5.7971,12.7847,2855882,gneiss,Proterozoic,2050.0
5.9755,12.7847,2855882,gneiss,Proterozoic,2050.0
6.1538,12.7847,2855882,gneiss,Proterozoic,2050.0
6.3322,12.7847,2855882,gneiss,Proterozoic,2050.0
6.5106,12.7847,2855882,gneiss,Proterozoic,2050.0
6.6889,12.7847,2855882,gneiss,Proterozoic,2050.0
6.8673,12.7847,2855882,gneiss,Proterozoic,2050.0
7.0457,12.7847,2855882,gneiss,Proterozoic,2050.0
7.2241,12.7847,2855882,gneiss,Proterozoic,2050.0
7.4024,12.7847,2855882,gneiss,Proterozoic,2050.0
7.5808,12.7847,2855882,gneiss,Proterozoic,2050.0
7.7592,12.7847,2855882,gneiss,Proterozoic,2050.0
7.9376,12.7847,2855882,gneiss,Proterozoic,2050.0
8.1159,12.7847,2855882,gneiss,Proterozoic,2050.0
8.2943,12.7847,2855882,gneiss,Proterozoic,2050.0
8.4727,12.7847,2855882,gneiss,Proterozoic,2050.0
8.6510,12.7847,2855882,gneiss,Proterozoic,2050.0
8.8294,12.7847,2855882,gneiss,Proterozoic,2050.0
9.0078,12.7847,2855882,gneiss,Proterozoic,2050.0
9.1862,12.7847,2855882,gneiss,Proterozoic,2050.0
9.3645,12.7847,2855882,gneiss,Proterozoic,2050.0
9.5429,12.7847,2855882,gneiss,Proterozoic,2050.0
9.7213,12.7847,2855882,gneiss,Proterozoic,2050.0
9.8996,12.7847,2855882,gneiss,Proterozoic,2050.0
10.0780,12.7847,2855882,gneiss,Proterozoic,2050.0
10.2564,12.7847,2855882,gneiss,Proterozoic,2050.0
10.4348,12.7847,2855882,gneiss,Proterozoic,2050.0
10.6131,12.7847,2855882,gneiss,Proterozoic,2050.0
10.7915,12.7847,2855882,gneiss,Proterozoic,2050.0
10.9699,12.7847,2855882,gneiss,Proterozoic,2050.0
11.1482,12.7847,2855882,gneiss,Proterozoic,2050.0
11.3266,12.7847,2855882,gneiss,Proterozoic,2050.0
11.5050,12.7847,2855882,gneiss,Proterozoic,2050.0
11.6834,12.7847,3001358,sandstone,Paleozoic,283.0
11.8617,12.7847,3001358,sandstone,Paleozoic,283.0
12.0401,12.7847,3001358,sandstone,Paleozoic,283.0
12.2185,12.7847,2855586,sandstone,Mesozoic,132.0
12.3968,12.7847,2855586,sandstone,Mesozoic,132.0
12.5752,12.7847,2855586,sandstone,Mesozoic,132.0
12.7536,12.7847,3006567,sandstone,Mesozoic,72.0
12.9320,12.7847,3006567,sandstone,Mesozoic,72.0
13.1103,12.7847,3006567,sandstone,Mesozoic,72.0
13.2887,12.7847,3006567,sandstone,Mesozoic,72.0
13.4671,12.7847,2954406,sandstone,Mesozoic,67.2
13.6455,12.7847,2954406,sandstone,Mesozoic,67.2
13.8238,12.7847,2954406,sandstone,Mesozoic,67.2
14.0022,12.7847,2954406,sandstone,Mesozoic,67.2
14.1806,12.7847,2954406,sandstone,Mesozoic,67.2
14.3589,12.7847,2954406,sandstone,Mesozoic,67.2
14.5373,12.7847,2954406,sandstone,Mesozoic,67.2
14.7157,12.7847,2954406,sandstone,Mesozoic,67.2
14.8941,12.7847,2954406,sandstone,Mesozoic,67.2
15.0724,12.7847,2954406,sandstone,Mesozoic,67.2
15.2508,12.7847,2954406,sandstone,Mesozoic,67.2
15.4292,12.7847,2954406,sandstone,Mesozoic,67.2
15.6075,12.7847,2954406,sandstone,Mesozoic,67.2
15.7859,12.7847,2954406,sandstone,Mesozoic,67.2
15.9643,12.7847,2954406,sandstone,Mesozoic,67.2
16.1427,12.7847,2954406,sandstone,Mesozoic,67.2
16.3210,12.7847,2954406,sandstone,Mesozoic,67.2
16.4994,12.7847,2954406,sandstone,Mesozoic,67.2
16.6778,12.7847,2954406,sandstone,Mesozoic,67.2
16.8561,12.7847,2954406,sandstone,Mesozoic,67.2
17.0345,12.7847,2954406,sandstone,Mesozoic,67.2
17.2129,12.7847,2954406,sandstone,Mesozoic,67.2
17.3913,12.7847,2954406,sandstone,Mesozoic,67.2
17.5696,12.7847,2954406,sandstone,Mesozoic,67.2
17.7480,12.7847,2954406,sandstone,Mesozoic,67.2
17.9264,12.7847,2954406,sandstone,Mesozoic,67.2
18.1048,12.7847,2954406,sandstone,Mesozoic,67.2
18.2831,12.7847,2954406,sandstone,Mesozoic,67.2
18.4615,12.7847,2954406,sandstone,Mesozoic,67.2
18.6399,12.7847,2954406,sandstone,Mesozoic,67.2
18.8182,12.7847,2954406,sandstone,Mesozoic,67.2
18.9966,12.7847,2954406,sandstone,Mesozoic,67.2
19.1750,12.7847,2824308,alluvium,Cenozoic,1.0
19.3534,12.7847,2824308,alluvium,Cenozoic,1.0
19.5317,12.7847,2824308,alluvium,Cenozoic,1.0
19.7101,12.7847,2824308,alluvium,Cenozoic,1.0
19.8885,12.7847,2824308,alluvium,Cenozoic,1.0
20.0668,12.7847,2954406,sandstone,Mesozoic,67.2
20.2452,12.7847,2954406,sandstone,Mesozoic,67.2
20.4236,12.7847,2954406,sandstone,Mesozoic,67.2
20.6020,12.7847,2954406,sandstone,Mesozoic,67.2
20.7803,12.7847,2954406,sandstone,Mesozoic,67.2
20.9587,12.7847,2954406,sandstone,Mesozoic,67.2
21.1371,12.7847,2954406,sandstone,Mesozoic,67.2
21.3154,12.7847,2954406,sandstone,Mesozoic,67.2
0.0892,13.0150,2719256,gneiss,Proterozoic,2050.0
0.2676,13.0150,2719256,gneiss,Proterozoic,2050.0
0.4459,13.0150,2719256,gneiss,Proterozoic,2050.0
0.6243,13.0150,2719256,gneiss,Proterozoic,2050.0
0.8027,13.0150,2719256,gneiss,Proterozoic,2050.0
0.9810,13.0150,2855882,gneiss,Proterozoic,2050.0
1.1594,13.0150,2855882,gneiss,Proterozoic,2050.0
1.3378,13.0150,2855882,gneiss,Proterozoic,2050.0
1.5162,13.0150,2855882,gneiss,Proterozoic,2050.0
1.6945,13.0150,2855882,gneiss,Proterozoic,2050.0
1.8729,13.0150,2855882,gneiss,Proterozoic,2050.0
2.0513,13.0150,2855882,gneiss,Proterozoic,2050.0
2.2296,13.0150,2855882,gneiss,Proterozoic,2050.0
2.4080,13.0150,2855882,gneiss,Proterozoic,2050.0
2.5864,13.0150,2855882,gneiss,Proterozoic,2050.0
2.7648,13.0150,2855882,gneiss,Proterozoic,2050.0
2.9431,13.0150,2855882,gneiss,Proterozoic,2050.0
3.1215,13.0150,2855882,gneiss,Proterozoic,2050.0
3.2999,13.0150,2855882,gneiss,Proterozoic,2050.0
3.4783,13.0150,2855882,gneiss,Proterozoic,2050.0
3.6566,13.0150,2855882,gneiss,Proterozoic,2050.0
3.8350,13.0150,2855882,gneiss,Proterozoic,2050.0
4.0134,13.0150,2855882,gneiss,Proterozoic,2050.0
4.1917,13.0150,2855882,gneiss,Proterozoic,2050.0
4.3701,13.0150,2855882,gneiss,Proterozoic,2050.0
4.5485,13.0150,2855882,gneiss,Proterozoic,2050.0
4.7269,13.0150,2855882,gneiss,Proterozoic,2050.0
4.9052,13.0150,2855882,gneiss,Proterozoic,2050.0
5.0836,13.0150,2855882,gneiss,Proterozoic,2050.0
5.2620,13.0150,2855882,gneiss,Proterozoic,2050.0
5.4403,13.0150,2855882,gneiss,Proterozoic,2050.0
5.6187,13.0150,2855882,gneiss,Proterozoic,2050.0
5.7971,13.0150,2855882,gneiss,Proterozoic,2050.0
5.9755,13.0150,2855882,gneiss,Proterozoic,2050.0
6.1538,13.0150,2855882,gneiss,Proterozoic,2050.0
6.3322,13.0150,2855882,gneiss,Proterozoic,2050.0
6.5106,13.0150,2855882,gneiss,Proterozoic,2050.0
6.6889,13.0150,2855882,gneiss,Proterozoic,2050.0
6.8673,13.0150,2855882,gneiss,Proterozoic,2050.0
7.0457,13.0150,2855882,gneiss,Proterozoic,2050.0
7.2241,13.0150,2855882,gneiss,Proterozoic,2050.0
7.4024,13.0150,2855882,gneiss,Proterozoic,2050.0
7.5808,13.0150,2855882,gneiss,Proterozoic,2050.0
7.7592,13.0150,2855882,gneiss,Proterozoic,2050.0
7.9376,13.0150,2855882,gneiss,Proterozoic,2050.0
8.1159,13.0150,2855882,gneiss,Proterozoic,2050.0
8.2943,13.0150,2855882,gneiss,Proterozoic,2050.0
8.4727,13.0150,2855882,gneiss,Proterozoic,2050.0
8.6510,13.0150,2855882,gneiss,Proterozoic,2050.0
8.8294,13.0150,2855882,gneiss,Proterozoic,2050.0
9.0078,13.0150,2855882,gneiss,Proterozoic,2050.0
9.1862,13.0150,2855882,gneiss,Proterozoic,2050.0
9.3645,13.0150,2855882,gneiss,Proterozoic,2050.0
9.5429,13.0150,2855882,gneiss,Proterozoic,2050.0
9.7213,13.0150,2855882,gneiss,Proterozoic,2050.0
9.8996,13.0150,2855882,gneiss,Proterozoic,2050.0
10.0780,13.0150,2855882,gneiss,Proterozoic,2050.0
10.2564,13.0150,2855882,gneiss,Proterozoic,2050.0
10.4348,13.0150,2855882,gneiss,Proterozoic,2050.0
10.6131,13.0150,2855882,gneiss,Proterozoic,2050.0
10.7915,13.0150,2855882,gneiss,Proterozoic,2050.0
10.9699,13.0150,2855882,gneiss,Proterozoic,2050.0
11.1482,13.0150,2855882,gneiss,Proterozoic,2050.0
11.3266,13.0150,2855882,gneiss,Proterozoic,2050.0
11.5050,13.0150,3001358,sandstone,Paleozoic,283.0
11.6834,13.0150,3001358,sandstone,Paleozoic,283.0
11.8617,13.0150,3001358,sandstone,Paleozoic,283.0
12.0401,13.0150,2855586,sandstone,Mesozoic,132.0
12.2185,13.0150,2855586,sandstone,Mesozoic,132.0
12.3968,13.0150,2855586,sandstone,Mesozoic,132.0
12.5752,13.0150,3006567,sandstone,Mesozoic,72.0
12.7536,13.0150,3006567,sandstone,Mesozoic,72.0
12.9320,13.0150,3006567,sandstone,Mesozoic,72.0
13.1103,13.0150,3006567,sandstone,Mesozoic,72.0
13.2887,13.0150,3006567,sandstone,Mesozoic,72.0
13.4671,13.0150,2954406,sandstone,Mesozoic,67.2
13.6455,13.0150,2954406,sandstone,Mesozoic,67.2
13.8238,13.0150,2954406,sandstone,Mesozoic,67.2
14.0022,13.0150,2954406,sandstone,Mesozoic,67.2
14.1806,13.0150,2954406,sandstone,Mesozoic,67.2
14.3589,13.0150,2954406,sandstone,Mesozoic,67.2
14.5373,13.0150,2954406,sandstone,Mesozoic,67.2
14.7157,13.0150,2954406,sandstone,Mesozoic,67.2
14.8941,13.0150,2954406,sandstone,Mesozoic,67.2
15.0724,13.0150,2954406,sandstone,Mesozoic,67.2
15.2508,13.0150,2954406,sandstone,Mesozoic,67.2
15.4292,13.0150,2954406,sandstone,Mesozoic,67.2
15.6075,13.0150,2954406,sandstone,Mesozoic,67.2
15.7859,13.0150,2954406,sandstone,Mesozoic,67.2
15.9643,13.0150,2954406,sandstone,Mesozoic,67.2
16.1427,13.0150,2954406,sandstone,Mesozoic,67.2
16.3210,13.0150,2954406,sandstone,Mesozoic,67.2
16.4994,13.0150,2954406,sandstone,Mesozoic,67.2
16.6778,13.0150,2954406,sandstone,Mesozoic,67.2
16.8561,13.0150,2954406,sandstone,Mesozoic,67.2
17.0345,13.0150,2954406,sandstone,Mesozoic,67.2
17.2129,13.0150,2954406,sandstone,Mesozoic,67.2
17.3913,13.0150,2954406,sandstone,Mesozoic,67.2
17.5696,13.0150,2954406,sandstone,Mesozoic,67.2
17.7480,13.0150,2954406,sandstone,Mesozoic,67.2
17.9264,13.0150,2954406,sandstone,Mesozoic,67.2
18.1048,13.0150,2954406,sandstone,Mesozoic,67.2
18.2831,13.0150,2954406,sandstone,Mesozoic,67.2
18.4615,13.0150,2954406,sandstone,Mesozoic,67.2
18.6399,13.0150,2954406,sandstone,Mesozoic,67.2
18.8182,13.0150,2954406,sandstone,Mesozoic,67.2
18.9966,13.0150,2824308,alluvium,Cenozoic,1.0
19.1750,13.0150,2824308,alluvium,Cenozoic,1.0
19.3534,13.0150,2824308,alluvium,Cenozoic,1.0
19.5317,13.0150,2824308,alluvium,Cenozoic,1.0
19.7101,13.0150,2824308,alluvium,Cenozoic,1.0
19.8885,13.0150,2824308,alluvium,Cenozoic,1.0
20.0668,13.0150,2824308,alluvium,Cenozoic,1.0
20.2452,13.0150,2824308,alluvium,Cenozoic,1.0
20.4236,13.0150,2824308,alluvium,Cenozoic,1.0
20.6020,13.0150,2824308,alluvium,Cenozoic,1.0
20.7803,13.0150,2824308,alluvium,Cenozoic,1.0
20.9587,13.0150,2954406,sandstone,Mesozoic,67.2
21.1371,13.0150,2954406,sandstone,Mesozoic,67.2
21.3154,13.0150,2954406,sandstone,Mesozoic,67.2
0.0892,13.2454,2719256,gneiss,Proterozoic,2050.0
0.2676,13.2454,2719256,gneiss,Proterozoic,2050.0
0.4459,13.2454,2719256,gneiss,Proterozoic,2050.0
0.6243,13.2454,2719256,gneiss,Proterozoic,2050.0
0.8027,13.2454,2719256,gneiss,Proterozoic,2050.0
0.9810,13.2454,2855882,gneiss,Proterozoic,2050.0
1.1594,13.2454,2855882,gneiss,Proterozoic,2050.0
1.3378,13.2454,2855882,gneiss,Proterozoic,2050.0
1.5162,13.2454,2855882,gneiss,Proterozoic,2050.0
1.6945,13.2454,2855882,gneiss,Proterozoic,2050.0
1.8729,13.2454,2855882,gneiss,Proterozoic,2050.0
2.0513,13.2454,2855882,gneiss,Proterozoic,2050.0
2.2296,13.2454,2855882,gneiss,Proterozoic,2050.0
2.4080,13.2454,2855882,gneiss,Proterozoic,2050.0
2.5864,13.2454,2855882,gneiss,Proterozoic,2050.0
2.7648,13.2454,2855882,gneiss,Proterozoic,2050.0
2.9431,13.2454,2855882,gneiss,Proterozoic,2050.0
3.1215,13.2454,2855882,gneiss,Proterozoic,2050.0
3.2999,13.2454,2855882,gneiss,Proterozoic,2050.0
3.4783,13.2454,2855882,gneiss,Proterozoic,2050.0
3.6566,13.2454,2855882,gneiss,Proterozoic,2050.0
3.8350,13.2454,2855882,gneiss,Proterozoic,2050.0
4.0134,13.2454,2855882,gneiss,Proterozoic,2050.0
4.1917,13.2454,2855882,gneiss,Proterozoic,2050.0
4.3701,13.2454,2855882,gneiss,Proterozoic,2050.0
4.5485,13.2454,2855882,gneiss,Proterozoic,2050.0
4.7269,13.2454,2855882,gneiss,Proterozoic,2050.0
4.9052,13.2454,2855882,gneiss,Proterozoic,2050.0
5.0836,13.2454,2855882,gneiss,Proterozoic,2050.0
5.2620,13.2454,2855882,gneiss,Proterozoic,2050.0
5.4403,13.2454,2855882,gneiss,Proterozoic,2050.0
5.6187,13.2454,2855882,gneiss,Proterozoic,2050.0
5.7971,13.2454,2855882,gneiss,Proterozoic,2050.0
5.9755,13.2454,2855882,gneiss,Proterozoic,2050.0
6.1538,13.2454,2855882,gneiss,Proterozoic,2050.0
6.3322,13.2454,2855882,gneiss,Proterozoic,2050.0
6.5106,13.2454,2855882,gneiss,Proterozoic,2050.0
6.6889,13.2454,2855882,gneiss,Proterozoic,2050.0
6.8673,13.2454,2855882,gneiss,Proterozoic,2050.0
7.0457,13.2454,2855882,gneiss,Proterozoic,2050.0
7.2241,13.2454,2855882,gneiss,Proterozoic,2050.0
7.4024,13.2454,2855882,gneiss,Proterozoic,2050.0
7.5808,13.2454,2855882,gneiss,Proterozoic,2050.0
7.7592,13.2454,2855882,gneiss,Proterozoic,2050.0
7.9376,13.2454,2855882,gneiss,Proterozoic,2050.0
8.1159,13.2454,2855882,gneiss,Proterozoic,2050.0
8.2943,13.2454,2855882,gneiss,Proterozoic,2050.0
8.4727,13.2454,2855882,gneiss,Proterozoic,2050.0
8.6510,13.2454,2855882,gneiss,Proterozoic,2050.0
8.8294,13.2454,2855882,gneiss,Proterozoic,2050.0
9.0078,13.2454,2855882,gneiss,Proterozoic,2050.0
9.1862,13.2454,2855882,gneiss,Proterozoic,2050.0
9.3645,13.2454,2855882,gneiss,Proterozoic,2050.0
9.5429,13.2454,2855882,gneiss,Proterozoic,2050.0
9.7213,13.2454,2855882,gneiss,Proterozoic,2050.0
9.8996,13.2454,2855882,gneiss,Proterozoic,2050.0
10.0780,13.2454,2855882,gneiss,Proterozoic,2050.0
10.2564,13.2454,2855882,gneiss,Proterozoic,2050.0
10.4348,13.2454,2855882,gneiss,Proterozoic,2050.0
10.6131,13.2454,2855882,gneiss,Proterozoic,2050.0
10.7915,13.2454,2855882,gneiss,Proterozoic,2050.0
10.9699,13.2454,2855882,gneiss,Proterozoic,2050.0
11.1482,13.2454,2855882,gneiss,Proterozoic,2050.0
11.3266,13.2454,2855882,gneiss,Proterozoic,2050.0
11.5050,13.2454,3001358,sandstone,Paleozoic,283.0
11.6834,13.2454,3001358,sandstone,Paleozoic,283.0
11.8617,13.2454,3001358,sandstone,Paleozoic,283.0
12.0401,13.2454,2855586,sandstone,Mesozoic,132.0
12.2185,13.2454,2855586,sandstone,Mesozoic,132.0
12.3968,13.2454,2855586,sandstone,Mesozoic,132.0
12.5752,13.2454,3006567,sandstone,Mesozoic,72.0
12.7536,13.2454,3006567,sandstone,Mesozoic,72.0
12.9320,13.2454,3006567,sandstone,Mesozoic,72.0
13.1103,13.2454,3006567,sandstone,Mesozoic,72.0
13.2887,13.2454,2954406,sandstone,Mesozoic,67.2
13.4671,13.2454,2954406,sandstone,Mesozoic,67.2
13.6455,13.2454,2954406,sandstone,Mesozoic,67.2
13.8238,13.2454,2954406,sandstone,Mesozoic,67.2
14.0022,13.2454,2954406,sandstone,Mesozoic,67.2
14.1806,13.2454,2954406,sandstone,Mesozoic,67.2
14.3589,13.2454,2954406,sandstone,Mesozoic,67.2
14.5373,13.2454,2954406,sandstone,Mesozoic,67.2
14.7157,13.2454,2954406,sandstone,Mesozoic,67.2
14.8941,13.2454,2954406,sandstone,Mesozoic,67.2
15.0724,13.2454,2954406,sandstone,Mesozoic,67.2
15.2508,13.2454,2954406,sandstone,Mesozoic,67.2
15.4292,13.2454,2954406,sandstone,Mesozoic,67.2
15.6075,13.2454,2954406,sandstone,Mesozoic,67.2
15.7859,13.2454,2954406,sandstone,Mesozoic,67.2
15.9643,13.2454,2954406,sandstone,Mesozoic,67.2
16.1427,13.2454,2954406,sandstone,Mesozoic,67.2
16.3210,13.2454,2954406,sandstone,Mesozoic,67.2
16.4994,13.2454,2954406,sandstone,Mesozoic,67.2
16.6778,13.2454,2954406,sandstone,Mesozoic,67.2
16.8561,13.2454,2954406,sandstone,Mesozoic,67.2
17.0345,13.2454,2954406,sandstone,Mesozoic,67.2
17.2129,13.2454,2954406,sandstone,Mesozoic,67.2
17.3913,13.2454,2954406,sandstone,Mesozoic,67.2
17.5696,13.2454,2954406,sandstone,Mesozoic,67.2
17.7480,13.2454,2954406,sandstone,Mesozoic,67.2
17.9264,13.2454,2954406,sandstone,Mesozoic,67.2
18.1048,13.2454,2954406,sandstone,Mesozoic,67.2
18.2831,13.2454,2954406,sandstone,Mesozoic,67.2
18.4615,13.2454,2954406,sandstone,Mesozoic,67.2
18.6399,13.2454,2954406,sandstone,Mesozoic,67.2
18.8182,13.2454,2824308,alluvium,Cenozoic,1.0
18.9966,13.2454,2824308,alluvium,Cenozoic,1.0
19.1750,13.2454,2824308,alluvium,Cenozoic,1.0
19.3534,13.2454,2824308,alluvium,Cenozoic,1.0
19.5317,13.2454,2824308,alluvium,Cenozoic,1.0
19.7101,13.2454,2824308,alluvium,Cenozoic,1.0
19.8885,13.2454,2824308,alluvium,Cenozoic,1.0
20.0668,13.2454,2824308,alluvium,Cenozoic,1.0
20.2452,13.2454,2824308,alluvium,Cenozoic,1.0
20.4236,13.2454,2824308,alluvium,Cenozoic,1.0
20.6020,13.2454,2824308,alluvium,Cenozoic,1.0
20.7803,13.2454,2824308,alluvium,Cenozoic,1.0
20.9587,13.2454,2824308,alluvium,Cenozoic,1.0
21.1371,13.2454,2824308,alluvium,Cenozoic,1.0
21.3154,13.2454,2954406,sandstone,Mesozoic,67.2
0.0892,13.4757,2719256,gneiss,Proterozoic,2050.0
0.2676,13.4757,2719256,gneiss,Proterozoic,2050.0
0.4459,13.4757,2719256,gneiss,Proterozoic,2050.0
0.6243,13.4757,2719256,gneiss,Proterozoic,2050.0
0.8027,13.4757,2855882,gneiss,Proterozoic,2050.0
0.9810,13.4757,2855882,gneiss,Proterozoic,2050.0
1.1594,13.4757,2855882,gneiss,Proterozoic,2050.0
1.3378,13.4757,2855882,gneiss,Proterozoic,2050.0
1.5162,13.4757,2855882,gneiss,Proterozoic,2050.0
1.6945,13.4757,2855882,gneiss,Proterozoic,2050.0
1.8729,13.4757,2855882,gneiss,Proterozoic,2050.0
2.0513,13.4757,2855882,gneiss,Proterozoic,2050.0
2.2296,13.4757,2855882,gneiss,Proterozoic,2050.0
2.4080,13.4757,2855882,gneiss,Proterozoic,2050.0
2.5864,13.4757,2855882,gneiss,Proterozoic,2050.0
2.7648,13.4757,2855882,gneiss,Proterozoic,2050.0
2.9431,13.4757,2855882,gneiss,Proterozoic,2050.0
3.1215,13.4757,2855882,gneiss,Proterozoic,2050.0
3.2999,13.4757,2855882,gneiss,Proterozoic,2050.0
3.4783,13.4757,2855882,gneiss,Proterozoic,2050.0
3.6566,13.4757,2855882,gneiss,Proterozoic,2050.0
3.8350,13.4757,2855882,gneiss,Proterozoic,2050.0
4.0134,13.4757,2855882,gneiss,Proterozoic,2050.0
4.1917,13.4757,2855882,gneiss,Proterozoic,2050.0
4.3701,13.4757,2855882,gneiss,Proterozoic,2050.0
4.5485,13.4757,2855882,gneiss,Proterozoic,2050.0
4.7269,13.4757,2855882,gneiss,Proterozoic,2050.0
4.9052,13.4757,2855882,gneiss,Proterozoic,2050.0
5.0836,13.4757,2855882,gneiss,Proterozoic,2050.0
5.2620,13.4757,2855882,gneiss,Proterozoic,2050.0
5.4403,13.4757,2855882,gneiss,Proterozoic,2050.0
5.6187,13.4757,2855882,gneiss,Proterozoic,2050.0
5.7971,13.4757,2855882,gneiss,Proterozoic,2050.0
5.9755,13.4757,2855882,gneiss,Proterozoic,2050.0
6.1538,13.4757,2855882,gneiss,Proterozoic,2050.0
6.3322,13.4757,2855882,gneiss,Proterozoic,2050.0
6.5106,13.4757,2855882,gneiss,Proterozoic,2050.0
6.6889,13.4757,2855882,gneiss,Proterozoic,2050.0
6.8673,13.4757,2855882,gneiss,Proterozoic,2050.0
7.0457,13.4757,2855882,gneiss,Proterozoic,2050.0
7.2241,13.4757,2855882,gneiss,Proterozoic,2050.0
7.4024,13.4757,2855882,gneiss,Proterozoic,2050.0
7.5808,13.4757,2855882,gneiss,Proterozoic,2050.0
7.7592,13.4757,2855882,gneiss,Proterozoic,2050.0
7.9376,13.4757,2855882,gneiss,Proterozoic,2050.0
8.1159,13.4757,2855882,gneiss,Proterozoic,2050.0
8.2943,13.4757,2855882,gneiss,Proterozoic,2050.0
8.4727,13.4757,2855882,gneiss,Proterozoic,2050.0
8.6510,13.4757,2855882,gneiss,Proterozoic,2050.0
8.8294,13.4757,2855882,gneiss,Proterozoic,2050.0
9.0078,13.4757,2855882,gneiss,Proterozoic,2050.0
9.1862,13.4757,2855882,gneiss,Proterozoic,2050.0
9.3645,13.4757,2855882,gneiss,Proterozoic,2050.0
9.5429,13.4757,2855882,gneiss,Proterozoic,2050.0
9.7213,13.4757,2855882,gneiss,Proterozoic,2050.0
9.8996,13.4757,2855882,gneiss,Proterozoic,2050.0
10.0780,13.4757,2855882,gneiss,Proterozoic,2050.0
10.2564,13.4757,2855882,gneiss,Proterozoic,2050.0
10.4348,13.4757,2855882,gneiss,Proterozoic,2050.0
10.6131,13.4757,2855882,gneiss,Proterozoic,2050.0
10.7915,13.4757,2855882,gneiss,Proterozoic,2050.0
10.9699,13.4757,2855882,gneiss,Proterozoic,2050.0
11.1482,13.4757,2855882,gneiss,Proterozoic,2050.0
11.3266,13.4757,3001358,sandstone,Paleozoic,283.0
11.5050,13.4757,3001358,sandstone,Paleozoic,283.0
11.6834,13.4757,3001358,sandstone,Paleozoic,283.0
11.8617,13.4757,2855586,sandstone,Mesozoic,132.0
12.0401,13.4757,2855586,sandstone,Mesozoic,132.0
12.2185,13.4757,2855586,sandstone,Mesozoic,132.0
12.3968,13.4757,3006567,sandstone,Mesozoic,72.0
12.5752,13.4757,3006567,sandstone,Mesozoic,72.0
12.7536,13.4757,3006567,sandstone,Mesozoic,72.0
12.9320,13.4757,3006567,sandstone,Mesozoic,72.0
13.1103,13.4757,2954406,sandstone,Mesozoic,67.2
13.2887,13.4757,2954406,sandstone,Mesozoic,67.2
13.4671,13.4757,2954406,sandstone,Mesozoic,67.2
13.6455,13.4757,2954406,sandstone,Mesozoic,67.2
13.8238,13.4757,2954406,sandstone,Mesozoic,67.2
14.0022,13.4757,2954406,sandstone,Mesozoic,67.2
14.1806,13.4757,2954406,sandstone,Mesozoic,67.2
14.3589,13.4757,2954406,sandstone,Mesozoic,67.2
14.5373,13.4757,2954406,sandstone,Mesozoic,67.2
14.7157,13.4757,2954406,sandstone,Mesozoic,67.2
14.8941,13.4757,2954406,sandstone,Mesozoic,67.2
15.0724,13.4757,2954406,sandstone,Mesozoic,67.2
15.2508,13.4757,2954406,sandstone,Mesozoic,67.2
15.4292,13.4757,2954406,sandstone,Mesozoic,67.2
15.6075,13.4757,2954406,sandstone,Mesozoic,67.2
15.7859,13.4757,2954406,sandstone,Mesozoic,67.2
15.9643,13.4757,2954406,sandstone,Mesozoic,67.2
16.1427,13.4757,2954406,sandstone,Mesozoic,67.2
16.3210,13.4757,2954406,sandstone,Mesozoic,67.2
16.4994,13.4757,2954406,sandstone,Mesozoic,67.2
16.6778,13.4757,2954406,sandstone,Mesozoic,67.2
16.8561,13.4757,2954406,sandstone,Mesozoic,67.2
17.0345,13.4757,2954406,sandstone,Mesozoic,67.2
17.2129,13.4757,2954406,sandstone,Mesozoic,67.2
17.3913,13.4757,2954406,sandstone,Mesozoic,67.2
17.5696,13.4757,2954406,sandstone,Mesozoic,67.2
17.7480,13.4757,2954406,sandstone,Mesozoic,67.2
17.9264,13.4757,2954406,sandstone,Mesozoic,67.2
18.1048,13.4757,2954406,sandstone,Mesozoic,67.2
18.2831,13.4757,2954406,sandstone,Mesozoic,67.2
18.4615,13.4757,2954406,sandstone,Mesozoic,67.2
18.6399,13.4757,2954406,sandstone,Mesozoic,67.2
18.8182,13.4757,2824308,alluvium,Cenozoic,1.0
18.9966,13.4757,2824308,alluvium,Cenozoic,1.0
19.1750,13.4757,2824308,alluvium,Cenozoic,1.0
19.3534,13.4757,2824308,alluvium,Cenozoic,1.0
19.5317,13.4757,2824308,alluvium,Cenozoic,1.0
19.7101,13.4757,2824308,alluvium,Cenozoic,1.0
19.8885,13.4757,2824308,alluvium,Cenozoic,1.0
20.0668,13.4757,2824308,alluvium,Cenozoic,1.0
20.2452,13.4757,2824308,alluvium,Cenozoic,1.0
20.4236,13.4757,2824308,alluvium,Cenozoic,1.0
20.6020,13.4757,2824308,alluvium,Cenozoic,1.0
20.7803,13.4757,2824308,alluvium,Cenozoic,1.0
20.9587,13.4757,2824308,alluvium,Cenozoic,1.0
21.1371,13.4757,2824308,alluvium,Cenozoic,1.0
21.3154,13.4757,2824308,alluvium,Cenozoic,1.0
0.0892,13.7061,2719256,gneiss,Proterozoic,2050.0
0.2676,13.7061,2719256,gneiss,Proterozoic,2050.0
0.4459,13.7061,2719256,gneiss,Proterozoic,2050.0
0.6243,13.7061,2719256,gneiss,Proterozoic,2050.0
0.8027,13.7061,2855882,gneiss,Proterozoic,2050.0
0.9810,13.7061,2855882,gneiss,Proterozoic,2050.0
1.1594,13.7061,2855882,gneiss,Proterozoic,2050.0
1.3378,13.7061,2855882,gneiss,Proterozoic,2050.0
1.5162,13.7061,2855882,gneiss,Proterozoic,2050.0
1.6945,13.7061,2855882,gneiss,Proterozoic,2050.0
1.8729,13.7061,2855882,gneiss,Proterozoic,2050.0
2.0513,13.7061,2855882,gneiss,Proterozoic,2050.0
2.2296,13.7061,2855882,gneiss,Proterozoic,2050.0
2.4080,13.7061,2855882,gneiss,Proterozoic,2050.0
2.5864,13.7061,2855882,gneiss,Proterozoic,2050.0
2.7648,13.7061,2855882,gneiss,Proterozoic,2050.0
2.9431,13.7061,2855882,gneiss,Proterozoic,2050.0
3.1215,13.7061,2855882,gneiss,Proterozoic,2050.0
3.2999,13.7061,2855882,gneiss,Proterozoic,2050.0
3.4783,13.7061,2855882,gneiss,Proterozoic,2050.0
3.6566,13.7061,2855882,gneiss,Proterozoic,2050.0
3.8350,13.7061,2855882,gneiss,Proterozoic,2050.0
4.0134,13.7061,2855882,gneiss,Proterozoic,2050.0
4.1917,13.7061,2855882,gneiss,Proterozoic,2050.0
4.3701,13.7061,2855882,gneiss,Proterozoic,2050.0
4.5485,13.7061,2855882,gneiss,Proterozoic,2050.0
4.7269,13.7061,2855882,gneiss,Proterozoic,2050.0
4.9052,13.7061,2855882,gneiss,Proterozoic,2050.0
5.0836,13.7061,2855882,gneiss,Proterozoic,2050.0
5.2620,13.7061,2855882,gneiss,Proterozoic,2050.0
5.4403,13.7061,2855882,gneiss,Proterozoic,2050.0
5.6187,13.7061,2855882,gneiss,Proterozoic,2050.0
5.7971,13.7061,2855882,gneiss,Proterozoic,2050.0
5.9755,13.7061,2855882,gneiss,Proterozoic,2050.0
6.1538,13.7061,2855882,gneiss,Proterozoic,2050.0
6.3322,13.7061,2855882,gneiss,Proterozoic,2050.0
6.5106,13.7061,2855882,gneiss,Proterozoic,2050.0
6.6889,13.7061,2855882,gneiss,Proterozoic,2050.0
6.8673,13.7061,2855882,gneiss,Proterozoic,2050.0
7.0457,13.7061,2855882,gneiss,Proterozoic,2050.0
7.2241,13.7061,2855882,gneiss,Proterozoic,2050.0
7.4024,13.7061,2855882,gneiss,Proterozoic,2050.0
7.5808,13.7061,2855882,gneiss,Proterozoic,2050.0
7.7592,13.7061,2855882,gneiss,Proterozoic,2050.0
7.9376,13.7061,2855882,gneiss,Proterozoic,2050.0
8.1159,13.7061,2855882,gneiss,Proterozoic,2050.0
8.2943,13.7061,2855882,gneiss,Proterozoic,2050.0
8.4727,13.7061,2855882,gneiss,Proterozoic,2050.0
8.6510,13.7061,2855882,gneiss,Proterozoic,2050.0
8.8294,13.7061,2855882,gneiss,Proterozoic,2050.0
9.0078,13.7061,2855882,gneiss,Proterozoic,2050.0
9.1862,13.7061,2855882,gneiss,Proterozoic,2050.0
9.3645,13.7061,2855882,gneiss,Proterozoic,2050.0
9.5429,13.7061,2855882,gneiss,Proterozoic,2050.0
9.7213,13.7061,2855882,gneiss,Proterozoic,2050.0
9.8996,13.7061,2855882,gneiss,Proterozoic,2050.0
10.0780,13.7061,2855882,gneiss,Proterozoic,2050.0
10.2564,13.7061,2855882,gneiss,Proterozoic,2050.0
10.4348,13.7061,2855882,gneiss,Proterozoic,2050.0
10.6131,13.7061,2855882,gneiss,Proterozoic,2050.0
10.7915,13.7061,2855882,gneiss,Proterozoic,2050.0
10.9699,13.7061,2855882,gneiss,Proterozoic,2050.0
11.1482,13.7061,2855882,gneiss,Proterozoic,2050.0
11.3266,13.7061,3001358,sandstone,Paleozoic,283.0
11.5050,13.7061,3001358,sandstone,Paleozoic,283.0
11.6834,13.7061,3001358,sandstone,Paleozoic,283.0
11.8617,13.7061,2855586,sandstone,Mesozoic,132.0
12.0401,13.7061,2855586,sandstone,Mesozoic,132.0
12.2185,13.7061,3006567,sandstone,Mesozoic,72.0
12.3968,13.7061,3006567,sandstone,Mesozoic,72.0
12.5752,13.7061,3006567,sandstone,Mesozoic,72.0
12.7536,13.7061,3006567,sandstone,Mesozoic,72.0
12.9320,13.7061,2954406,sandstone,Mesozoic,67.2
13.1103,13.7061,2954406,sandstone,Mesozoic,67.2
13.2887,13.7061,2954406,sandstone,Mesozoic,67.2
13.4671,13.7061,2954406,sandstone,Mesozoic,67.2
13.6455,13.7061,2954406,sandstone,Mesozoic,67.2
13.8238,13.7061,2954406,sandstone,Mesozoic,67.2
14.0022,13.7061,2954406,sandstone,Mesozoic,67.2
14.1806,13.7061,2954406,sandstone,Mesozoic,67.2
14.3589,13.7061,2954406,sandstone,Mesozoic,67.2
14.5373,13.7061,2954406,sandstone,Mesozoic,67.2
14.7157,13.7061,2954406,sandstone,Mesozoic,67.2
14.8941,13.7061,2954406,sandstone,Mesozoic,67.2
15.0724,13.7061,2954406,sandstone,Mesozoic,67.2
15.2508,13.7061,2954406,sandstone,Mesozoic,67.2
15.4292,13.7061,2954406,sandstone,Mesozoic,67.2
15.6075,13.7061,2954406,sandstone,Mesozoic,67.2
15.7859,13.7061,2954406,sandstone,Mesozoic,67.2
15.9643,13.7061,2954406,sandstone,Mesozoic,67.2
16.1427,13.7061,2954406,sandstone,Mesozoic,67.2
16.3210,13.7061,2954406,sandstone,Mesozoic,67.2
16.4994,13.7061,2954406,sandstone,Mesozoic,67.2
16.6778,13.7061,2954406,sandstone,Mesozoic,67.2
16.8561,13.7061,2954406,sandstone,Mesozoic,67.2
17.0345,13.7061,2954406,sandstone,Mesozoic,67.2
17.2129,13.7061,2954406,sandstone,Mesozoic,67.2
17.3913,13.7061,2954406,sandstone,Mesozoic,67.2
17.5696,13.7061,2954406,sandstone,Mesozoic,67.2
17.7480,13.7061,2954406,sandstone,Mesozoic,67.2
17.9264,13.7061,2954406,sandstone,Mesozoic,67.2
18.1048,13.7061,2954406,sandstone,Mesozoic,67.2
18.2831,13.7061,2954406,sandstone,Mesozoic,67.2
18.4615,13.7061,2954406,sandstone,Mesozoic,67.2
18.6399,13.7061,2954406,sandstone,Mesozoic,67.2
18.8182,13.7061,2954406,sandstone,Mesozoic,67.2
18.9966,13.7061,2824308,alluvium,Cenozoic,1.0
19.1750,13.7061,2824308,alluvium,Cenozoic,1.0
19.3534,13.7061,2824308,alluvium,Cenozoic,1.0
19.5317,13.7061,2824308,alluvium,Cenozoic,1.0
19.7101,13.7061,2824308,alluvium,Cenozoic,1.0
19.8885,13.7061,2824308,alluvium,Cenozoic,1.0
20.0668,13.7061,2824308,alluvium,Cenozoic,1.0
20.2452,13.7061,2824308,alluvium,Cenozoic,1.0
20.4236,13.7061,2824308,alluvium,Cenozoic,1.0
20.6020,13.7061,2824308,alluvium,Cenozoic,1.0
20.7803,13.7061,2824308,alluvium,Cenozoic,1.0
20.9587,13.7061,2824308,alluvium,Cenozoic,1.0
21.1371,13.7061,2824308,alluvium,Cenozoic,1.0
21.3154,13.7061,2824308,alluvium,Cenozoic,1.0
0.0892,13.9364,2719256,gneiss,Proterozoic,2050.0
0.2676,13.9364,2719256,gneiss,Proterozoic,2050.0
0.4459,13.9364,2719256,gneiss,Proterozoic,2050.0
0.6243,13.9364,2719256,gneiss,Proterozoic,2050.0
0.8027,13.9364,2719256,gneiss,Proterozoic,2050.0
0.9810,13.9364,2855882,gneiss,Proterozoic,2050.0
1.1594,13.9364,2855882,gneiss,Proterozoic,2050.0
1.3378,13.9364,2855882,gneiss,Proterozoic,2050.0
1.5162,13.9364,2855882,gneiss,Proterozoic,2050.0
1.6945,13.9364,2855882,gneiss,Proterozoic,2050.0
1.8729,13.9364,2855882,gneiss,Proterozoic,2050.0
2.0513,13.9364,2855882,gneiss,Proterozoic,2050.0
2.2296,13.9364,2855882,gneiss,Proterozoic,2050.0
2.4080,13.9364,2855882,gneiss,Proterozoic,2050.0
2.5864,13.9364,2855882,gneiss,Proterozoic,2050.0
2.7648,13.9364,2855882,gneiss,Proterozoic,2050.0
2.9431,13.9364,2855882,gneiss,Proterozoic,2050.0
3.1215,13.9364,2855882,gneiss,Proterozoic,2050.0
3.2999,13.9364,2855882,gneiss,Proterozoic,2050.0
3.4783,13.9364,2855882,gneiss,Proterozoic,2050.0
3.6566,13.9364,2855882,gneiss,Proterozoic,2050.0
3.8350,13.9364,2855882,gneiss,Proterozoic,2050.0
4.0134,13.9364,2855882,gneiss,Proterozoic,2050.0
4.1917,13.9364,3027038,gneiss,Proterozoic,2050.0
4.3701,13.9364,2855882,gneiss,Proterozoic,2050.0
4.5485,13.9364,2855882,gneiss,Proterozoic,2050.0
4.7269,13.9364,2855882,gneiss,Proterozoic,2050.0
4.9052,13.9364,2855882,gneiss,Proterozoic,2050.0
5.0836,13.9364,2855882,gneiss,Proterozoic,2050.0
5.2620,13.9364,2855882,gneiss,Proterozoic,2050.0
5.4403,13.9364,2855882,gneiss,Proterozoic,2050.0
5.6187,13.9364,2855882,gneiss,Proterozoic,2050.0
5.7971,13.9364,2855882,gneiss,Proterozoic,2050.0
5.9755,13.9364,2855882,gneiss,Proterozoic,2050.0
6.1538,13.9364,2855882,gneiss,Proterozoic,2050.0
6.3322,13.9364,2855882,gneiss,Proterozoic,2050.0
6.5106,13.9364,2855882,gneiss,Proterozoic,2050.0
6.6889,13.9364,2855882,gneiss,Proterozoic,2050.0
6.8673,13.9364,2855882,gneiss,Proterozoic,2050.0
7.0457,13.9364,2855882,gneiss,Proterozoic,2050.0
7.2241,13.9364,2855882,gneiss,Proterozoic,2050.0
7.4024,13.9364,2855882,gneiss,Proterozoic,2050.0
7.5808,13.9364,2855882,gneiss,Proterozoic,2050.0
7.7592,13.9364,2855882,gneiss,Proterozoic,2050.0
7.9376,13.9364,2855882,gneiss,Proterozoic,2050.0
8.1159,13.9364,2855882,gneiss,Proterozoic,2050.0
8.2943,13.9364,2855882,gneiss,Proterozoic,2050.0
8.4727,13.9364,2855882,gneiss,Proterozoic,2050.0
8.6510,13.9364,2855882,gneiss,Proterozoic,2050.0
8.8294,13.9364,2855882,gneiss,Proterozoic,2050.0
9.0078,13.9364,2855882,gneiss,Proterozoic,2050.0
9.1862,13.9364,2855882,gneiss,Proterozoic,2050.0
9.3645,13.9364,2855882,gneiss,Proterozoic,2050.0
9.5429,13.9364,2855882,gneiss,Proterozoic,2050.0
9.7213,13.9364,2855882,gneiss,Proterozoic,2050.0
9.8996,13.9364,2855882,gneiss,Proterozoic,2050.0
10.0780,13.9364,2855882,gneiss,Proterozoic,2050.0
10.2564,13.9364,2855882,gneiss,Proterozoic,2050.0
10.4348,13.9364,2855882,gneiss,Proterozoic,2050.0
10.6131,13.9364,2855882,gneiss,Proterozoic,2050.0
10.7915,13.9364,2855882,gneiss,Proterozoic,2050.0
10.9699,13.9364,2855882,gneiss,Proterozoic,2050.0
11.1482,13.9364,3001358,sandstone,Paleozoic,283.0
11.3266,13.9364,3001358,sandstone,Paleozoic,283.0
11.5050,13.9364,3001358,sandstone,Paleozoic,283.0
11.6834,13.9364,2855586,sandstone,Mesozoic,132.0
11.8617,13.9364,2855586,sandstone,Mesozoic,132.0
12.0401,13.9364,3006567,sandstone,Mesozoic,72.0
12.2185,13.9364,3006567,sandstone,Mesozoic,72.0
12.3968,13.9364,3006567,sandstone,Mesozoic,72.0
12.5752,13.9364,3006567,sandstone,Mesozoic,72.0
12.7536,13.9364,2954406,sandstone,Mesozoic,67.2
12.9320,13.9364,2954406,sandstone,Mesozoic,67.2
13.1103,13.9364,2954406,sandstone,Mesozoic,67.2
13.2887,13.9364,2954406,sandstone,Mesozoic,67.2
13.4671,13.9364,2954406,sandstone,Mesozoic,67.2
13.6455,13.9364,2954406,sandstone,Mesozoic,67.2
13.8238,13.9364,2954406,sandstone,Mesozoic,67.2
14.0022,13.9364,2954406,sandstone,Mesozoic,67.2
14.1806,13.9364,2954406,sandstone,Mesozoic,67.2
14.3589,13.9364,2954406,sandstone,Mesozoic,67.2
14.5373,13.9364,2954406,sandstone,Mesozoic,67.2
14.7157,13.9364,2954406,sandstone,Mesozoic,67.2
14.8941,13.9364,2954406,sandstone,Mesozoic,67.2
15.0724,13.9364,2954406,sandstone,Mesozoic,67.2
15.2508,13.9364,2954406,sandstone,Mesozoic,67.2
15.4292,13.9364,2954406,sandstone,Mesozoic,67.2
15.6075,13.9364,2954406,sandstone,Mesozoic,67.2
15.7859,13.9364,2954406,sandstone,Mesozoic,67.2
15.9643,13.9364,2954406,sandstone,Mesozoic,67.2
16.1427,13.9364,2954406,sandstone,Mesozoic,67.2
16.3210,13.9364,2954406,sandstone,Mesozoic,67.2
16.4994,13.9364,2954406,sandstone,Mesozoic,67.2
16.6778,13.9364,2954406,sandstone,Mesozoic,67.2
16.8561,13.9364,2954406,sandstone,Mesozoic,67.2
17.0345,13.9364,2954406,sandstone,Mesozoic,67.2
17.2129,13.9364,2954406,sandstone,Mesozoic,67.2
17.3913,13.9364,2954406,sandstone,Mesozoic,67.2
17.5696,13.9364,2954406,sandstone,Mesozoic,67.2
17.7480,13.9364,2954406,sandstone,Mesozoic,67.2
17.9264,13.9364,2954406,sandstone,Mesozoic,67.2
18.1048,13.9364,2954406,sandstone,Mesozoic,67.2
18.2831,13.9364,2954406,sandstone,Mesozoic,67.2
18.4615,13.9364,2954406,sandstone,Mesozoic,67.2
18.6399,13.9364,2954406,sandstone,Mesozoic,67.2
18.8182,13.9364,2954406,sandstone,Mesozoic,67.2
18.9966,13.9364,2954406,sandstone,Mesozoic,67.2
19.1750,13.9364,2954406,sandstone,Mesozoic,67.2
19.3534,13.9364,2954406,sandstone,Mesozoic,67.2
19.5317,13.9364,2954406,sandstone,Mesozoic,67.2
19.7101,13.9364,2824308,alluvium,Cenozoic,1.0
19.8885,13.9364,2824308,alluvium,Cenozoic,1.0
20.0668,13.9364,2824308,alluvium,Cenozoic,1.0
20.2452,13.9364,2824308,alluvium,Cenozoic,1.0
20.4236,13.9364,2824308,alluvium,Cenozoic,1.0
20.6020,13.9364,2824308,alluvium,Cenozoic,1.0
20.7803,13.9364,2824308,alluvium,Cenozoic,1.0
20.9587,13.9364,2824308,alluvium,Cenozoic,1.0
21.1371,13.9364,2824308,alluvium,Cenozoic,1.0
21.3154,13.9364,2824308,alluvium,Cenozoic,1.0
0.0892,14.1668,2719256,gneiss,Proterozoic,2050.0
0.2676,14.1668,2719256,gneiss,Proterozoic,2050.0
0.4459,14.1668,2719256,gneiss,Proterozoic,2050.0
0.6243,14.1668,2855882,gneiss,Proterozoic,2050.0
0.8027,14.1668,2855882,gneiss,Proterozoic,2050.0
0.9810,14.1668,2855882,gneiss,Proterozoic,2050.0
1.1594,14.1668,2855882,gneiss,Proterozoic,2050.0
1.3378,14.1668,2855882,gneiss,Proterozoic,2050.0
1.5162,14.1668,2855882,gneiss,Proterozoic,2050.0
1.6945,14.1668,2855882,gneiss,Proterozoic,2050.0
1.8729,14.1668,2855882,gneiss,Proterozoic,2050.0
2.0513,14.1668,2855882,gneiss,Proterozoic,2050.0
2.2296,14.1668,2855882,gneiss,Proterozoic,2050.0
2.4080,14.1668,2855882,gneiss,Proterozoic,2050.0
2.5864,14.1668,2855882,gneiss,Proterozoic,2050.0
2.7648,14.1668,2855882,gneiss,Proterozoic,2050.0
2.9431,14.1668,2855882,gneiss,Proterozoic,2050.0
3.1215,14.1668,3027038,gneiss,Proterozoic,2050.0
3.2999,14.1668,3027038,gneiss,Proterozoic,2050.0
3.4783,14.1668,3027038,gneiss,Proterozoic,2050.0
3.6566,14.1668,3027038,gneiss,Proterozoic,2050.0
3.8350,14.1668,3027038,gneiss,Proterozoic,2050.0
4.0134,14.1668,3027038,gneiss,Proterozoic,2050.0
4.1917,14.1668,2855882,gneiss,Proterozoic,2050.0
4.3701,14.1668,2855882,gneiss,Proterozoic,2050.0
4.5485,14.1668,2855882,gneiss,Proterozoic,2050.0
4.7269,14.1668,2855882,gneiss,Proterozoic,2050.0
4.9052,14.1668,2855882,gneiss,Proterozoic,2050.0
5.0836,14.1668,2855882,gneiss,Proterozoic,2050.0
5.2620,14.1668,2855882,gneiss,Proterozoic,2050.0
5.4403,14.1668,2855882,gneiss,Proterozoic,2050.0
5.6187,14.1668,2855882,gneiss,Proterozoic,2050.0
5.7971,14.1668,2855882,gneiss,Proterozoic,2050.0
5.9755,14.1668,2855882,gneiss,Proterozoic,2050.0
6.1538,14.1668,2855882,gneiss,Proterozoic,2050.0
6.3322,14.1668,2855882,gneiss,Proterozoic,2050.0
6.5106,14.1668,2855882,gneiss,Proterozoic,2050.0
6.6889,14.1668,2855882,gneiss,Proterozoic,2050.0
6.8673,14.1668,2855882,gneiss,Proterozoic,2050.0
7.0457,14.1668,2855882,gneiss,Proterozoic,2050.0
7.2241,14.1668,2855882,gneiss,Proterozoic,2050.0
7.4024,14.1668,2855882,gneiss,Proterozoic,2050.0
7.5808,14.1668,2855882,gneiss,Proterozoic,2050.0
7.7592,14.1668,2855882,gneiss,Proterozoic,2050.0
7.9376,14.1668,2855882,gneiss,Proterozoic,2050.0
8.1159,14.1668,2855882,gneiss,Proterozoic,2050.0
8.2943,14.1668,2855882,gneiss,Proterozoic,2050.0
8.4727,14.1668,2855882,gneiss,Proterozoic,2050.0
8.6510,14.1668,2855882,gneiss,Proterozoic,2050.0
8.8294,14.1668,2855882,gneiss,Proterozoic,2050.0
9.0078,14.1668,2855882,gneiss,Proterozoic,2050.0
9.1862,14.1668,2855882,gneiss,Proterozoic,2050.0
9.3645,14.1668,2855882,gneiss,Proterozoic,2050.0
9.5429,14.1668,3027038,gneiss,Proterozoic,2050.0
9.7213,14.1668,3027038,gneiss,Proterozoic,2050.0
9.8996,14.1668,3027038,gneiss,Proterozoic,2050.0
10.0780,14.1668,3027038,gneiss,Proterozoic,2050.0
10.2564,14.1668,2855882,gneiss,Proterozoic,2050.0
10.4348,14.1668,2855882,gneiss,Proterozoic,2050.0
10.6131,14.1668,2855882,gneiss,Proterozoic,2050.0
10.7915,14.1668,2855882,gneiss,Proterozoic,2050.0
10.9699,14.1668,3001358,sandstone,Paleozoic,283.0
11.1482,14.1668,3001358,sandstone,Paleozoic,283.0
11.3266,14.1668,3001358,sandstone,Paleozoic,283.0
11.5050,14.1668,3001358,sandstone,Paleozoic,283.0
11.6834,14.1668,2855586,sandstone,Mesozoic,132.0
11.8617,14.1668,2855586,sandstone,Mesozoic,132.0
12.0401,14.1668,3006567,sandstone,Mesozoic,72.0
12.2185,14.1668,3006567,sandstone,Mesozoic,72.0
12.3968,14.1668,3006567,sandstone,Mesozoic,72.0
12.5752,14.1668,3006567,sandstone,Mesozoic,72.0
12.7536,14.1668,2954406,sandstone,Mesozoic,67.2
12.9320,14.1668,2954406,sandstone,Mesozoic,67.2
13.1103,14.1668,2954406,sandstone,Mesozoic,67.2
13.2887,14.1668,2954406,sandstone,Mesozoic,67.2
13.4671,14.1668,2954406,sandstone,Mesozoic,67.2
13.6455,14.1668,2954406,sandstone,Mesozoic,67.2
13.8238,14.1668,2954406,sandstone,Mesozoic,67.2
14.0022,14.1668,2954406,sandstone,Mesozoic,67.2
14.1806,14.1668,2954406,sandstone,Mesozoic,67.2
14.3589,14.1668,2954406,sandstone,Mesozoic,67.2
14.5373,14.1668,2954406,sandstone,Mesozoic,67.2
14.7157,14.1668,2954406,sandstone,Mesozoic,67.2
14.8941,14.1668,2954406,sandstone,Mesozoic,67.2
15.0724,14.1668,2954406,sandstone,Mesozoic,67.2
15.2508,14.1668,2954406,sandstone,Mesozoic,67.2
15.4292,14.1668,2954406,sandstone,Mesozoic,67.2
15.6075,14.1668,2954406,sandstone,Mesozoic,67.2
15.7859,14.1668,2954406,sandstone,Mesozoic,67.2
15.9643,14.1668,2954406,sandstone,Mesozoic,67.2
16.1427,14.1668,2954406,sandstone,Mesozoic,67.2
16.3210,14.1668,2954406,sandstone,Mesozoic,67.2
16.4994,14.1668,2954406,sandstone,Mesozoic,67.2
16.6778,14.1668,2954406,sandstone,Mesozoic,67.2
16.8561,14.1668,2954406,sandstone,Mesozoic,67.2
17.0345,14.1668,2954406,sandstone,Mesozoic,67.2
17.2129,14.1668,2954406,sandstone,Mesozoic,67.2
17.3913,14.1668,2954406,sandstone,Mesozoic,67.2
17.5696,14.1668,2954406,sandstone,Mesozoic,67.2
17.7480,14.1668,2954406,sandstone,Mesozoic,67.2
17.9264,14.1668,2954406,sandstone,Mesozoic,67.2
18.1048,14.1668,2954406,sandstone,Mesozoic,67.2
18.2831,14.1668,2954406,sandstone,Mesozoic,67.2
18.4615,14.1668,2954406,sandstone,Mesozoic,67.2
18.6399,14.1668,2954406,sandstone,Mesozoic,67.2
18.8182,14.1668,2954406,sandstone,Mesozoic,67.2
18.9966,14.1668,2954406,sandstone,Mesozoic,67.2
19.1750,14.1668,2954406,sandstone,Mesozoic,67.2
19.3534,14.1668,2954406,sandstone,Mesozoic,67.2
19.5317,14.1668,2954406,sandstone,Mesozoic,67.2
19.7101,14.1668,2954406,sandstone,Mesozoic,67.2
19.8885,14.1668,2954406,sandstone,Mesozoic,67.2
20.0668,14.1668,2954406,sandstone,Mesozoic,67.2
20.2452,14.1668,2954406,sandstone,Mesozoic,67.2
20.4236,14.1668,2824308,alluvium,Cenozoic,1.0
20.6020,14.1668,2824308,alluvium,Cenozoic,1.0
20.7803,14.1668,2824308,alluvium,Cenozoic,1.0
20.9587,14.1668,2824308,alluvium,Cenozoic,1.0
21.1371,14.1668,2824308,alluvium,Cenozoic,1.0
21.3154,14.1668,2824308,alluvium,Cenozoic,1.0
0.0892,14.3971,3003576,alluvium,Cenozoic,12.8
0.2676,14.3971,3003576,alluvium,Cenozoic,12.8
0.4459,14.3971,3003576,alluvium,Cenozoic,12.8
0.6243,14.3971,3003576,alluvium,Cenozoic,12.8
0.8027,14.3971,3003576,alluvium,Cenozoic,12.8
0.9810,14.3971,3003576,alluvium,Cenozoic,12.8
1.1594,14.3971,3003576,alluvium,Cenozoic,12.8
1.3378,14.3971,2855882,gneiss,Proterozoic,2050.0
1.5162,14.3971,2855882,gneiss,Proterozoic,2050.0
1.6945,14.3971,2855882,gneiss,Proterozoic,2050.0
1.8729,14.3971,2855882,gneiss,Proterozoic,2050.0
2.0513,14.3971,2855882,gneiss,Proterozoic,2050.0
2.2296,14.3971,3027038,gneiss,Proterozoic,2050.0
2.4080,14.3971,3027038,gneiss,Proterozoic,2050.0
2.5864,14.3971,3027038,gneiss,Proterozoic,2050.0
2.7648,14.3971,3027038,gneiss,Proterozoic,2050.0
2.9431,14.3971,3027038,gneiss,Proterozoic,2050.0
3.1215,14.3971,3027038,gneiss,Proterozoic,2050.0
3.2999,14.3971,3027038,gneiss,Proterozoic,2050.0
3.4783,14.3971,3027038,gneiss,Proterozoic,2050.0
3.6566,14.3971,3027038,gneiss,Proterozoic,2050.0
3.8350,14.3971,3027038,gneiss,Proterozoic,2050.0
4.0134,14.3971,2855882,gneiss,Proterozoic,2050.0
4.1917,14.3971,2855882,gneiss,Proterozoic,2050.0
4.3701,14.3971,2855882,gneiss,Proterozoic,2050.0
4.5485,14.3971,2855882,gneiss,Proterozoic,2050.0
4.7269,14.3971,2855882,gneiss,Proterozoic,2050.0
4.9052,14.3971,2855882,gneiss,Proterozoic,2050.0
5.0836,14.3971,2855882,gneiss,Proterozoic,2050.0
5.2620,14.3971,2855882,gneiss,Proterozoic,2050.0
5.4403,14.3971,2855882,gneiss,Proterozoic,2050.0
5.6187,14.3971,2855882,gneiss,Proterozoic,2050.0
5.7971,14.3971,2855882,gneiss,Proterozoic,2050.0
5.9755,14.3971,2855882,gneiss,Proterozoic,2050.0
6.1538,14.3971,2855882,gneiss,Proterozoic,2050.0
6.3322,14.3971,2855882,gneiss,Proterozoic,2050.0
6.5106,14.3971,2809194,granite,Proterozoic,2050.0
6.6889,14.3971,2809194,granite,Proterozoic,2050.0
6.8673,14.3971,2855882,gneiss,Proterozoic,2050.0
7.0457,14.3971,2855882,gneiss,Proterozoic,2050.0
7.2241,14.3971,2855882,gneiss,Proterozoic,2050.0
7.4024,14.3971,2855882,gneiss,Proterozoic,2050.0
7.5808,14.3971,2855882,gneiss,Proterozoic,2050.0
7.7592,14.3971,2855882,gneiss,Proterozoic,2050.0
7.9376,14.3971,2855882,gneiss,Proterozoic,2050.0
8.1159,14.3971,2855882,gneiss,Proterozoic,2050.0
8.2943,14.3971,2855882,gneiss,Proterozoic,2050.0
8.4727,14.3971,2855882,gneiss,Proterozoic,2050.0
8.6510,14.3971,2855882,gneiss,Proterozoic,2050.0
8.8294,14.3971,2855882,gneiss,Proterozoic,2050.0
9.0078,14.3971,2855882,gneiss,Proterozoic,2050.0
9.1862,14.3971,3027038,gneiss,Proterozoic,2050.0
9.3645,14.3971,3027038,gneiss,Proterozoic,2050.0
9.5429,14.3971,3027038,gneiss,Proterozoic,2050.0
9.7213,14.3971,3027038,gneiss,Proterozoic,2050.0
9.8996,14.3971,3027038,gneiss,Proterozoic,2050.0
10.0780,14.3971,3027038,gneiss,Proterozoic,2050.0
10.2564,14.3971,3027038,gneiss,Proterozoic,2050.0
10.4348,14.3971,3027038,gneiss,Proterozoic,2050.0
10.6131,14.3971,3027038,gneiss,Proterozoic,2050.0
10.7915,14.3971,2855882,gneiss,Proterozoic,2050.0
10.9699,14.3971,3001358,sandstone,Paleozoic,283.0
11.1482,14.3971,3001358,sandstone,Paleozoic,283.0
11.3266,14.3971,3001358,sandstone,Paleozoic,283.0
11.5050,14.3971,2855586,sandstone,Mesozoic,132.0
11.6834,14.3971,2855586,sandstone,Mesozoic,132.0
11.8617,14.3971,3006567,sandstone,Mesozoic,72.0
12.0401,14.3971,3006567,sandstone,Mesozoic,72.0
12.2185,14.3971,3006567,sandstone,Mesozoic,72.0
12.3968,14.3971,3006567,sandstone,Mesozoic,72.0
12.5752,14.3971,2954406,sandstone,Mesozoic,67.2
12.7536,14.3971,2954406,sandstone,Mesozoic,67.2
12.9320,14.3971,2954406,sandstone,Mesozoic,67.2
13.1103,14.3971,2954406,sandstone,Mesozoic,67.2
13.2887,14.3971,2954406,sandstone,Mesozoic,67.2
13.4671,14.3971,2954406,sandstone,Mesozoic,67.2
13.6455,14.3971,2954406,sandstone,Mesozoic,67.2
13.8238,14.3971,2954406,sandstone,Mesozoic,67.2
14.0022,14.3971,2954406,sandstone,Mesozoic,67.2
14.1806,14.3971,2954406,sandstone,Mesozoic,67.2
14.3589,14.3971,2954406,sandstone,Mesozoic,67.2
14.5373,14.3971,2954406,sandstone,Mesozoic,67.2
14.7157,14.3971,2954406,sandstone,Mesozoic,67.2
14.8941,14.3971,2954406,sandstone,Mesozoic,67.2
15.0724,14.3971,2954406,sandstone,Mesozoic,67.2
15.2508,14.3971,2954406,sandstone,Mesozoic,67.2
15.4292,14.3971,2954406,sandstone,Mesozoic,67.2
15.6075,14.3971,2954406,sandstone,Mesozoic,67.2
15.7859,14.3971,2954406,sandstone,Mesozoic,67.2
15.9643,14.3971,2954406,sandstone,Mesozoic,67.2
16.1427,14.3971,2954406,sandstone,Mesozoic,67.2
16.3210,14.3971,2954406,sandstone,Mesozoic,67.2
16.4994,14.3971,2954406,sandstone,Mesozoic,67.2
16.6778,14.3971,2954406,sandstone,Mesozoic,67.2
16.8561,14.3971,2954406,sandstone,Mesozoic,67.2
17.0345,14.3971,2954406,sandstone,Mesozoic,67.2
17.2129,14.3971,2954406,sandstone,Mesozoic,67.2
17.3913,14.3971,2954406,sandstone,Mesozoic,67.2
17.5696,14.3971,2954406,sandstone,Mesozoic,67.2
17.7480,14.3971,2954406,sandstone,Mesozoic,67.2
17.9264,14.3971,2954406,sandstone,Mesozoic,67.2
18.1048,14.3971,2954406,sandstone,Mesozoic,67.2
18.2831,14.3971,2954406,sandstone,Mesozoic,67.2
18.4615,14.3971,2954406,sandstone,Mesozoic,67.2
18.6399,14.3971,2954406,sandstone,Mesozoic,67.2
18.8182,14.3971,2954406,sandstone,Mesozoic,67.2
18.9966,14.3971,2954406,sandstone,Mesozoic,67.2
19.1750,14.3971,2954406,sandstone,Mesozoic,67.2
19.3534,14.3971,2954406,sandstone,Mesozoic,67.2
19.5317,14.3971,2954406,sandstone,Mesozoic,67.2
19.7101,14.3971,2954406,sandstone,Mesozoic,67.2
19.8885,14.3971,2954406,sandstone,Mesozoic,67.2
20.0668,14.3971,2954406,sandstone,Mesozoic,67.2
20.2452,14.3971,2954406,sandstone,Mesozoic,67.2
20.4236,14.3971,2954406,sandstone,Mesozoic,67.2
20.6020,14.3971,2954406,sandstone,Mesozoic,67.2
20.7803,14.3971,2954406,sandstone,Mesozoic,67.2
20.9587,14.3971,2954406,sandstone,Mesozoic,67.2
21.1371,14.3971,2954406,sandstone,Mesozoic,67.2
21.3154,14.3971,2954406,sandstone,Mesozoic,67.2
0.0892,14.6275,3003576,alluvium,Cenozoic,12.8
0.2676,14.6275,3003576,alluvium,Cenozoic,12.8
0.4459,14.6275,3003576,alluvium,Cenozoic,12.8
0.6243,14.6275,3003576,alluvium,Cenozoic,12.8
0.8027,14.6275,3003576,alluvium,Cenozoic,12.8
0.9810,14.6275,3003576,alluvium,Cenozoic,12.8
1.1594,14.6275,3003576,alluvium,Cenozoic,12.8
1.3378,14.6275,2855882,gneiss,Proterozoic,2050.0
1.5162,14.6275,3027038,gneiss,Proterozoic,2050.0
1.6945,14.6275,3027038,gneiss,Proterozoic,2050.0
1.8729,14.6275,3027038,gneiss,Proterozoic,2050.0
2.0513,14.6275,3027038,gneiss,Proterozoic,2050.0
2.2296,14.6275,3027038,gneiss,Proterozoic,2050.0
2.4080,14.6275,3027038,gneiss,Proterozoic,2050.0
2.5864,14.6275,3027038,gneiss,Proterozoic,2050.0
2.7648,14.6275,3027038,gneiss,Proterozoic,2050.0
2.9431,14.6275,3027038,gneiss,Proterozoic,2050.0
3.1215,14.6275,3027038,gneiss,Proterozoic,2050.0
3.2999,14.6275,2855882,gneiss,Proterozoic,2050.0
3.4783,14.6275,2855882,gneiss,Proterozoic,2050.0
3.6566,14.6275,2855882,gneiss,Proterozoic,2050.0
3.8350,14.6275,2855882,gneiss,Proterozoic,2050.0
4.0134,14.6275,2855882,gneiss,Proterozoic,2050.0
4.1917,14.6275,2855882,gneiss,Proterozoic,2050.0
4.3701,14.6275,2855882,gneiss,Proterozoic,2050.0
4.5485,14.6275,2855882,gneiss,Proterozoic,2050.0
4.7269,14.6275,2855882,gneiss,Proterozoic,2050.0
4.9052,14.6275,2855882,gneiss,Proterozoic,2050.0
5.0836,14.6275,2855882,gneiss,Proterozoic,2050.0
5.2620,14.6275,2855882,gneiss,Proterozoic,2050.0
5.4403,14.6275,2855882,gneiss,Proterozoic,2050.0
5.6187,14.6275,2855882,gneiss,Proterozoic,2050.0
5.7971,14.6275,2855882,gneiss,Proterozoic,2050.0
5.9755,14.6275,2855882,gneiss,Proterozoic,2050.0
6.1538,14.6275,2855882,gneiss,Proterozoic,2050.0
6.3322,14.6275,2809194,granite,Proterozoic,2050.0
6.5106,14.6275,2809194,granite,Proterozoic,2050.0
6.6889,14.6275,2809194,granite,Proterozoic,2050.0
6.8673,14.6275,2809194,granite,Proterozoic,2050.0
7.0457,14.6275,2809194,granite,Proterozoic,2050.0
7.2241,14.6275,2855882,gneiss,Proterozoic,2050.0
7.4024,14.6275,2855882,gneiss,Proterozoic,2050.0
7.5808,14.6275,2855882,gneiss,Proterozoic,2050.0
7.7592,14.6275,2855882,gneiss,Proterozoic,2050.0
7.9376,14.6275,2855882,gneiss,Proterozoic,2050.0
8.1159,14.6275,2855882,gneiss,Proterozoic,2050.0
8.2943,14.6275,2855882,gneiss,Proterozoic,2050.0
8.4727,14.6275,2855882,gneiss,Proterozoic,2050.0
8.6510,14.6275,2855882,gneiss,Proterozoic,2050.0
8.8294,14.6275,2855882,gneiss,Proterozoic,2050.0
9.0078,14.6275,3027038,gneiss,Proterozoic,2050.0
9.1862,14.6275,3027038,gneiss,Proterozoic,2050.0
9.3645,14.6275,3027038,gneiss,Proterozoic,2050.0
9.5429,14.6275,3027038,gneiss,Proterozoic,2050.0
9.7213,14.6275,3027038,gneiss,Proterozoic,2050.0
9.8996,14.6275,3027038,gneiss,Proterozoic,2050.0
10.0780,14.6275,3027038,gneiss,Proterozoic,2050.0
10.2564,14.6275,3027038,gneiss,Proterozoic,2050.0
10.4348,14.6275,3027038,gneiss,Proterozoic,2050.0
10.6131,14.6275,3027038,gneiss,Proterozoic,2050.0
10.7915,14.6275,3001358,sandstone,Paleozoic,283.0
10.9699,14.6275,3001358,sandstone,Paleozoic,283.0
11.1482,14.6275,3001358,sandstone,Paleozoic,283.0
11.3266,14.6275,3001358,sandstone,Paleozoic,283.0
11.5050,14.6275,2855586,sandstone,Mesozoic,132.0
11.6834,14.6275,3006567,sandstone,Mesozoic,72.0
11.8617,14.6275,3006567,sandstone,Mesozoic,72.0
12.0401,14.6275,3006567,sandstone,Mesozoic,72.0
12.2185,14.6275,3006567,sandstone,Mesozoic,72.0
12.3968,14.6275,2954406,sandstone,Mesozoic,67.2
12.5752,14.6275,2954406,sandstone,Mesozoic,67.2
12.7536,14.6275,2954406,sandstone,Mesozoic,67.2
12.9320,14.6275,2954406,sandstone,Mesozoic,67.2
13.1103,14.6275,2954406,sandstone,Mesozoic,67.2
13.2887,14.6275,2954406,sandstone,Mesozoic,67.2
13.4671,14.6275,2954406,sandstone,Mesozoic,67.2
13.6455,14.6275,2954406,sandstone,Mesozoic,67.2
13.8238,14.6275,2954406,sandstone,Mesozoic,67.2
14.0022,14.6275,2954406,sandstone,Mesozoic,67.2
14.1806,14.6275,2954406,sandstone,Mesozoic,67.2
14.3589,14.6275,2954406,sandstone,Mesozoic,67.2
14.5373,14.6275,2954406,sandstone,Mesozoic,67.2
14.7157,14.6275,2954406,sandstone,Mesozoic,67.2
14.8941,14.6275,2954406,sandstone,Mesozoic,67.2
15.0724,14.6275,2954406,sandstone,Mesozoic,67.2
15.2508,14.6275,2954406,sandstone,Mesozoic,67.2
15.4292,14.6275,2954406,sandstone,Mesozoic,67.2
15.6075,14.6275,2954406,sandstone,Mesozoic,67.2
15.7859,14.6275,2954406,sandstone,Mesozoic,67.2
15.9643,14.6275,2954406,sandstone,Mesozoic,67.2
16.1427,14.6275,2954406,sandstone,Mesozoic,67.2
16.3210,14.6275,2954406,sandstone,Mesozoic,67.2
16.4994,14.6275,2954406,sandstone,Mesozoic,67.2
16.6778,14.6275,2954406,sandstone,Mesozoic,67.2
16.8561,14.6275,2954406,sandstone,Mesozoic,67.2
17.0345,14.6275,2954406,sandstone,Mesozoic,67.2
17.2129,14.6275,2954406,sandstone,Mesozoic,67.2
17.3913,14.6275,2954406,sandstone,Mesozoic,67.2
17.5696,14.6275,2954406,sandstone,Mesozoic,67.2
17.7480,14.6275,2954406,sandstone,Mesozoic,67.2
17.9264,14.6275,2954406,sandstone,Mesozoic,67.2
18.1048,14.6275,2954406,sandstone,Mesozoic,67.2
18.2831,14.6275,2954406,sandstone,Mesozoic,67.2
18.4615,14.6275,2954406,sandstone,Mesozoic,67.2
18.6399,14.6275,2954406,sandstone,Mesozoic,67.2
18.8182,14.6275,2954406,sandstone,Mesozoic,67.2
18.9966,14.6275,2954406,sandstone,Mesozoic,67.2
19.1750,14.6275,2954406,sandstone,Mesozoic,67.2
19.3534,14.6275,2954406,sandstone,Mesozoic,67.2
19.5317,14.6275,2954406,sandstone,Mesozoic,67.2
19.7101,14.6275,2954406,sandstone,Mesozoic,67.2
19.8885,14.6275,2954406,sandstone,Mesozoic,67.2
20.0668,14.6275,2954406,sandstone,Mesozoic,67.2
20.2452,14.6275,2954406,sandstone,Mesozoic,67.2
20.4236,14.6275,2954406,sandstone,Mesozoic,67.2
20.6020,14.6275,2954406,sandstone,Mesozoic,67.2
20.7803,14.6275,2954406,sandstone,Mesozoic,67.2
20.9587,14.6275,2954406,sandstone,Mesozoic,67.2
21.1371,14.6275,2954406,sandstone,Mesozoic,67.2
21.3154,14.6275,2954406,sandstone,Mesozoic,67.2
0.0892,14.8578,3003576,alluvium,Cenozoic,12.8
0.2676,14.8578,3003576,alluvium,Cenozoic,12.8
0.4459,14.8578,3003576,alluvium,Cenozoic,12.8
0.6243,14.8578,3003576,alluvium,Cenozoic,12.8
0.8027,14.8578,3003576,alluvium,Cenozoic,12.8
0.9810,14.8578,3003576,alluvium,Cenozoic,12.8
1.1594,14.8578,3003576,alluvium,Cenozoic,12.8
1.3378,14.8578,3027038,gneiss,Proterozoic,2050.0
1.5162,14.8578,3027038,gneiss,Proterozoic,2050.0
1.6945,14.8578,3027038,gneiss,Proterozoic,2050.0
1.8729,14.8578,3027038,gneiss,Proterozoic,2050.0
2.0513,14.8578,3027038,gneiss,Proterozoic,2050.0
2.2296,14.8578,3027038,gneiss,Proterozoic,2050.0
2.4080,14.8578,3027038,gneiss,Proterozoic,2050.0
2.5864,14.8578,3027038,gneiss,Proterozoic,2050.0
2.7648,14.8578,3027038,gneiss,Proterozoic,2050.0
2.9431,14.8578,3027038,gneiss,Proterozoic,2050.0
3.1215,14.8578,2855882,gneiss,Proterozoic,2050.0
3.2999,14.8578,2855882,gneiss,Proterozoic,2050.0
3.4783,14.8578,2855882,gneiss,Proterozoic,2050.0
3.6566,14.8578,2855882,gneiss,Proterozoic,2050.0
3.8350,14.8578,2855882,gneiss,Proterozoic,2050.0
4.0134,14.8578,2855882,gneiss,Proterozoic,2050.0
4.1917,14.8578,2855882,gneiss,Proterozoic,2050.0
4.3701,14.8578,2855882,gneiss,Proterozoic,2050.0
4.5485,14.8578,2855882,gneiss,Proterozoic,2050.0
4.7269,14.8578,2855882,gneiss,Proterozoic,2050.0
4.9052,14.8578,2855882,gneiss,Proterozoic,2050.0
5.0836,14.8578,2855882,gneiss,Proterozoic,2050.0
5.2620,14.8578,2855882,gneiss,Proterozoic,2050.0
5.4403,14.8578,2855882,gneiss,Proterozoic,2050.0
5.6187,14.8578,2855882,gneiss,Proterozoic,2050.0
5.7971,14.8578,2855882,gneiss,Proterozoic,2050.0
5.9755,14.8578,2855882,gneiss,Proterozoic,2050.0
6.1538,14.8578,2809194,granite,Proterozoic,2050.0
6.3322,14.8578,2809194,granite,Proterozoic,2050.0
6.5106,14.8578,2809194,granite,Proterozoic,2050.0
6.6889,14.8578,2809194,granite,Proterozoic,2050.0
6.8673,14.8578,2809194,granite,Proterozoic,2050.0
7.0457,14.8578,2809194,granite,Proterozoic,2050.0
7.2241,14.8578,2809194,granite,Proterozoic,2050.0
7.4024,14.8578,2809194,granite,Proterozoic,2050.0
7.5808,14.8578,2809194,granite,Proterozoic,2050.0
7.7592,14.8578,2855882,gneiss,Proterozoic,2050.0
7.9376,14.8578,2855882,gneiss,Proterozoic,2050.0
8.1159,14.8578,2855882,gneiss,Proterozoic,2050.0
8.2943,14.8578,2855882,gneiss,Proterozoic,2050.0
8.4727,14.8578,2855882,gneiss,Proterozoic,2050.0
8.6510,14.8578,2855882,gneiss,Proterozoic,2050.0
8.8294,14.8578,2855882,gneiss,Proterozoic,2050.0
9.0078,14.8578,3027038,gneiss,Proterozoic,2050.0
9.1862,14.8578,3027038,gneiss,Proterozoic,2050.0
9.3645,14.8578,3027038,gneiss,Proterozoic,2050.0
9.5429,14.8578,3027038,gneiss,Proterozoic,2050.0
9.7213,14.8578,3027038,gneiss,Proterozoic,2050.0
9.8996,14.8578,3027038,gneiss,Proterozoic,2050.0
10.0780,14.8578,3027038,gneiss,Proterozoic,2050.0
10.2564,14.8578,3027038,gneiss,Proterozoic,2050.0
10.4348,14.8578,3027038,gneiss,Proterozoic,2050.0
10.6131,14.8578,3027038,gneiss,Proterozoic,2050.0
10.7915,14.8578,3001358,sandstone,Paleozoic,283.0
10.9699,14.8578,3001358,sandstone,Paleozoic,283.0
11.1482,14.8578,3001358,sandstone,Paleozoic,283.0
11.3266,14.8578,2855586,sandstone,Mesozoic,132.0
11.5050,14.8578,2855586,sandstone,Mesozoic,132.0
11.6834,14.8578,3006567,sandstone,Mesozoic,72.0
11.8617,14.8578,3006567,sandstone,Mesozoic,72.0
12.0401,14.8578,3006567,sandstone,Mesozoic,72.0
12.2185,14.8578,2954406,sandstone,Mesozoic,67.2
12.3968,14.8578,2954406,sandstone,Mesozoic,67.2
12.5752,14.8578,2954406,sandstone,Mesozoic,67.2
12.7536,14.8578,2954406,sandstone,Mesozoic,67.2
12.9320,14.8578,2954406,sandstone,Mesozoic,67.2
13.1103,14.8578,2954406,sandstone,Mesozoic,67.2
13.2887,14.8578,2954406,sandstone,Mesozoic,67.2
13.4671,14.8578,2954406,sandstone,Mesozoic,67.2
13.6455,14.8578,2954406,sandstone,Mesozoic,67.2
13.8238,14.8578,2954406,sandstone,Mesozoic,67.2
14.0022,14.8578,2954406,sandstone,Mesozoic,67.2
14.1806,14.8578,2954406,sandstone,Mesozoic,67.2
14.3589,14.8578,2954406,sandstone,Mesozoic,67.2
14.5373,14.8578,2954406,sandstone,Mesozoic,67.2
14.7157,14.8578,2954406,sandstone,Mesozoic,67.2
14.8941,14.8578,2954406,sandstone,Mesozoic,67.2
15.0724,14.8578,2954406,sandstone,Mesozoic,67.2
15.2508,14.8578,2954406,sandstone,Mesozoic,67.2
15.4292,14.8578,2954406,sandstone,Mesozoic,67.2
15.6075,14.8578,2954406,sandstone,Mesozoic,67.2
15.7859,14.8578,2954406,sandstone,Mesozoic,67.2
15.9643,14.8578,2954406,sandstone,Mesozoic,67.2
16.1427,14.8578,2954406,sandstone,Mesozoic,67.2
16.3210,14.8578,2954406,sandstone,Mesozoic,67.2
16.4994,14.8578,2954406,sandstone,Mesozoic,67.2
16.6778,14.8578,2954406,sandstone,Mesozoic,67.2
16.8561,14.8578,2954406,sandstone,Mesozoic,67.2
17.0345,14.8578,2954406,sandstone,Mesozoic,67.2
17.2129,14.8578,2954406,sandstone,Mesozoic,67.2
17.3913,14.8578,2954406,sandstone,Mesozoic,67.2
17.5696,14.8578,2954406,sandstone,Mesozoic,67.2
17.7480,14.8578,2954406,sandstone,Mesozoic,67.2
17.9264,14.8578,2954406,sandstone,Mesozoic,67.2
18.1048,14.8578,2954406,sandstone,Mesozoic,67.2
18.2831,14.8578,2954406,sandstone,Mesozoic,67.2
18.4615,14.8578,2954406,sandstone,Mesozoic,67.2
18.6399,14.8578,2954406,sandstone,Mesozoic,67.2
18.8182,14.8578,2954406,sandstone,Mesozoic,67.2
18.9966,14.8578,2954406,sandstone,Mesozoic,67.2
19.1750,14.8578,2954406,sandstone,Mesozoic,67.2
19.3534,14.8578,2954406,sandstone,Mesozoic,67.2
19.5317,14.8578,2954406,sandstone,Mesozoic,67.2
19.7101,14.8578,2954406,sandstone,Mesozoic,67.2
19.8885,14.8578,2954406,sandstone,Mesozoic,67.2
20.0668,14.8578,2954406,sandstone,Mesozoic,67.2
20.2452,14.8578,2954406,sandstone,Mesozoic,67.2
20.4236,14.8578,2954406,sandstone,Mesozoic,67.2
20.6020,14.8578,2954406,sandstone,Mesozoic,67.2
20.7803,14.8578,2954406,sandstone,Mesozoic,67.2
20.9587,14.8578,2954406,sandstone,Mesozoic,67.2
21.1371,14.8578,2954406,sandstone,Mesozoic,67.2
21.3154,14.8578,2954406,sandstone,Mesozoic,67.2
0.0892,15.0882,3027038,gneiss,Proterozoic,2050.0
0.2676,15.0882,3027038,gneiss,Proterozoic,2050.0
0.4459,15.0882,3027038,gneiss,Proterozoic,2050.0
0.6243,15.0882,3027038,gneiss,Proterozoic,2050.0
0.8027,15.0882,3027038,gneiss,Proterozoic,2050.0
0.9810,15.0882,3027038,gneiss,Proterozoic,2050.0
1.1594,15.0882,3027038,gneiss,Proterozoic,2050.0
1.3378,15.0882,3027038,gneiss,Proterozoic,2050.0
1.5162,15.0882,3027038,gneiss,Proterozoic,2050.0
1.6945,15.0882,3027038,gneiss,Proterozoic,2050.0
1.8729,15.0882,3027038,gneiss,Proterozoic,2050.0
2.0513,15.0882,3027038,gneiss,Proterozoic,2050.0
2.2296,15.0882,3027038,gneiss,Proterozoic,2050.0
2.4080,15.0882,3027038,gneiss,Proterozoic,2050.0
2.5864,15.0882,3027038,gneiss,Proterozoic,2050.0
2.7648,15.0882,3027038,gneiss,Proterozoic,2050.0
2.9431,15.0882,3027038,gneiss,Proterozoic,2050.0
3.1215,15.0882,3027038,gneiss,Proterozoic,2050.0
3.2999,15.0882,3027038,gneiss,Proterozoic,2050.0
3.4783,15.0882,2855882,gneiss,Proterozoic,2050.0
3.6566,15.0882,2855882,gneiss,Proterozoic,2050.0
3.8350,15.0882,2855882,gneiss,Proterozoic,2050.0
4.0134,15.0882,2855882,gneiss,Proterozoic,2050.0
4.1917,15.0882,2855882,gneiss,Proterozoic,2050.0
4.3701,15.0882,2855882,gneiss,Proterozoic,2050.0
4.5485,15.0882,2855882,gneiss,Proterozoic,2050.0
4.7269,15.0882,2855882,gneiss,Proterozoic,2050.0
4.9052,15.0882,2855882,gneiss,Proterozoic,2050.0
5.0836,15.0882,2855882,gneiss,Proterozoic,2050.0
5.2620,15.0882,2855882,gneiss,Proterozoic,2050.0
5.4403,15.0882,2855882,gneiss,Proterozoic,2050.0
5.6187,15.0882,2855882,gneiss,Proterozoic,2050.0
5.7971,15.0882,2855882,gneiss,Proterozoic,2050.0
5.9755,15.0882,2809194,granite,Proterozoic,2050.0
6.1538,15.0882,2809194,granite,Proterozoic,2050.0
6.3322,15.0882,2809194,granite,Proterozoic,2050.0
6.5106,15.0882,2809194,granite,Proterozoic,2050.0
6.6889,15.0882,2809194,granite,Proterozoic,2050.0
6.8673,15.0882,2809194,granite,Proterozoic,2050.0
7.0457,15.0882,2809194,granite,Proterozoic,2050.0
7.2241,15.0882,2809194,granite,Proterozoic,2050.0
7.4024,15.0882,2809194,granite,Proterozoic,2050.0
7.5808,15.0882,2809194,granite,Proterozoic,2050.0
7.7592,15.0882,2855882,gneiss,Proterozoic,2050.0
7.9376,15.0882,2855882,gneiss,Proterozoic,2050.0
8.1159,15.0882,2855882,gneiss,Proterozoic,2050.0
8.2943,15.0882,2855882,gneiss,Proterozoic,2050.0
8.4727,15.0882,2855882,gneiss,Proterozoic,2050.0
8.6510,15.0882,2855882,gneiss,Proterozoic,2050.0
8.8294,15.0882,2855882,gneiss,Proterozoic,2050.0
9.0078,15.0882,3027038,gneiss,Proterozoic,2050.0
9.1862,15.0882,3027038,gneiss,Proterozoic,2050.0
9.3645,15.0882,3027038,gneiss,Proterozoic,2050.0
9.5429,15.0882,3027038,gneiss,Proterozoic,2050.0
9.7213,15.0882,3027038,gneiss,Proterozoic,2050.0
9.8996,15.0882,3027038,gneiss,Proterozoic,2050.0
10.0780,15.0882,3027038,gneiss,Proterozoic,2050.0
10.2564,15.0882,3027038,gneiss,Proterozoic,2050.0
10.4348,15.0882,3027038,gneiss,Proterozoic,2050.0
10.6131,15.0882,3001358,sandstone,Paleozoic,283.0
10.7915,15.0882,3001358,sandstone,Paleozoic,283.0
10.9699,15.0882,3001358,sandstone,Paleozoic,283.0
11.1482,15.0882,2855586,sandstone,Mesozoic,132.0
11.3266,15.0882,2855586,sandstone,Mesozoic,132.0
11.5050,15.0882,3006567,sandstone,Mesozoic,72.0
11.6834,15.0882,3006567,sandstone,Mesozoic,72.0
11.8617,15.0882,3006567,sandstone,Mesozoic,72.0
12.0401,15.0882,2954406,sandstone,Mesozoic,67.2
12.2185,15.0882,2954406,sandstone,Mesozoic,67.2
12.3968,15.0882,2954406,sandstone,Mesozoic,67.2
12.5752,15.0882,2954406,sandstone,Mesozoic,67.2
12.7536,15.0882,2954406,sandstone,Mesozoic,67.2
12.9320,15.0882,2954406,sandstone,Mesozoic,67.2
13.1103,15.0882,2954406,sandstone,Mesozoic,67.2
13.2887,15.0882,2954406,sandstone,Mesozoic,67.2
13.4671,15.0882,2954406,sandstone,Mesozoic,67.2
13.6455,15.0882,2954406,sandstone,Mesozoic,67.2
13.8238,15.0882,2954406,sandstone,Mesozoic,67.2
14.0022,15.0882,2954406,sandstone,Mesozoic,67.2
14.1806,15.0882,2954406,sandstone,Mesozoic,67.2
14.3589,15.0882,2954406,sandstone,Mesozoic,67.2
14.5373,15.0882,2954406,sandstone,Mesozoic,67.2
14.7157,15.0882,2954406,sandstone,Mesozoic,67.2
14.8941,15.0882,2954406,sandstone,Mesozoic,67.2
15.0724,15.0882,2954406,sandstone,Mesozoic,67.2
15.2508,15.0882,2954406,sandstone,Mesozoic,67.2
15.4292,15.0882,2954406,sandstone,Mesozoic,67.2
15.6075,15.0882,2954406,sandstone,Mesozoic,67.2
15.7859,15.0882,2954406,sandstone,Mesozoic,67.2
15.9643,15.0882,2954406,sandstone,Mesozoic,67.2
16.1427,15.0882,2954406,sandstone,Mesozoic,67.2
16.3210,15.0882,2954406,sandstone,Mesozoic,67.2
16.4994,15.0882,2954406,sandstone,Mesozoic,67.2
16.6778,15.0882,2954406,sandstone,Mesozoic,67.2
16.8561,15.0882,2954406,sandstone,Mesozoic,67.2
17.0345,15.0882,2954406,sandstone,Mesozoic,67.2
17.2129,15.0882,2954406,sandstone,Mesozoic,67.2
17.3913,15.0882,2954406,sandstone,Mesozoic,67.2
17.5696,15.0882,2954406,sandstone,Mesozoic,67.2
17.7480,15.0882,2954406,sandstone,Mesozoic,67.2
17.9264,15.0882,2954406,sandstone,Mesozoic,67.2
18.1048,15.0882,2954406,sandstone,Mesozoic,67.2
18.2831,15.0882,2954406,sandstone,Mesozoic,67.2
18.4615,15.0882,2954406,sandstone,Mesozoic,67.2
18.6399,15.0882,2954406,sandstone,Mesozoic,67.2
18.8182,15.0882,2954406,sandstone,Mesozoic,67.2
18.9966,15.0882,2954406,sandstone,Mesozoic,67.2
19.1750,15.0882,2954406,sandstone,Mesozoic,67.2
19.3534,15.0882,2954406,sandstone,Mesozoic,67.2
19.5317,15.0882,2954406,sandstone,Mesozoic,67.2
19.7101,15.0882,2954406,sandstone,Mesozoic,67.2
19.8885,15.0882,2954406,sandstone,Mesozoic,67.2
20.0668,15.0882,2954406,sandstone,Mesozoic,67.2
20.2452,15.0882,2954406,sandstone,Mesozoic,67.2
20.4236,15.0882,2954406,sandstone,Mesozoic,67.2
20.6020,15.0882,2954406,sandstone,Mesozoic,67.2
20.7803,15.0882,2954406,sandstone,Mesozoic,67.2
20.9587,15.0882,2954406,sandstone,Mesozoic,67.2
21.1371,15.0882,2954406,sandstone,Mesozoic,67.2
21.3154,15.0882,2954406,sandstone,Mesozoic,67.2
0.0892,15.3186,3027038,gneiss,Proterozoic,2050.0
0.2676,15.3186,3027038,gneiss,Proterozoic,2050.0
0.4459,15.3186,3027038,gneiss,Proterozoic,2050.0
0.6243,15.3186,3027038,gneiss,Proterozoic,2050.0
0.8027,15.3186,3027038,gneiss,Proterozoic,2050.0
0.9810,15.3186,3027038,gneiss,Proterozoic,2050.0
1.1594,15.3186,3027038,gneiss,Proterozoic,2050.0
1.3378,15.3186,3027038,gneiss,Proterozoic,2050.0
1.5162,15.3186,3027038,gneiss,Proterozoic,2050.0
1.6945,15.3186,3027038,gneiss,Proterozoic,2050.0
1.8729,15.3186,3027038,gneiss,Proterozoic,2050.0
2.0513,15.3186,3027038,gneiss,Proterozoic,2050.0
2.2296,15.3186,3027038,gneiss,Proterozoic,2050.0
2.4080,15.3186,3027038,gneiss,Proterozoic,2050.0
2.5864,15.3186,3027038,gneiss,Proterozoic,2050.0
2.7648,15.3186,3027038,gneiss,Proterozoic,2050.0
2.9431,15.3186,3027038,gneiss,Proterozoic,2050.0
3.1215,15.3186,3027038,gneiss,Proterozoic,2050.0
3.2999,15.3186,3027038,gneiss,Proterozoic,2050.0
3.4783,15.3186,3027038,gneiss,Proterozoic,2050.0
3.6566,15.3186,3027038,gneiss,Proterozoic,2050.0
3.8350,15.3186,3027038,gneiss,Proterozoic,2050.0
4.0134,15.3186,3027038,gneiss,Proterozoic,2050.0
4.1917,15.3186,3027038,gneiss,Proterozoic,2050.0
4.3701,15.3186,3027038,gneiss,Proterozoic,2050.0
4.5485,15.3186,3027038,gneiss,Proterozoic,2050.0
4.7269,15.3186,3027038,gneiss,Proterozoic,2050.0
4.9052,15.3186,3027038,gneiss,Proterozoic,2050.0
5.0836,15.3186,3027038,gneiss,Proterozoic,2050.0
5.2620,15.3186,3027038,gneiss,Proterozoic,2050.0
5.4403,15.3186,2855882,gneiss,Proterozoic,2050.0
5.6187,15.3186,2855882,gneiss,Proterozoic,2050.0
5.7971,15.3186,2809194,granite,Proterozoic,2050.0
5.9755,15.3186,2809194,granite,Proterozoic,2050.0
6.1538,15.3186,2809194,granite,Proterozoic,2050.0
6.3322,15.3186,2809194,granite,Proterozoic,2050.0
6.5106,15.3186,2809194,granite,Proterozoic,2050.0
6.6889,15.3186,2809194,granite,Proterozoic,2050.0
6.8673,15.3186,2809194,granite,Proterozoic,2050.0
7.0457,15.3186,2809194,granite,Proterozoic,2050.0
7.2241,15.3186,2809194,granite,Proterozoic,2050.0
7.4024,15.3186,2809194,granite,Proterozoic,2050.0
7.5808,15.3186,2809194,granite,Proterozoic,2050.0
7.7592,15.3186,2855882,gneiss,Proterozoic,2050.0
7.9376,15.3186,2855882,gneiss,Proterozoic,2050.0
8.1159,15.3186,2855882,gneiss,Proterozoic,2050.0
8.2943,15.3186,2855882,gneiss,Proterozoic,2050.0
8.4727,15.3186,2855882,gneiss,Proterozoic,2050.0
8.6510,15.3186,2855882,gneiss,Proterozoic,2050.0
8.8294,15.3186,3027038,gneiss,Proterozoic,2050.0
9.0078,15.3186,3027038,gneiss,Proterozoic,2050.0
9.1862,15.3186,3027038,gneiss,Proterozoic,2050.0
9.3645,15.3186,3027038,gneiss,Proterozoic,2050.0
9.5429,15.3186,3027038,gneiss,Proterozoic,2050.0
9.7213,15.3186,3027038,gneiss,Proterozoic,2050.0
9.8996,15.3186,3027038,gneiss,Proterozoic,2050.0
10.0780,15.3186,3027038,gneiss,Proterozoic,2050.0
10.2564,15.3186,3027038,gneiss,Proterozoic,2050.0
10.4348,15.3186,3001358,sandstone,Paleozoic,283.0
10.6131,15.3186,3001358,sandstone,Paleozoic,283.0
10.7915,15.3186,3001358,sandstone,Paleozoic,283.0
10.9699,15.3186,3001358,sandstone,Paleozoic,283.0
11.1482,15.3186,2855586,sandstone,Mesozoic,132.0
11.3266,15.3186,3006567,sandstone,Mesozoic,72.0
11.5050,15.3186,3006567,sandstone,Mesozoic,72.0
11.6834,15.3186,3006567,sandstone,Mesozoic,72.0
11.8617,15.3186,2954406,sandstone,Mesozoic,67.2
12.0401,15.3186,2954406,sandstone,Mesozoic,67.2
12.2185,15.3186,2954406,sandstone,Mesozoic,67.2
12.3968,15.3186,2954406,sandstone,Mesozoic,67.2
12.5752,15.3186,2954406,sandstone,Mesozoic,67.2
12.7536,15.3186,2954406,sandstone,Mesozoic,67.2
12.9320,15.3186,2954406,sandstone,Mesozoic,67.2
13.1103,15.3186,2954406,sandstone,Mesozoic,67.2
13.2887,15.3186,2954406,sandstone,Mesozoic,67.2
13.4671,15.3186,2954406,sandstone,Mesozoic,67.2
13.6455,15.3186,2954406,sandstone,Mesozoic,67.2
13.8238,15.3186,2954406,sandstone,Mesozoic,67.2
14.0022,15.3186,2954406,sandstone,Mesozoic,67.2
14.1806,15.3186,2954406,sandstone,Mesozoic,67.2
14.3589,15.3186,2954406,sandstone,Mesozoic,67.2
14.5373,15.3186,2954406,sandstone,Mesozoic,67.2
14.7157,15.3186,2954406,sandstone,Mesozoic,67.2
14.8941,15.3186,2954406,sandstone,Mesozoic,67.2
15.0724,15.3186,2954406,sandstone,Mesozoic,67.2
15.2508,15.3186,2954406,sandstone,Mesozoic,67.2
15.4292,15.3186,2954406,sandstone,Mesozoic,67.2
15.6075,15.3186,2954406,sandstone,Mesozoic,67.2
15.7859,15.3186,2954406,sandstone,Mesozoic,67.2
15.9643,15.3186,2954406,sandstone,Mesozoic,67.2
16.1427,15.3186,2954406,sandstone,Mesozoic,67.2
16.3210,15.3186,2954406,sandstone,Mesozoic,67.2
16.4994,15.3186,2954406,sandstone,Mesozoic,67.2
16.6778,15.3186,2954406,sandstone,Mesozoic,67.2
16.8561,15.3186,2954406,sandstone,Mesozoic,67.2
17.0345,15.3186,2954406,sandstone,Mesozoic,67.2
17.2129,15.3186,2954406,sandstone,Mesozoic,67.2
17.3913,15.3186,2954406,sandstone,Mesozoic,67.2
17.5696,15.3186,2954406,sandstone,Mesozoic,67.2
17.7480,15.3186,2954406,sandstone,Mesozoic,67.2
17.9264,15.3186,2954406,sandstone,Mesozoic,67.2
18.1048,15.3186,2954406,sandstone,Mesozoic,67.2
18.2831,15.3186,2954406,sandstone,Mesozoic,67.2
18.4615,15.3186,2954406,sandstone,Mesozoic,67.2
18.6399,15.3186,2954406,sandstone,Mesozoic,67.2
18.8182,15.3186,2954406,sandstone,Mesozoic,67.2
18.9966,15.3186,2954406,sandstone,Mesozoic,67.2
19.1750,15.3186,2954406,sandstone,Mesozoic,67.2
19.3534,15.3186,2954406,sandstone,Mesozoic,67.2
19.5317,15.3186,2954406,sandstone,Mesozoic,67.2
19.7101,15.3186,2954406,sandstone,Mesozoic,67.2
19.8885,15.3186,2954406,sandstone,Mesozoic,67.2
20.0668,15.3186,2954406,sandstone,Mesozoic,67.2
20.2452,15.3186,2954406,sandstone,Mesozoic,67.2
20.4236,15.3186,2954406,sandstone,Mesozoic,67.2
20.6020,15.3186,2954406,sandstone,Mesozoic,67.2
20.7803,15.3186,2954406,sandstone,Mesozoic,67.2
20.9587,15.3186,2954406,sandstone,Mesozoic,67.2
21.1371,15.3186,2954406,sandstone,Mesozoic,67.2
21.3154,15.3186,2954406,sandstone,Mesozoic,67.2
0.0892,15.5489,3027038,gneiss,Proterozoic,2050.0
0.2676,15.5489,3027038,gneiss,Proterozoic,2050.0
0.4459,15.5489,3027038,gneiss,Proterozoic,2050.0
0.6243,15.5489,3027038,gneiss,Proterozoic,2050.0
0.8027,15.5489,3027038,gneiss,Proterozoic,2050.0
0.9810,15.5489,3027038,gneiss,Proterozoic,2050.0
1.1594,15.5489,3027038,gneiss,Proterozoic,2050.0
1.3378,15.5489,3027038,gneiss,Proterozoic,2050.0
1.5162,15.5489,3027038,gneiss,Proterozoic,2050.0
1.6945,15.5489,3027038,gneiss,Proterozoic,2050.0
1.8729,15.5489,3027038,gneiss,Proterozoic,2050.0
2.0513,15.5489,3027038,gneiss,Proterozoic,2050.0
2.2296,15.5489,3027038,gneiss,Proterozoic,2050.0
2.4080,15.5489,3027038,gneiss,Proterozoic,2050.0
2.5864,15.5489,3027038,gneiss,Proterozoic,2050.0
2.7648,15.5489,3027038,gneiss,Proterozoic,2050.0
2.9431,15.5489,3027038,gneiss,Proterozoic,2050.0
3.1215,15.5489,3027038,gneiss,Proterozoic,2050.0
3.2999,15.5489,3027038,gneiss,Proterozoic,2050.0
3.4783,15.5489,3027038,gneiss,Proterozoic,2050.0
3.6566,15.5489,3027038,gneiss,Proterozoic,2050.0
3.8350,15.5489,3027038,gneiss,Proterozoic,2050.0
4.0134,15.5489,3027038,gneiss,Proterozoic,2050.0
4.1917,15.5489,3027038,gneiss,Proterozoic,2050.0
4.3701,15.5489,3027038,gneiss,Proterozoic,2050.0
4.5485,15.5489,3027038,gneiss,Proterozoic,2050.0
4.7269,15.5489,3027038,gneiss,Proterozoic,2050.0
4.9052,15.5489,3027038,gneiss,Proterozoic,2050.0
5.0836,15.5489,3027038,gneiss,Proterozoic,2050.0
5.2620,15.5489,3027038,gneiss,Proterozoic,2050.0
5.4403,15.5489,3027038,gneiss,Proterozoic,2050.0
5.6187,15.5489,2809194,granite,Proterozoic,2050.0
5.7971,15.5489,2809194,granite,Proterozoic,2050.0
5.9755,15.5489,2809194,granite,Proterozoic,2050.0
6.1538,15.5489,2809194,granite,Proterozoic,2050.0
6.3322,15.5489,2809194,granite,Proterozoic,2050.0
6.5106,15.5489,2809194,granite,Proterozoic,2050.0
6.6889,15.5489,2809194,granite,Proterozoic,2050.0
6.8673,15.5489,2809194,granite,Proterozoic,2050.0
7.0457,15.5489,2809194,granite,Proterozoic,2050.0
7.2241,15.5489,2809194,granite,Proterozoic,2050.0
7.4024,15.5489,2809194,granite,Proterozoic,2050.0
7.5808,15.5489,2809194,granite,Proterozoic,2050.0
7.7592,15.5489,2809194,granite,Proterozoic,2050.0
7.9376,15.5489,3027038,gneiss,Proterozoic,2050.0
8.1159,15.5489,3027038,gneiss,Proterozoic,2050.0
8.2943,15.5489,3027038,gneiss,Proterozoic,2050.0
8.4727,15.5489,3027038,gneiss,Proterozoic,2050.0
8.6510,15.5489,3027038,gneiss,Proterozoic,2050.0
8.8294,15.5489,3027038,gneiss,Proterozoic,2050.0
9.0078,15.5489,3027038,gneiss,Proterozoic,2050.0
9.1862,15.5489,3027038,gneiss,Proterozoic,2050.0
9.3645,15.5489,3027038,gneiss,Proterozoic,2050.0
9.5429,15.5489,3027038,gneiss,Proterozoic,2050.0
9.7213,15.5489,3027038,gneiss,Proterozoic,2050.0
9.8996,15.5489,3027038,gneiss,Proterozoic,2050.0
10.0780,15.5489,3027038,gneiss,Proterozoic,2050.0
10.2564,15.5489,3001358,sandstone,Paleozoic,283.0
10.4348,15.5489,3001358,sandstone,Paleozoic,283.0
10.6131,15.5489,3001358,sandstone,Paleozoic,283.0
10.7915,15.5489,3001358,sandstone,Paleozoic,283.0
10.9699,15.5489,3001358,sandstone,Paleozoic,283.0
11.1482,15.5489,3006567,sandstone,Mesozoic,72.0
11.3266,15.5489,3006567,sandstone,Mesozoic,72.0
11.5050,15.5489,3006567,sandstone,Mesozoic,72.0
11.6834,15.5489,2954406,sandstone,Mesozoic,67.2
11.8617,15.5489,2954406,sandstone,Mesozoic,67.2
12.0401,15.5489,2954406,sandstone,Mesozoic,67.2
12.2185,15.5489,2954406,sandstone,Mesozoic,67.2
12.3968,15.5489,2954406,sandstone,Mesozoic,67.2
12.5752,15.5489,2954406,sandstone,Mesozoic,67.2
12.7536,15.5489,2954406,sandstone,Mesozoic,67.2
12.9320,15.5489,2954406,sandstone,Mesozoic,67.2
13.1103,15.5489,2954406,sandstone,Mesozoic,67.2
13.2887,15.5489,2954406,sandstone,Mesozoic,67.2
13.4671,15.5489,2954406,sandstone,Mesozoic,67.2
13.6455,15.5489,2954406,sandstone,Mesozoic,67.2
13.8238,15.5489,2954406,sandstone,Mesozoic,67.2
14.0022,15.5489,2954406,sandstone,Mesozoic,67.2
14.1806,15.5489,2954406,sandstone,Mesozoic,67.2
14.3589,15.5489,2954406,sandstone,Mesozoic,67.2
14.5373,15.5489,2954406,sandstone,Mesozoic,67.2
14.7157,15.5489,2954406,sandstone,Mesozoic,67.2
14.8941,15.5489,2954406,sandstone,Mesozoic,67.2
15.0724,15.5489,2954406,sandstone,Mesozoic,67.2
15.2508,15.5489,2954406,sandstone,Mesozoic,67.2
15.4292,15.5489,2954406,sandstone,Mesozoic,67.2
15.6075,15.5489,2954406,sandstone,Mesozoic,67.2
15.7859,15.5489,2954406,sandstone,Mesozoic,67.2
15.9643,15.5489,2954406,sandstone,Mesozoic,67.2
16.1427,15.5489,2954406,sandstone,Mesozoic,67.2
16.3210,15.5489,2954406,sandstone,Mesozoic,67.2
16.4994,15.5489,2954406,sandstone,Mesozoic,67.2
16.6778,15.5489,2954406,sandstone,Mesozoic,67.2
16.8561,15.5489,2954406,sandstone,Mesozoic,67.2
17.0345,15.5489,2954406,sandstone,Mesozoic,67.2
17.2129,15.5489,2954406,sandstone,Mesozoic,67.2
17.3913,15.5489,2954406,sandstone,Mesozoic,67.2
17.5696,15.5489,2954406,sandstone,Mesozoic,67.2
17.7480,15.5489,2954406,sandstone,Mesozoic,67.2
17.9264,15.5489,2954406,sandstone,Mesozoic,67.2
18.1048,15.5489,2954406,sandstone,Mesozoic,67.2
18.2831,15.5489,2954406,sandstone,Mesozoic,67.2
18.4615,15.5489,2719277,alluvium,Cenozoic,1.0
18.6399,15.5489,2719277,alluvium,Cenozoic,1.0
18.8182,15.5489,2719277,alluvium,Cenozoic,1.0
18.9966,15.5489,2719277,alluvium,Cenozoic,1.0
19.1750,15.5489,2954406,sandstone,Mesozoic,67.2
19.3534,15.5489,2954406,sandstone,Mesozoic,67.2
19.5317,15.5489,2954406,sandstone,Mesozoic,67.2
19.7101,15.5489,2954406,sandstone,Mesozoic,67.2
19.8885,15.5489,2954406,sandstone,Mesozoic,67.2
20.0668,15.5489,2954406,sandstone,Mesozoic,67.2
20.2452,15.5489,2954406,sandstone,Mesozoic,67.2
20.4236,15.5489,2954406,sandstone,Mesozoic,67.2
20.6020,15.5489,2954406,sandstone,Mesozoic,67.2
20.7803,15.5489,2954406,sandstone,Mesozoic,67.2
20.9587,15.5489,2954406,sandstone,Mesozoic,67.2
21.1371,15.5489,2954406,sandstone,Mesozoic,67.2
21.3154,15.5489,2954406,sandstone,Mesozoic,67.2
0.0892,15.7793,3027038,gneiss,Proterozoic,2050.0
0.2676,15.7793,3027038,gneiss,Proterozoic,2050.0
0.4459,15.7793,3027038,gneiss,Proterozoic,2050.0
0.6243,15.7793,3027038,gneiss,Proterozoic,2050.0
0.8027,15.7793,3027038,gneiss,Proterozoic,2050.0
0.9810,15.7793,3027038,gneiss,Proterozoic,2050.0
1.1594,15.7793,3027038,gneiss,Proterozoic,2050.0
1.3378,15.7793,3027038,gneiss,Proterozoic,2050.0
1.5162,15.7793,3027038,gneiss,Proterozoic,2050.0
1.6945,15.7793,3027038,gneiss,Proterozoic,2050.0
1.8729,15.7793,3027038,gneiss,Proterozoic,2050.0
2.0513,15.7793,3027038,gneiss,Proterozoic,2050.0
2.2296,15.7793,3027038,gneiss,Proterozoic,2050.0
2.4080,15.7793,3027038,gneiss,Proterozoic,2050.0
2.5864,15.7793,3027038,gneiss,Proterozoic,2050.0
2.7648,15.7793,3027038,gneiss,Proterozoic,2050.0
2.9431,15.7793,3027038,gneiss,Proterozoic,2050.0
3.1215,15.7793,3027038,gneiss,Proterozoic,2050.0
3.2999,15.7793,3027038,gneiss,Proterozoic,2050.0
3.4783,15.7793,3027038,gneiss,Proterozoic,2050.0
3.6566,15.7793,3027038,gneiss,Proterozoic,2050.0
3.8350,15.7793,3027038,gneiss,Proterozoic,2050.0
4.0134,15.7793,3027038,gneiss,Proterozoic,2050.0
4.1917,15.7793,3027038,gneiss,Proterozoic,2050.0
4.3701,15.7793,3027038,gneiss,Proterozoic,2050.0
4.5485,15.7793,3027038,gneiss,Proterozoic,2050.0
4.7269,15.7793,3027038,gneiss,Proterozoic,2050.0
4.9052,15.7793,3027038,gneiss,Proterozoic,2050.0
5.0836,15.7793,3027038,gneiss,Proterozoic,2050.0
5.2620,15.7793,3027038,gneiss,Proterozoic,2050.0
5.4403,15.7793,3027038,gneiss,Proterozoic,2050.0
5.6187,15.7793,3027038,gneiss,Proterozoic,2050.0
5.7971,15.7793,3027038,gneiss,Proterozoic,2050.0
5.9755,15.7793,3027038,gneiss,Proterozoic,2050.0
6.1538,15.7793,2809194,granite,Proterozoic,2050.0
6.3322,15.7793,2809194,granite,Proterozoic,2050.0
6.5106,15.7793,2809194,granite,Proterozoic,2050.0
6.6889,15.7793,2809194,granite,Proterozoic,2050.0
6.8673,15.7793,2809194,granite,Proterozoic,2050.0
7.0457,15.7793,2809194,granite,Proterozoic,2050.0
7.2241,15.7793,2809194,granite,Proterozoic,2050.0
7.4024,15.7793,2809194,granite,Proterozoic,2050.0
7.5808,15.7793,2809194,granite,Proterozoic,2050.0
7.7592,15.7793,2809194,granite,Proterozoic,2050.0
7.9376,15.7793,2809194,granite,Proterozoic,2050.0
8.1159,15.7793,3027038,gneiss,Proterozoic,2050.0
8.2943,15.7793,3027038,gneiss,Proterozoic,2050.0
8.4727,15.7793,3027038,gneiss,Proterozoic,2050.0
8.6510,15.7793,3027038,gneiss,Proterozoic,2050.0
8.8294,15.7793,3027038,gneiss,Proterozoic,2050.0
9.0078,15.7793,3027038,gneiss,Proterozoic,2050.0
9.1862,15.7793,3027038,gneiss,Proterozoic,2050.0
9.3645,15.7793,3027038,gneiss,Proterozoic,2050.0
9.5429,15.7793,3027038,gneiss,Proterozoic,2050.0
9.7213,15.7793,3027038,gneiss,Proterozoic,2050.0
9.8996,15.7793,3027038,gneiss,Proterozoic,2050.0
10.0780,15.7793,3027038,gneiss,Proterozoic,2050.0
10.2564,15.7793,3001358,sandstone,Paleozoic,283.0
10.4348,15.7793,3001358,sandstone,Paleozoic,283.0
10.6131,15.7793,3001358,sandstone,Paleozoic,283.0
10.7915,15.7793,3001358,sandstone,Paleozoic,283.0
10.9699,15.7793,3006567,sandstone,Mesozoic,72.0
11.1482,15.7793,3006567,sandstone,Mesozoic,72.0
11.3266,15.7793,3006567,sandstone,Mesozoic,72.0
11.5050,15.7793,2954406,sandstone,Mesozoic,67.2
11.6834,15.7793,2954406,sandstone,Mesozoic,67.2
11.8617,15.7793,2954406,sandstone,Mesozoic,67.2
12.0401,15.7793,2954406,sandstone,Mesozoic,67.2
12.2185,15.7793,2954406,sandstone,Mesozoic,67.2
12.3968,15.7793,2954406,sandstone,Mesozoic,67.2
12.5752,15.7793,2954406,sandstone,Mesozoic,67.2
12.7536,15.7793,2954406,sandstone,Mesozoic,67.2
12.9320,15.7793,2954406,sandstone,Mesozoic,67.2
13.1103,15.7793,2954406,sandstone,Mesozoic,67.2
13.2887,15.7793,2954406,sandstone,Mesozoic,67.2
13.4671,15.7793,2954406,sandstone,Mesozoic,67.2
13.6455,15.7793,2954406,sandstone,Mesozoic,67.2
13.8238,15.7793,2954406,sandstone,Mesozoic,67.2
14.0022,15.7793,2954406,sandstone,Mesozoic,67.2
14.1806,15.7793,2954406,sandstone,Mesozoic,67.2
14.3589,15.7793,2954406,sandstone,Mesozoic,67.2
14.5373,15.7793,2954406,sandstone,Mesozoic,67.2
14.7157,15.7793,2954406,sandstone,Mesozoic,67.2
14.8941,15.7793,2954406,sandstone,Mesozoic,67.2
15.0724,15.7793,2954406,sandstone,Mesozoic,67.2
15.2508,15.7793,2954406,sandstone,Mesozoic,67.2
15.4292,15.7793,2954406,sandstone,Mesozoic,67.2
15.6075,15.7793,2954406,sandstone,Mesozoic,67.2
15.7859,15.7793,2954406,sandstone,Mesozoic,67.2
15.9643,15.7793,2954406,sandstone,Mesozoic,67.2
16.1427,15.7793,2954406,sandstone,Mesozoic,67.2
16.3210,15.7793,2954406,sandstone,Mesozoic,67.2
16.4994,15.7793,2954406,sandstone,Mesozoic,67.2
16.6778,15.7793,2954406,sandstone,Mesozoic,67.2
16.8561,15.7793,2954406,sandstone,Mesozoic,67.2
17.0345,15.7793,2954406,sandstone,Mesozoic,67.2
17.2129,15.7793,2954406,sandstone,Mesozoic,67.2
17.3913,15.7793,2954406,sandstone,Mesozoic,67.2
17.5696,15.7793,2954406,sandstone,Mesozoic,67.2
17.7480,15.7793,2954406,sandstone,Mesozoic,67.2
17.9264,15.7793,2954406,sandstone,Mesozoic,67.2
18.1048,15.7793,2954406,sandstone,Mesozoic,67.2
18.2831,15.7793,2954406,sandstone,Mesozoic,67.2
18.4615,15.7793,2719277,alluvium,Cenozoic,1.0
18.6399,15.7793,2719277,alluvium,Cenozoic,1.0
18.8182,15.7793,2719277,alluvium,Cenozoic,1.0
18.9966,15.7793,2719277,alluvium,Cenozoic,1.0
19.1750,15.7793,2719277,alluvium,Cenozoic,1.0
19.3534,15.7793,2719277,alluvium,Cenozoic,1.0
19.5317,15.7793,2954406,sandstone,Mesozoic,67.2
19.7101,15.7793,2954406,sandstone,Mesozoic,67.2
19.8885,15.7793,2954406,sandstone,Mesozoic,67.2
20.0668,15.7793,2954406,sandstone,Mesozoic,67.2
20.2452,15.7793,2954406,sandstone,Mesozoic,67.2
20.4236,15.7793,2954406,sandstone,Mesozoic,67.2
20.6020,15.7793,2954406,sandstone,Mesozoic,67.2
20.7803,15.7793,2954406,sandstone,Mesozoic,67.2
20.9587,15.7793,2954406,sandstone,Mesozoic,67.2
21.1371,15.7793,2954406,sandstone,Mesozoic,67.2
21.3154,15.7793,2954406,sandstone,Mesozoic,67.2
0.0892,16.0096,3027038,gneiss,Proterozoic,2050.0
0.2676,16.0096,3027038,gneiss,Proterozoic,2050.0
0.4459,16.0096,3027038,gneiss,Proterozoic,2050.0
0.6243,16.0096,3027038,gneiss,Proterozoic,2050.0
0.8027,16.0096,3027038,gneiss,Proterozoic,2050.0
0.9810,16.0096,3027038,gneiss,Proterozoic,2050.0
1.1594,16.0096,3027038,gneiss,Proterozoic,2050.0
1.3378,16.0096,3027038,gneiss,Proterozoic,2050.0
1.5162,16.0096,3027038,gneiss,Proterozoic,2050.0
1.6945,16.0096,3027038,gneiss,Proterozoic,2050.0
1.8729,16.0096,3027038,gneiss,Proterozoic,2050.0
2.0513,16.0096,3027038,gneiss,Proterozoic,2050.0
2.2296,16.0096,3027038,gneiss,Proterozoic,2050.0
2.4080,16.0096,3027038,gneiss,Proterozoic,2050.0
2.5864,16.0096,3027038,gneiss,Proterozoic,2050.0
2.7648,16.0096,3027038,gneiss,Proterozoic,2050.0
2.9431,16.0096,3027038,gneiss,Proterozoic,2050.0
3.1215,16.0096,3027038,gneiss,Proterozoic,2050.0
3.2999,16.0096,3027038,gneiss,Proterozoic,2050.0
3.4783,16.0096,3027038,gneiss,Proterozoic,2050.0
3.6566,16.0096,3027038,gneiss,Proterozoic,2050.0
3.8350,16.0096,3027038,gneiss,Proterozoic,2050.0
4.0134,16.0096,3027038,gneiss,Proterozoic,2050.0
4.1917,16.0096,3027038,gneiss,Proterozoic,2050.0
4.3701,16.0096,3027038,gneiss,Proterozoic,2050.0
4.5485,16.0096,3027038,gneiss,Proterozoic,2050.0
4.7269,16.0096,3027038,gneiss,Proterozoic,2050.0
4.9052,16.0096,3027038,gneiss,Proterozoic,2050.0
5.0836,16.0096,3027038,gneiss,Proterozoic,2050.0
5.2620,16.0096,3027038,gneiss,Proterozoic,2050.0
5.4403,16.0096,3027038,gneiss,Proterozoic,2050.0
5.6187,16.0096,3027038,gneiss,Proterozoic,2050.0
5.7971,16.0096,3027038,gneiss,Proterozoic,2050.0
5.9755,16.0096,3027038,gneiss,Proterozoic,2050.0
6.1538,16.0096,3027038,gneiss,Proterozoic,2050.0
6.3322,16.0096,3027038,gneiss,Proterozoic,2050.0
6.5106,16.0096,3027038,gneiss,Proterozoic,2050.0
6.6889,16.0096,3027038,gneiss,Proterozoic,2050.0
6.8673,16.0096,2809194,granite,Proterozoic,2050.0
7.0457,16.0096,3027038,gneiss,Proterozoic,2050.0
7.2241,16.0096,3027038,gneiss,Proterozoic,2050.0
7.4024,16.0096,3027038,gneiss,Proterozoic,2050.0
7.5808,16.0096,3027038,gneiss,Proterozoic,2050.0
7.7592,16.0096,3027038,gneiss,Proterozoic,2050.0
7.9376,16.0096,3027038,gneiss,Proterozoic,2050.0
8.1159,16.0096,3027038,gneiss,Proterozoic,2050.0
8.2943,16.0096,3027038,gneiss,Proterozoic,2050.0
8.4727,16.0096,3027038,gneiss,Proterozoic,2050.0
8.6510,16.0096,3027038,gneiss,Proterozoic,2050.0
8.8294,16.0096,3027038,gneiss,Proterozoic,2050.0
9.0078,16.0096,3027038,gneiss,Proterozoic,2050.0
9.1862,16.0096,3027038,gneiss,Proterozoic,2050.0
9.3645,16.0096,3027038,gneiss,Proterozoic,2050.0
9.5429,16.0096,3027038,gneiss,Proterozoic,2050.0
9.7213,16.0096,3027038,gneiss,Proterozoic,2050.0
9.8996,16.0096,3027038,gneiss,Proterozoic,2050.0
10.0780,16.0096,3001358,sandstone,Paleozoic,283.0
10.2564,16.0096,3001358,sandstone,Paleozoic,283.0
10.4348,16.0096,3001358,sandstone,Paleozoic,283.0
10.6131,16.0096,3001358,sandstone,Paleozoic,283.0
10.7915,16.0096,3001358,sandstone,Paleozoic,283.0
10.9699,16.0096,3006567,sandstone,Mesozoic,72.0
11.1482,16.0096,3006567,sandstone,Mesozoic,72.0
11.3266,16.0096,2954406,sandstone,Mesozoic,67.2
11.5050,16.0096,2954406,sandstone,Mesozoic,67.2
11.6834,16.0096,2954406,sandstone,Mesozoic,67.2
11.8617,16.0096,2954406,sandstone,Mesozoic,67.2
12.0401,16.0096,2954406,sandstone,Mesozoic,67.2
12.2185,16.0096,2954406,sandstone,Mesozoic,67.2
12.3968,16.0096,2954406,sandstone,Mesozoic,67.2
12.5752,16.0096,2954406,sandstone,Mesozoic,67.2
12.7536,16.0096,2954406,sandstone,Mesozoic,67.2
12.9320,16.0096,2954406,sandstone,Mesozoic,67.2
13.1103,16.0096,2954406,sandstone,Mesozoic,67.2
13.2887,16.0096,2954406,sandstone,Mesozoic,67.2
13.4671,16.0096,2954406,sandstone,Mesozoic,67.2
13.6455,16.0096,2954406,sandstone,Mesozoic,67.2
13.8238,16.0096,2954406,sandstone,Mesozoic,67.2
14.0022,16.0096,2954406,sandstone,Mesozoic,67.2
14.1806,16.0096,2954406,sandstone,Mesozoic,67.2
14.3589,16.0096,2954406,sandstone,Mesozoic,67.2
14.5373,16.0096,2954406,sandstone,Mesozoic,67.2
14.7157,16.0096,2954406,sandstone,Mesozoic,67.2
14.8941,16.0096,2954406,sandstone,Mesozoic,67.2
15.0724,16.0096,2954406,sandstone,Mesozoic,67.2
15.2508,16.0096,2954406,sandstone,Mesozoic,67.2
15.4292,16.0096,2954406,sandstone,Mesozoic,67.2
15.6075,16.0096,2954406,sandstone,Mesozoic,67.2
15.7859,16.0096,2954406,sandstone,Mesozoic,67.2
15.9643,16.0096,2954406,sandstone,Mesozoic,67.2
16.1427,16.0096,2954406,sandstone,Mesozoic,67.2
16.3210,16.0096,2954406,sandstone,Mesozoic,67.2
16.4994,16.0096,2954406,sandstone,Mesozoic,67.2
16.6778,16.0096,2954406,sandstone,Mesozoic,67.2
16.8561,16.0096,2954406,sandstone,Mesozoic,67.2
17.0345,16.0096,2954406,sandstone,Mesozoic,67.2
17.2129,16.0096,2954406,sandstone,Mesozoic,67.2
17.3913,16.0096,2954406,sandstone,Mesozoic,67.2
17.5696,16.0096,2954406,sandstone,Mesozoic,67.2
17.7480,16.0096,2954406,sandstone,Mesozoic,67.2
17.9264,16.0096,2954406,sandstone,Mesozoic,67.2
18.1048,16.0096,2954406,sandstone,Mesozoic,67.2
18.2831,16.0096,2954406,sandstone,Mesozoic,67.2
18.4615,16.0096,2954406,sandstone,Mesozoic,67.2
18.6399,16.0096,2719277,alluvium,Cenozoic,1.0
18.8182,16.0096,2719277,alluvium,Cenozoic,1.0
18.9966,16.0096,2719277,alluvium,Cenozoic,1.0
19.1750,16.0096,2719277,alluvium,Cenozoic,1.0
19.3534,16.0096,2719277,alluvium,Cenozoic,1.0
19.5317,16.0096,2719277,alluvium,Cenozoic,1.0
19.7101,16.0096,2719277,alluvium,Cenozoic,1.0
19.8885,16.0096,2719277,alluvium,Cenozoic,1.0
20.0668,16.0096,2719277,alluvium,Cenozoic,1.0
20.2452,16.0096,2719277,alluvium,Cenozoic,1.0
20.4236,16.0096,2719277,alluvium,Cenozoic,1.0
20.6020,16.0096,2954406,sandstone,Mesozoic,67.2
20.7803,16.0096,2954406,sandstone,Mesozoic,67.2
20.9587,16.0096,2954406,sandstone,Mesozoic,67.2
21.1371,16.0096,2954406,sandstone,Mesozoic,67.2
21.3154,16.0096,2954406,sandstone,Mesozoic,67.2
0.0892,16.2400,3027038,gneiss,Proterozoic,2050.0
0.2676,16.2400,3027038,gneiss,Proterozoic,2050.0
0.4459,16.2400,3027038,gneiss,Proterozoic,2050.0
0.6243,16.2400,3027038,gneiss,Proterozoic,2050.0
0.8027,16.2400,3027038,gneiss,Proterozoic,2050.0
0.9810,16.2400,3027038,gneiss,Proterozoic,2050.0
1.1594,16.2400,3027038,gneiss,Proterozoic,2050.0
1.3378,16.2400,3027038,gneiss,Proterozoic,2050.0
1.5162,16.2400,3027038,gneiss,Proterozoic,2050.0
1.6945,16.2400,3027038,gneiss,Proterozoic,2050.0
1.8729,16.2400,3027038,gneiss,Proterozoic,2050.0
2.0513,16.2400,3027038,gneiss,Proterozoic,2050.0
2.2296,16.2400,3027038,gneiss,Proterozoic,2050.0
2.4080,16.2400,3027038,gneiss,Proterozoic,2050.0
2.5864,16.2400,3027038,gneiss,Proterozoic,2050.0
2.7648,16.2400,3027038,gneiss,Proterozoic,2050.0
2.9431,16.2400,3027038,gneiss,Proterozoic,2050.0
3.1215,16.2400,3027038,gneiss,Proterozoic,2050.0
3.2999,16.2400,3027038,gneiss,Proterozoic,2050.0
3.4783,16.2400,3027038,gneiss,Proterozoic,2050.0
3.6566,16.2400,3027038,gneiss,Proterozoic,2050.0
3.8350,16.2400,3027038,gneiss,Proterozoic,2050.0
4.0134,16.2400,3027038,gneiss,Proterozoic,2050.0
4.1917,16.2400,3027038,gneiss,Proterozoic,2050.0
4.3701,16.2400,2855882,gneiss,Proterozoic,2050.0
4.5485,16.2400,2855882,gneiss,Proterozoic,2050.0
4.7269,16.2400,2855882,gneiss,Proterozoic,2050.0
4.9052,16.2400,3027038,gneiss,Proterozoic,2050.0
5.0836,16.2400,3027038,gneiss,Proterozoic,2050.0
5.2620,16.2400,3027038,gneiss,Proterozoic,2050.0
5.4403,16.2400,3027038,gneiss,Proterozoic,2050.0
5.6187,16.2400,3027038,gneiss,Proterozoic,2050.0
5.7971,16.2400,3027038,gneiss,Proterozoic,2050.0
5.9755,16.2400,3027038,gneiss,Proterozoic,2050.0
6.1538,16.2400,3027038,gneiss,Proterozoic,2050.0
6.3322,16.2400,3027038,gneiss,Proterozoic,2050.0
6.5106,16.2400,3027038,gneiss,Proterozoic,2050.0
6.6889,16.2400,3027038,gneiss,Proterozoic,2050.0
6.8673,16.2400,3027038,gneiss,Proterozoic,2050.0
7.0457,16.2400,3027038,gneiss,Proterozoic,2050.0
7.2241,16.2400,3027038,gneiss,Proterozoic,2050.0
7.4024,16.2400,3027038,gneiss,Proterozoic,2050.0
7.5808,16.2400,3027038,gneiss,Proterozoic,2050.0
7.7592,16.2400,3027038,gneiss,Proterozoic,2050.0
7.9376,16.2400,3027038,gneiss,Proterozoic,2050.0
8.1159,16.2400,3027038,gneiss,Proterozoic,2050.0
8.2943,16.2400,3027038,gneiss,Proterozoic,2050.0
8.4727,16.2400,3027038,gneiss,Proterozoic,2050.0
8.6510,16.2400,3027038,gneiss,Proterozoic,2050.0
8.8294,16.2400,3027038,gneiss,Proterozoic,2050.0
9.0078,16.2400,3027038,gneiss,Proterozoic,2050.0
9.1862,16.2400,3027038,gneiss,Proterozoic,2050.0
9.3645,16.2400,3027038,gneiss,Proterozoic,2050.0
9.5429,16.2400,3027038,gneiss,Proterozoic,2050.0
9.7213,16.2400,3027038,gneiss,Proterozoic,2050.0
9.8996,16.2400,3027038,gneiss,Proterozoic,2050.0
10.0780,16.2400,3001358,sandstone,Paleozoic,283.0
10.2564,16.2400,3001358,sandstone,Paleozoic,283.0
10.4348,16.2400,3001358,sandstone,Paleozoic,283.0
10.6131,16.2400,3001358,sandstone,Paleozoic,283.0
10.7915,16.2400,3006567,sandstone,Mesozoic,72.0
10.9699,16.2400,3006567,sandstone,Mesozoic,72.0
11.1482,16.2400,3006567,sandstone,Mesozoic,72.0
11.3266,16.2400,2954406,sandstone,Mesozoic,67.2
11.5050,16.2400,2954406,sandstone,Mesozoic,67.2
11.6834,16.2400,2954406,sandstone,Mesozoic,67.2
11.8617,16.2400,2954406,sandstone,Mesozoic,67.2
12.0401,16.2400,2954406,sandstone,Mesozoic,67.2
12.2185,16.2400,2954406,sandstone,Mesozoic,67.2
12.3968,16.2400,2954406,sandstone,Mesozoic,67.2
12.5752,16.2400,2954406,sandstone,Mesozoic,67.2
12.7536,16.2400,2954406,sandstone,Mesozoic,67.2
12.9320,16.2400,2954406,sandstone,Mesozoic,67.2
13.1103,16.2400,2954406,sandstone,Mesozoic,67.2
13.2887,16.2400,2954406,sandstone,Mesozoic,67.2
13.4671,16.2400,2954406,sandstone,Mesozoic,67.2
13.6455,16.2400,2813573,basalt,Mesozoic,66.2
13.8238,16.2400,2813573,basalt,Mesozoic,66.2
14.0022,16.2400,2813573,basalt,Mesozoic,66.2
14.1806,16.2400,2813573,basalt,Mesozoic,66.2
14.3589,16.2400,2813573,basalt,Mesozoic,66.2
14.5373,16.2400,2813573,basalt,Mesozoic,66.2
14.7157,16.2400,2813573,basalt,Mesozoic,66.2
14.8941,16.2400,2813573,basalt,Mesozoic,66.2
15.0724,16.2400,2813573,basalt,Mesozoic,66.2
15.2508,16.2400,2813573,basalt,Mesozoic,66.2
15.4292,16.2400,2954406,sandstone,Mesozoic,67.2
15.6075,16.2400,2954406,sandstone,Mesozoic,67.2
15.7859,16.2400,2954406,sandstone,Mesozoic,67.2
15.9643,16.2400,2954406,sandstone,Mesozoic,67.2
16.1427,16.2400,2954406,sandstone,Mesozoic,67.2
16.3210,16.2400,2954406,sandstone,Mesozoic,67.2
16.4994,16.2400,2954406,sandstone,Mesozoic,67.2
16.6778,16.2400,2954406,sandstone,Mesozoic,67.2
16.8561,16.2400,2954406,sandstone,Mesozoic,67.2
17.0345,16.2400,2954406,sandstone,Mesozoic,67.2
17.2129,16.2400,2954406,sandstone,Mesozoic,67.2
17.3913,16.2400,2954406,sandstone,Mesozoic,67.2
17.5696,16.2400,2954406,sandstone,Mesozoic,67.2
17.7480,16.2400,2954406,sandstone,Mesozoic,67.2
17.9264,16.2400,2954406,sandstone,Mesozoic,67.2
18.1048,16.2400,2954406,sandstone,Mesozoic,67.2
18.2831,16.2400,2954406,sandstone,Mesozoic,67.2
18.4615,16.2400,2954406,sandstone,Mesozoic,67.2
18.6399,16.2400,2954406,sandstone,Mesozoic,67.2
18.8182,16.2400,2719277,alluvium,Cenozoic,1.0
18.9966,16.2400,2719277,alluvium,Cenozoic,1.0
19.1750,16.2400,2719277,alluvium,Cenozoic,1.0
19.3534,16.2400,2719277,alluvium,Cenozoic,1.0
19.5317,16.2400,2719277,alluvium,Cenozoic,1.0
19.7101,16.2400,2719277,alluvium,Cenozoic,1.0
19.8885,16.2400,2719277,alluvium,Cenozoic,1.0
20.0668,16.2400,2719277,alluvium,Cenozoic,1.0
20.2452,16.2400,2719277,alluvium,Cenozoic,1.0
20.4236,16.2400,2719277,alluvium,Cenozoic,1.0
20.6020,16.2400,2719277,alluvium,Cenozoic,1.0
20.7803,16.2400,2719277,alluvium,Cenozoic,1.0
20.9587,16.2400,2954406,sandstone,Mesozoic,67.2
21.1371,16.2400,2954406,sandstone,Mesozoic,67.2
21.3154,16.2400,2954406,sandstone,Mesozoic,67.2
0.0892,16.4703,3027038,gneiss,Proterozoic,2050.0
0.2676,16.4703,2855882,gneiss,Proterozoic,2050.0
0.4459,16.4703,2855882,gneiss,Proterozoic,2050.0
0.6243,16.4703,2855882,gneiss,Proterozoic,2050.0
0.8027,16.4703,3027038,gneiss,Proterozoic,2050.0
0.9810,16.4703,2855882,gneiss,Proterozoic,2050.0
1.1594,16.4703,2855882,gneiss,Proterozoic,2050.0
1.3378,16.4703,2855882,gneiss,Proterozoic,2050.0
1.5162,16.4703,3027038,gneiss,Proterozoic,2050.0
1.6945,16.4703,3027038,gneiss,Proterozoic,2050.0
1.8729,16.4703,3027038,gneiss,Proterozoic,2050.0
2.0513,16.4703,3027038,gneiss,Proterozoic,2050.0
2.2296,16.4703,3027038,gneiss,Proterozoic,2050.0
2.4080,16.4703,3027038,gneiss,Proterozoic,2050.0
2.5864,16.4703,3027038,gneiss,Proterozoic,2050.0
2.7648,16.4703,3027038,gneiss,Proterozoic,2050.0
2.9431,16.4703,3027038,gneiss,Proterozoic,2050.0
3.1215,16.4703,3027038,gneiss,Proterozoic,2050.0
3.2999,16.4703,3027038,gneiss,Proterozoic,2050.0
3.4783,16.4703,3027038,gneiss,Proterozoic,2050.0
3.6566,16.4703,3027038,gneiss,Proterozoic,2050.0
3.8350,16.4703,3027038,gneiss,Proterozoic,2050.0
4.0134,16.4703,2855882,gneiss,Proterozoic,2050.0
4.1917,16.4703,2855882,gneiss,Proterozoic,2050.0
4.3701,16.4703,2855882,gneiss,Proterozoic,2050.0
4.5485,16.4703,2855882,gneiss,Proterozoic,2050.0
4.7269,16.4703,2855882,gneiss,Proterozoic,2050.0
4.9052,16.4703,2855882,gneiss,Proterozoic,2050.0
5.0836,16.4703,2855882,gneiss,Proterozoic,2050.0
5.2620,16.4703,2855882,gneiss,Proterozoic,2050.0
5.4403,16.4703,2855882,gneiss,Proterozoic,2050.0
5.6187,16.4703,3027038,gneiss,Proterozoic,2050.0
5.7971,16.4703,3027038,gneiss,Proterozoic,2050.0
5.9755,16.4703,3027038,gneiss,Proterozoic,2050.0
6.1538,16.4703,3027038,gneiss,Proterozoic,2050.0
6.3322,16.4703,3027038,gneiss,Proterozoic,2050.0
6.5106,16.4703,3027038,gneiss,Proterozoic,2050.0
6.6889,16.4703,3027038,gneiss,Proterozoic,2050.0
6.8673,16.4703,3027038,gneiss,Proterozoic,2050.0
7.0457,16.4703,3027038,gneiss,Proterozoic,2050.0
7.2241,16.4703,3027038,gneiss,Proterozoic,2050.0
7.4024,16.4703,3027038,gneiss,Proterozoic,2050.0
7.5808,16.4703,3027038,gneiss,Proterozoic,2050.0
7.7592,16.4703,3027038,gneiss,Proterozoic,2050.0
7.9376,16.4703,3027038,gneiss,Proterozoic,2050.0
8.1159,16.4703,3027038,gneiss,Proterozoic,2050.0
8.2943,16.4703,3027038,gneiss,Proterozoic,2050.0
8.4727,16.4703,3027038,gneiss,Proterozoic,2050.0
8.6510,16.4703,3027038,gneiss,Proterozoic,2050.0
8.8294,16.4703,3027038,gneiss,Proterozoic,2050.0
9.0078,16.4703,3027038,gneiss,Proterozoic,2050.0
9.1862,16.4703,3027038,gneiss,Proterozoic,2050.0
9.3645,16.4703,3027038,gneiss,Proterozoic,2050.0
9.5429,16.4703,3027038,gneiss,Proterozoic,2050.0
9.7213,16.4703,3027038,gneiss,Proterozoic,2050.0
9.8996,16.4703,3001358,sandstone,Paleozoic,283.0
10.0780,16.4703,3001358,sandstone,Paleozoic,283.0
10.2564,16.4703,3001358,sandstone,Paleozoic,283.0
10.4348,16.4703,3001358,sandstone,Paleozoic,283.0
10.6131,16.4703,3006567,sandstone,Mesozoic,72.0
10.7915,16.4703,3006567,sandstone,Mesozoic,72.0
10.9699,16.4703,3006567,sandstone,Mesozoic,72.0
11.1482,16.4703,2954406,sandstone,Mesozoic,67.2
11.3266,16.4703,2954406,sandstone,Mesozoic,67.2
11.5050,16.4703,2954406,sandstone,Mesozoic,67.2
11.6834,16.4703,2954406,sandstone,Mesozoic,67.2
11.8617,16.4703,2954406,sandstone,Mesozoic,67.2
12.0401,16.4703,2954406,sandstone,Mesozoic,67.2
12.2185,16.4703,2954406,sandstone,Mesozoic,67.2
12.3968,16.4703,2954406,sandstone,Mesozoic,67.2
12.5752,16.4703,2954406,sandstone,Mesozoic,67.2
12.7536,16.4703,2954406,sandstone,Mesozoic,67.2
12.9320,16.4703,2954406,sandstone,Mesozoic,67.2
13.1103,16.4703,2813573,basalt,Mesozoic,66.2
13.2887,16.4703,2813573,basalt,Mesozoic,66.2
13.4671,16.4703,2813573,basalt,Mesozoic,66.2
13.6455,16.4703,2813573,basalt,Mesozoic,66.2
13.8238,16.4703,2813573,basalt,Mesozoic,66.2
14.0022,16.4703,2813573,basalt,Mesozoic,66.2
14.1806,16.4703,2813573,basalt,Mesozoic,66.2
14.3589,16.4703,2813573,basalt,Mesozoic,66.2
14.5373,16.4703,2813573,basalt,Mesozoic,66.2
14.7157,16.4703,2813573,basalt,Mesozoic,66.2
14.8941,16.4703,2813573,basalt,Mesozoic,66.2
15.0724,16.4703,2813573,basalt,Mesozoic,66.2
15.2508,16.4703,2813573,basalt,Mesozoic,66.2
15.4292,16.4703,2813573,basalt,Mesozoic,66.2
15.6075,16.4703,2813573,basalt,Mesozoic,66.2
15.7859,16.4703,2954406,sandstone,Mesozoic,67.2
15.9643,16.4703,2954406,sandstone,Mesozoic,67.2
16.1427,16.4703,2954406,sandstone,Mesozoic,67.2
16.3210,16.4703,2954406,sandstone,Mesozoic,67.2
16.4994,16.4703,2954406,sandstone,Mesozoic,67.2
16.6778,16.4703,2954406,sandstone,Mesozoic,67.2
16.8561,16.4703,2954406,sandstone,Mesozoic,67.2
17.0345,16.4703,2954406,sandstone,Mesozoic,67.2
17.2129,16.4703,2954406,sandstone,Mesozoic,67.2
17.3913,16.4703,2954406,sandstone,Mesozoic,67.2
17.5696,16.4703,2954406,sandstone,Mesozoic,67.2
17.7480,16.4703,2954406,sandstone,Mesozoic,67.2
17.9264,16.4703,2954406,sandstone,Mesozoic,67.2
18.1048,16.4703,2954406,sandstone,Mesozoic,67.2
18.2831,16.4703,2954406,sandstone,Mesozoic,67.2
18.4615,16.4703,2954406,sandstone,Mesozoic,67.2
18.6399,16.4703,2954406,sandstone,Mesozoic,67.2
18.8182,16.4703,2719277,alluvium,Cenozoic,1.0
18.9966,16.4703,2719277,alluvium,Cenozoic,1.0
19.1750,16.4703,2719277,alluvium,Cenozoic,1.0
19.3534,16.4703,2719277,alluvium,Cenozoic,1.0
19.5317,16.4703,2719277,alluvium,Cenozoic,1.0
19.7101,16.4703,2719277,alluvium,Cenozoic,1.0
19.8885,16.4703,2719277,alluvium,Cenozoic,1.0
20.0668,16.4703,2719277,alluvium,Cenozoic,1.0
20.2452,16.4703,2719277,alluvium,Cenozoic,1.0
20.4236,16.4703,2719277,alluvium,Cenozoic,1.0
20.6020,16.4703,2719277,alluvium,Cenozoic,1.0
20.7803,16.4703,2719277,alluvium,Cenozoic,1.0
20.9587,16.4703,2719277,alluvium,Cenozoic,1.0
21.1371,16.4703,2719277,alluvium,Cenozoic,1.0
21.3154,16.4703,2954406,sandstone,Mesozoic,67.2
0.0892,16.7007,2855882,gneiss,Proterozoic,2050.0
0.2676,16.7007,2855882,gneiss,Proterozoic,2050.0
0.4459,16.7007,2855882,gneiss,Proterozoic,2050.0
0.6243,16.7007,2855882,gneiss,Proterozoic,2050.0
0.8027,16.7007,2855882,gneiss,Proterozoic,2050.0
0.9810,16.7007,2855882,gneiss,Proterozoic,2050.0
1.1594,16.7007,2855882,gneiss,Proterozoic,2050.0
1.3378,16.7007,3027038,gneiss,Proterozoic,2050.0
1.5162,16.7007,3027038,gneiss,Proterozoic,2050.0
1.6945,16.7007,2855882,gneiss,Proterozoic,2050.0
1.8729,16.7007,2855882,gneiss,Proterozoic,2050.0
2.0513,16.7007,2855882,gneiss,Proterozoic,2050.0
2.2296,16.7007,2855882,gneiss,Proterozoic,2050.0
2.4080,16.7007,2855882,gneiss,Proterozoic,2050.0
2.5864,16.7007,2855882,gneiss,Proterozoic,2050.0
2.7648,16.7007,2855882,gneiss,Proterozoic,2050.0
2.9431,16.7007,2855882,gneiss,Proterozoic,2050.0
3.1215,16.7007,2855882,gneiss,Proterozoic,2050.0
3.2999,16.7007,3027038,gneiss,Proterozoic,2050.0
3.4783,16.7007,2855882,gneiss,Proterozoic,2050.0
3.6566,16.7007,2855882,gneiss,Proterozoic,2050.0
3.8350,16.7007,2855882,gneiss,Proterozoic,2050.0
4.0134,16.7007,2855882,gneiss,Proterozoic,2050.0
4.1917,16.7007,2855882,gneiss,Proterozoic,2050.0
4.3701,16.7007,2855882,gneiss,Proterozoic,2050.0
4.5485,16.7007,2855882,gneiss,Proterozoic,2050.0
4.7269,16.7007,2855882,gneiss,Proterozoic,2050.0
4.9052,16.7007,2855882,gneiss,Proterozoic,2050.0
5.0836,16.7007,2855882,gneiss,Proterozoic,2050.0
5.2620,16.7007,2855882,gneiss,Proterozoic,2050.0
5.4403,16.7007,2855882,gneiss,Proterozoic,2050.0
5.6187,16.7007,2855882,gneiss,Proterozoic,2050.0
5.7971,16.7007,2855882,gneiss,Proterozoic,2050.0
5.9755,16.7007,2855882,gneiss,Proterozoic,2050.0
6.1538,16.7007,2855882,gneiss,Proterozoic,2050.0
6.3322,16.7007,2855882,gneiss,Proterozoic,2050.0
6.5106,16.7007,2855882,gneiss,Proterozoic,2050.0
6.6889,16.7007,2855882,gneiss,Proterozoic,2050.0
6.8673,16.7007,2855882,gneiss,Proterozoic,2050.0
7.0457,16.7007,2855882,gneiss,Proterozoic,2050.0
7.2241,16.7007,2855882,gneiss,Proterozoic,2050.0
7.4024,16.7007,2855882,gneiss,Proterozoic,2050.0
7.5808,16.7007,2855882,gneiss,Proterozoic,2050.0
7.7592,16.7007,2855882,gneiss,Proterozoic,2050.0
7.9376,16.7007,2855882,gneiss,Proterozoic,2050.0
8.1159,16.7007,2855882,gneiss,Proterozoic,2050.0
8.2943,16.7007,2855882,gneiss,Proterozoic,2050.0
8.4727,16.7007,2855882,gneiss,Proterozoic,2050.0
8.6510,16.7007,2855882,gneiss,Proterozoic,2050.0
8.8294,16.7007,2855882,gneiss,Proterozoic,2050.0
9.0078,16.7007,3027038,gneiss,Proterozoic,2050.0
9.1862,16.7007,2855882,gneiss,Proterozoic,2050.0
9.3645,16.7007,2855882,gneiss,Proterozoic,2050.0
9.5429,16.7007,2855882,gneiss,Proterozoic,2050.0
9.7213,16.7007,2855882,gneiss,Proterozoic,2050.0
9.8996,16.7007,3001358,sandstone,Paleozoic,283.0
10.0780,16.7007,3001358,sandstone,Paleozoic,283.0
10.2564,16.7007,3001358,sandstone,Paleozoic,283.0
10.4348,16.7007,3006567,sandstone,Mesozoic,72.0
10.6131,16.7007,3006567,sandstone,Mesozoic,72.0
10.7915,16.7007,3006567,sandstone,Mesozoic,72.0
10.9699,16.7007,2954406,sandstone,Mesozoic,67.2
11.1482,16.7007,2954406,sandstone,Mesozoic,67.2
11.3266,16.7007,2954406,sandstone,Mesozoic,67.2
11.5050,16.7007,2954406,sandstone,Mesozoic,67.2
11.6834,16.7007,2954406,sandstone,Mesozoic,67.2
11.8617,16.7007,2954406,sandstone,Mesozoic,67.2
12.0401,16.7007,2954406,sandstone,Mesozoic,67.2
12.2185,16.7007,2954406,sandstone,Mesozoic,67.2
12.3968,16.7007,2954406,sandstone,Mesozoic,67.2
12.5752,16.7007,2954406,sandstone,Mesozoic,67.2
12.7536,16.7007,2813573,basalt,Mesozoic,66.2
12.9320,16.7007,2813573,basalt,Mesozoic,66.2
13.1103,16.7007,2813573,basalt,Mesozoic,66.2
13.2887,16.7007,2813573,basalt,Mesozoic,66.2
13.4671,16.7007,2813573,basalt,Mesozoic,66.2
13.6455,16.7007,2813573,basalt,Mesozoic,66.2
13.8238,16.7007,2813573,basalt,Mesozoic,66.2
14.0022,16.7007,2813573,basalt,Mesozoic,66.2
14.1806,16.7007,2813573,basalt,Mesozoic,66.2
14.3589,16.7007,2813573,basalt,Mesozoic,66.2
14.5373,16.7007,2813573,basalt,Mesozoic,66.2
14.7157,16.7007,2813573,basalt,Mesozoic,66.2
14.8941,16.7007,2813573,basalt,Mesozoic,66.2
15.0724,16.7007,2813573,basalt,Mesozoic,66.2
15.2508,16.7007,2813573,basalt,Mesozoic,66.2
15.4292,16.7007,2813573,basalt,Mesozoic,66.2
15.6075,16.7007,2813573,basalt,Mesozoic,66.2
15.7859,16.7007,2813573,basalt,Mesozoic,66.2
15.9643,16.7007,2954406,sandstone,Mesozoic,67.2
16.1427,16.7007,2954406,sandstone,Mesozoic,67.2
16.3210,16.7007,2954406,sandstone,Mesozoic,67.2
16.4994,16.7007,2954406,sandstone,Mesozoic,67.2
16.6778,16.7007,2954406,sandstone,Mesozoic,67.2
16.8561,16.7007,2954406,sandstone,Mesozoic,67.2
17.0345,16.7007,2954406,sandstone,Mesozoic,67.2
17.2129,16.7007,2954406,sandstone,Mesozoic,67.2
17.3913,16.7007,2954406,sandstone,Mesozoic,67.2
17.5696,16.7007,2954406,sandstone,Mesozoic,67.2
17.7480,16.7007,2954406,sandstone,Mesozoic,67.2
17.9264,16.7007,2954406,sandstone,Mesozoic,67.2
18.1048,16.7007,2954406,sandstone,Mesozoic,67.2
18.2831,16.7007,2954406,sandstone,Mesozoic,67.2
18.4615,16.7007,2954406,sandstone,Mesozoic,67.2
18.6399,16.7007,2954406,sandstone,Mesozoic,67.2
18.8182,16.7007,2954406,sandstone,Mesozoic,67.2
18.9966,16.7007,2719277,alluvium,Cenozoic,1.0
19.1750,16.7007,2719277,alluvium,Cenozoic,1.0
19.3534,16.7007,2719277,alluvium,Cenozoic,1.0
19.5317,16.7007,2719277,alluvium,Cenozoic,1.0
19.7101,16.7007,2719277,alluvium,Cenozoic,1.0
19.8885,16.7007,2719277,alluvium,Cenozoic,1.0
20.0668,16.7007,2719277,alluvium,Cenozoic,1.0
20.2452,16.7007,2719277,alluvium,Cenozoic,1.0
20.4236,16.7007,2719277,alluvium,Cenozoic,1.0
20.6020,16.7007,2719277,alluvium,Cenozoic,1.0
20.7803,16.7007,2719277,alluvium,Cenozoic,1.0
20.9587,16.7007,2719277,alluvium,Cenozoic,1.0
21.1371,16.7007,2719277,alluvium,Cenozoic,1.0
21.3154,16.7007,2954406,sandstone,Mesozoic,67.2
0.0892,16.9310,2855882,gneiss,Proterozoic,2050.0
0.2676,16.9310,2855882,gneiss,Proterozoic,2050.0
0.4459,16.9310,2855882,gneiss,Proterozoic,2050.0
0.6243,16.9310,2855882,gneiss,Proterozoic,2050.0
0.8027,16.9310,2855882,gneiss,Proterozoic,2050.0
0.9810,16.9310,2855882,gneiss,Proterozoic,2050.0
1.1594,16.9310,2855882,gneiss,Proterozoic,2050.0
1.3378,16.9310,2855882,gneiss,Proterozoic,2050.0
1.5162,16.9310,2855882,gneiss,Proterozoic,2050.0
1.6945,16.9310,2855882,gneiss,Proterozoic,2050.0
1.8729,16.9310,2855882,gneiss,Proterozoic,2050.0
2.0513,16.9310,2855882,gneiss,Proterozoic,2050.0
2.2296,16.9310,2855882,gneiss,Proterozoic,2050.0
2.4080,16.9310,2855882,gneiss,Proterozoic,2050.0
2.5864,16.9310,2855882,gneiss,Proterozoic,2050.0
2.7648,16.9310,2855882,gneiss,Proterozoic,2050.0
2.9431,16.9310,2855882,gneiss,Proterozoic,2050.0
3.1215,16.9310,2855882,gneiss,Proterozoic,2050.0
3.2999,16.9310,2855882,gneiss,Proterozoic,2050.0
3.4783,16.9310,2855882,gneiss,Proterozoic,2050.0
3.6566,16.9310,2855882,gneiss,Proterozoic,2050.0
3.8350,16.9310,2855882,gneiss,Proterozoic,2050.0
4.0134,16.9310,2855882,gneiss,Proterozoic,2050.0
4.1917,16.9310,2855882,gneiss,Proterozoic,2050.0
4.3701,16.9310,2855882,gneiss,Proterozoic,2050.0
4.5485,16.9310,2855882,gneiss,Proterozoic,2050.0
4.7269,16.9310,2855882,gneiss,Proterozoic,2050.0
4.9052,16.9310,2855882,gneiss,Proterozoic,2050.0
5.0836,16.9310,2855882,gneiss,Proterozoic,2050.0
5.2620,16.9310,2855882,gneiss,Proterozoic,2050.0
5.4403,16.9310,2855882,gneiss,Proterozoic,2050.0
5.6187,16.9310,2855882,gneiss,Proterozoic,2050.0
5.7971,16.9310,2855882,gneiss,Proterozoic,2050.0
5.9755,16.9310,2855882,gneiss,Proterozoic,2050.0
6.1538,16.9310,2855882,gneiss,Proterozoic,2050.0
6.3322,16.9310,2855882,gneiss,Proterozoic,2050.0
6.5106,16.9310,2855882,gneiss,Proterozoic,2050.0
6.6889,16.9310,2855882,gneiss,Proterozoic,2050.0
6.8673,16.9310,2855882,gneiss,Proterozoic,2050.0
7.0457,16.9310,2855882,gneiss,Proterozoic,2050.0
7.2241,16.9310,2855882,gneiss,Proterozoic,2050.0
7.4024,16.9310,2855882,gneiss,Proterozoic,2050.0
7.5808,16.9310,2855882,gneiss,Proterozoic,2050.0
7.7592,16.9310,2855882,gneiss,Proterozoic,2050.0
7.9376,16.9310,2855882,gneiss,Proterozoic,2050.0
8.1159,16.9310,2855882,gneiss,Proterozoic,2050.0
8.2943,16.9310,2855882,gneiss,Proterozoic,2050.0
8.4727,16.9310,2855882,gneiss,Proterozoic,2050.0
8.6510,16.9310,2855882,gneiss,Proterozoic,2050.0
8.8294,16.9310,2855882,gneiss,Proterozoic,2050.0
9.0078,16.9310,2855882,gneiss,Proterozoic,2050.0
9.1862,16.9310,2855882,gneiss,Proterozoic,2050.0
9.3645,16.9310,2855882,gneiss,Proterozoic,2050.0
9.5429,16.9310,2855882,gneiss,Proterozoic,2050.0
9.7213,16.9310,2855882,gneiss,Proterozoic,2050.0
9.8996,16.9310,3001358,sandstone,Paleozoic,283.0
10.0780,16.9310,3001358,sandstone,Paleozoic,283.0
10.2564,16.9310,3001358,sandstone,Paleozoic,283.0
10.4348,16.9310,3006567,sandstone,Mesozoic,72.0
10.6131,16.9310,3006567,sandstone,Mesozoic,72.0
10.7915,16.9310,2954406,sandstone,Mesozoic,67.2
10.9699,16.9310,2954406,sandstone,Mesozoic,67.2
11.1482,16.9310,2954406,sandstone,Mesozoic,67.2
11.3266,16.9310,2954406,sandstone,Mesozoic,67.2
11.5050,16.9310,2954406,sandstone,Mesozoic,67.2
11.6834,16.9310,2954406,sandstone,Mesozoic,67.2
11.8617,16.9310,2954406,sandstone,Mesozoic,67.2
12.0401,16.9310,2954406,sandstone,Mesozoic,67.2
12.2185,16.9310,2954406,sandstone,Mesozoic,67.2
12.3968,16.9310,2813573,basalt,Mesozoic,66.2
12.5752,16.9310,2813573,basalt,Mesozoic,66.2
12.7536,16.9310,2813573,basalt,Mesozoic,66.2
12.9320,16.9310,2813573,basalt,Mesozoic,66.2
13.1103,16.9310,2813573,basalt,Mesozoic,66.2
13.2887,16.9310,2813573,basalt,Mesozoic,66.2
13.4671,16.9310,2813573,basalt,Mesozoic,66.2
13.6455,16.9310,2813573,basalt,Mesozoic,66.2
13.8238,16.9310,2813573,basalt,Mesozoic,66.2
14.0022,16.9310,2813573,basalt,Mesozoic,66.2
14.1806,16.9310,2813573,basalt,Mesozoic,66.2
14.3589,16.9310,2813573,basalt,Mesozoic,66.2
14.5373,16.9310,2813573,basalt,Mesozoic,66.2
14.7157,16.9310,2813573,basalt,Mesozoic,66.2
14.8941,16.9310,2813573,basalt,Mesozoic,66.2
15.0724,16.9310,2813573,basalt,Mesozoic,66.2
15.2508,16.9310,2813573,basalt,Mesozoic,66.2
15.4292,16.9310,2813573,basalt,Mesozoic,66.2
15.6075,16.9310,2813573,basalt,Mesozoic,66.2
15.7859,16.9310,2813573,basalt,Mesozoic,66.2
15.9643,16.9310,2813573,basalt,Mesozoic,66.2
16.1427,16.9310,2954406,sandstone,Mesozoic,67.2
16.3210,16.9310,2954406,sandstone,Mesozoic,67.2
16.4994,16.9310,2954406,sandstone,Mesozoic,67.2
16.6778,16.9310,2954406,sandstone,Mesozoic,67.2
16.8561,16.9310,2954406,sandstone,Mesozoic,67.2
17.0345,16.9310,2954406,sandstone,Mesozoic,67.2
17.2129,16.9310,2954406,sandstone,Mesozoic,67.2
17.3913,16.9310,2954406,sandstone,Mesozoic,67.2
17.5696,16.9310,2954406,sandstone,Mesozoic,67.2
17.7480,16.9310,2954406,sandstone,Mesozoic,67.2
17.9264,16.9310,2954406,sandstone,Mesozoic,67.2
18.1048,16.9310,2954406,sandstone,Mesozoic,67.2
18.2831,16.9310,2954406,sandstone,Mesozoic,67.2
18.4615,16.9310,2954406,sandstone,Mesozoic,67.2
18.6399,16.9310,2954406,sandstone,Mesozoic,67.2
18.8182,16.9310,2954406,sandstone,Mesozoic,67.2
18.9966,16.9310,2954406,sandstone,Mesozoic,67.2
19.1750,16.9310,2954406,sandstone,Mesozoic,67.2
19.3534,16.9310,2719277,alluvium,Cenozoic,1.0
19.5317,16.9310,2719277,alluvium,Cenozoic,1.0
19.7101,16.9310,2719277,alluvium,Cenozoic,1.0
19.8885,16.9310,2719277,alluvium,Cenozoic,1.0
20.0668,16.9310,2719277,alluvium,Cenozoic,1.0
20.2452,16.9310,2719277,alluvium,Cenozoic,1.0
20.4236,16.9310,2719277,alluvium,Cenozoic,1.0
20.6020,16.9310,2719277,alluvium,Cenozoic,1.0
20.7803,16.9310,2719277,alluvium,Cenozoic,1.0
20.9587,16.9310,2719277,alluvium,Cenozoic,1.0
21.1371,16.9310,2719277,alluvium,Cenozoic,1.0
21.3154,16.9310,2954406,sandstone,Mesozoic,67.2
0.0892,17.1614,2855882,gneiss,Proterozoic,2050.0
0.2676,17.1614,2855882,gneiss,Proterozoic,2050.0
0.4459,17.1614,2855882,gneiss,Proterozoic,2050.0
0.6243,17.1614,2855882,gneiss,Proterozoic,2050.0
0.8027,17.1614,2855882,gneiss,Proterozoic,2050.0
0.9810,17.1614,2855882,gneiss,Proterozoic,2050.0
1.1594,17.1614,2855882,gneiss,Proterozoic,2050.0
1.3378,17.1614,2855882,gneiss,Proterozoic,2050.0
1.5162,17.1614,2855882,gneiss,Proterozoic,2050.0
1.6945,17.1614,2855882,gneiss,Proterozoic,2050.0
1.8729,17.1614,2855882,gneiss,Proterozoic,2050.0
2.0513,17.1614,2855882,gneiss,Proterozoic,2050.0
2.2296,17.1614,2855882,gneiss,Proterozoic,2050.0
2.4080,17.1614,2855882,gneiss,Proterozoic,2050.0
2.5864,17.1614,2855882,gneiss,Proterozoic,2050.0
2.7648,17.1614,2855882,gneiss,Proterozoic,2050.0
2.9431,17.1614,2855882,gneiss,Proterozoic,2050.0
3.1215,17.1614,2855882,gneiss,Proterozoic,2050.0
3.2999,17.1614,2855882,gneiss,Proterozoic,2050.0
3.4783,17.1614,2855882,gneiss,Proterozoic,2050.0
3.6566,17.1614,2855882,gneiss,Proterozoic,2050.0
3.8350,17.1614,2855882,gneiss,Proterozoic,2050.0
4.0134,17.1614,2855882,gneiss,Proterozoic,2050.0
4.1917,17.1614,2855882,gneiss,Proterozoic,2050.0
4.3701,17.1614,2855882,gneiss,Proterozoic,2050.0
4.5485,17.1614,2855882,gneiss,Proterozoic,2050.0
4.7269,17.1614,2855882,gneiss,Proterozoic,2050.0
4.9052,17.1614,2855882,gneiss,Proterozoic,2050.0
5.0836,17.1614,2855882,gneiss,Proterozoic,2050.0
5.2620,17.1614,2855882,gneiss,Proterozoic,2050.0
5.4403,17.1614,2855882,gneiss,Proterozoic,2050.0
5.6187,17.1614,2855882,gneiss,Proterozoic,2050.0
5.7971,17.1614,2855882,gneiss,Proterozoic,2050.0
5.9755,17.1614,2855882,gneiss,Proterozoic,2050.0
6.1538,17.1614,2855882,gneiss,Proterozoic,2050.0
6.3322,17.1614,2855882,gneiss,Proterozoic,2050.0
6.5106,17.1614,2855882,gneiss,Proterozoic,2050.0
6.6889,17.1614,2855882,gneiss,Proterozoic,2050.0
6.8673,17.1614,2855882,gneiss,Proterozoic,2050.0
7.0457,17.1614,2855882,gneiss,Proterozoic,2050.0
7.2241,17.1614,2855882,gneiss,Proterozoic,2050.0
7.4024,17.1614,2855882,gneiss,Proterozoic,2050.0
7.5808,17.1614,2855882,gneiss,Proterozoic,2050.0
7.7592,17.1614,2855882,gneiss,Proterozoic,2050.0
7.9376,17.1614,2855882,gneiss,Proterozoic,2050.0
8.1159,17.1614,2855882,gneiss,Proterozoic,2050.0
8.2943,17.1614,2855882,gneiss,Proterozoic,2050.0
8.4727,17.1614,2855882,gneiss,Proterozoic,2050.0
8.6510,17.1614,2855882,gneiss,Proterozoic,2050.0
8.8294,17.1614,2855882,gneiss,Proterozoic,2050.0
9.0078,17.1614,2855882,gneiss,Proterozoic,2050.0
9.1862,17.1614,2855882,gneiss,Proterozoic,2050.0
9.3645,17.1614,2855882,gneiss,Proterozoic,2050.0
9.5429,17.1614,2855882,gneiss,Proterozoic,2050.0
9.7213,17.1614,3001358,sandstone,Paleozoic,283.0
9.8996,17.1614,3001358,sandstone,Paleozoic,283.0
10.0780,17.1614,3001358,sandstone,Paleozoic,283.0
10.2564,17.1614,3006567,sandstone,Mesozoic,72.0
10.4348,17.1614,3006567,sandstone,Mesozoic,72.0
10.6131,17.1614,3006567,sandstone,Mesozoic,72.0
10.7915,17.1614,2954406,sandstone,Mesozoic,67.2
10.9699,17.1614,2954406,sandstone,Mesozoic,67.2
11.1482,17.1614,2954406,sandstone,Mesozoic,67.2
11.3266,17.1614,2954406,sandstone,Mesozoic,67.2
11.5050,17.1614,2954406,sandstone,Mesozoic,67.2
11.6834,17.1614,2954406,sandstone,Mesozoic,67.2
11.8617,17.1614,2954406,sandstone,Mesozoic,67.2
12.0401,17.1614,2954406,sandstone,Mesozoic,67.2
12.2185,17.1614,2813573,basalt,Mesozoic,66.2
12.3968,17.1614,2813573,basalt,Mesozoic,66.2
12.5752,17.1614,2813573,basalt,Mesozoic,66.2
12.7536,17.1614,2813573,basalt,Mesozoic,66.2
12.9320,17.1614,2813573,basalt,Mesozoic,66.2
13.1103,17.1614,2813573,basalt,Mesozoic,66.2
13.2887,17.1614,2813573,basalt,Mesozoic,66.2
13.4671,17.1614,2813573,basalt,Mesozoic,66.2
13.6455,17.1614,2813573,basalt,Mesozoic,66.2
13.8238,17.1614,2813573,basalt,Mesozoic,66.2
14.0022,17.1614,2813573,basalt,Mesozoic,66.2
14.1806,17.1614,2954406,sandstone,Mesozoic,67.2
14.3589,17.1614,2954406,sandstone,Mesozoic,67.2
14.5373,17.1614,2954406,sandstone,Mesozoic,67.2
14.7157,17.1614,2954406,sandstone,Mesozoic,67.2
14.8941,17.1614,2954406,sandstone,Mesozoic,67.2
15.0724,17.1614,2954406,sandstone,Mesozoic,67.2
15.2508,17.1614,2954406,sandstone,Mesozoic,67.2
15.4292,17.1614,2954406,sandstone,Mesozoic,67.2
15.6075,17.1614,2954406,sandstone,Mesozoic,67.2
15.7859,17.1614,2954406,sandstone,Mesozoic,67.2
15.9643,17.1614,2954406,sandstone,Mesozoic,67.2
16.1427,17.1614,2954406,sandstone,Mesozoic,67.2
16.3210,17.1614,2954406,sandstone,Mesozoic,67.2
16.4994,17.1614,2954406,sandstone,Mesozoic,67.2
16.6778,17.1614,2954406,sandstone,Mesozoic,67.2
16.8561,17.1614,2954406,sandstone,Mesozoic,67.2
17.0345,17.1614,2954406,sandstone,Mesozoic,67.2
17.2129,17.1614,2954406,sandstone,Mesozoic,67.2
17.3913,17.1614,2954406,sandstone,Mesozoic,67.2
17.5696,17.1614,2954406,sandstone,Mesozoic,67.2
17.7480,17.1614,2954406,sandstone,Mesozoic,67.2
17.9264,17.1614,2954406,sandstone,Mesozoic,67.2
18.1048,17.1614,2954406,sandstone,Mesozoic,67.2
18.2831,17.1614,2954406,sandstone,Mesozoic,67.2
18.4615,17.1614,2954406,sandstone,Mesozoic,67.2
18.6399,17.1614,2954406,sandstone,Mesozoic,67.2
18.8182,17.1614,2954406,sandstone,Mesozoic,67.2
18.9966,17.1614,2954406,sandstone,Mesozoic,67.2
19.1750,17.1614,2954406,sandstone,Mesozoic,67.2
19.3534,17.1614,2954406,sandstone,Mesozoic,67.2
19.5317,17.1614,2954406,sandstone,Mesozoic,67.2
19.7101,17.1614,2954406,sandstone,Mesozoic,67.2
19.8885,17.1614,2719277,alluvium,Cenozoic,1.0
20.0668,17.1614,2719277,alluvium,Cenozoic,1.0
20.2452,17.1614,2719277,alluvium,Cenozoic,1.0
20.4236,17.1614,2719277,alluvium,Cenozoic,1.0
20.6020,17.1614,2719277,alluvium,Cenozoic,1.0
20.7803,17.1614,2719277,alluvium,Cenozoic,1.0
20.9587,17.1614,2719277,alluvium,Cenozoic,1.0
21.1371,17.1614,2954406,sandstone,Mesozoic,67.2
21.3154,17.1614,2954406,sandstone,Mesozoic,67.2
0.0892,17.3917,2855882,gneiss,Proterozoic,2050.0
0.2676,17.3917,2855882,gneiss,Proterozoic,2050.0
0.4459,17.3917,2855882,gneiss,Proterozoic,2050.0
0.6243,17.3917,2855882,gneiss,Proterozoic,2050.0
0.8027,17.3917,2855882,gneiss,Proterozoic,2050.0
0.9810,17.3917,2855882,gneiss,Proterozoic,2050.0
1.1594,17.3917,2855882,gneiss,Proterozoic,2050.0
1.3378,17.3917,2855882,gneiss,Proterozoic,2050.0
1.5162,17.3917,2855882,gneiss,Proterozoic,2050.0
1.6945,17.3917,2855882,gneiss,Proterozoic,2050.0
1.8729,17.3917,2855882,gneiss,Proterozoic,2050.0
2.0513,17.3917,2855882,gneiss,Proterozoic,2050.0
2.2296,17.3917,2855882,gneiss,Proterozoic,2050.0
2.4080,17.3917,2855882,gneiss,Proterozoic,2050.0
2.5864,17.3917,2855882,gneiss,Proterozoic,2050.0
2.7648,17.3917,2855882,gneiss,Proterozoic,2050.0
2.9431,17.3917,2855882,gneiss,Proterozoic,2050.0
3.1215,17.3917,2855882,gneiss,Proterozoic,2050.0
3.2999,17.3917,2855882,gneiss,Proterozoic,2050.0
3.4783,17.3917,2855882,gneiss,Proterozoic,2050.0
3.6566,17.3917,2855882,gneiss,Proterozoic,2050.0
3.8350,17.3917,2855882,gneiss,Proterozoic,2050.0
4.0134,17.3917,2855882,gneiss,Proterozoic,2050.0
4.1917,17.3917,2855882,gneiss,Proterozoic,2050.0
4.3701,17.3917,2855882,gneiss,Proterozoic,2050.0
4.5485,17.3917,2855882,gneiss,Proterozoic,2050.0
4.7269,17.3917,2855882,gneiss,Proterozoic,2050.0
4.9052,17.3917,2855882,gneiss,Proterozoic,2050.0
5.0836,17.3917,2855882,gneiss,Proterozoic,2050.0
5.2620,17.3917,2855882,gneiss,Proterozoic,2050.0
5.4403,17.3917,2855882,gneiss,Proterozoic,2050.0
5.6187,17.3917,2855882,gneiss,Proterozoic,2050.0
5.7971,17.3917,2855882,gneiss,Proterozoic,2050.0
5.9755,17.3917,2855882,gneiss,Proterozoic,2050.0
6.1538,17.3917,2855882,gneiss,Proterozoic,2050.0
6.3322,17.3917,2855882,gneiss,Proterozoic,2050.0
6.5106,17.3917,2855882,gneiss,Proterozoic,2050.0
6.6889,17.3917,2855882,gneiss,Proterozoic,2050.0
6.8673,17.3917,2855882,gneiss,Proterozoic,2050.0
7.0457,17.3917,2855882,gneiss,Proterozoic,2050.0
7.2241,17.3917,2855882,gneiss,Proterozoic,2050.0
7.4024,17.3917,2855882,gneiss,Proterozoic,2050.0
7.5808,17.3917,2855882,gneiss,Proterozoic,2050.0
7.7592,17.3917,2855882,gneiss,Proterozoic,2050.0
7.9376,17.3917,2855882,gneiss,Proterozoic,2050.0
8.1159,17.3917,2855882,gneiss,Proterozoic,2050.0
8.2943,17.3917,2855882,gneiss,Proterozoic,2050.0
8.4727,17.3917,2855882,gneiss,Proterozoic,2050.0
8.6510,17.3917,2855882,gneiss,Proterozoic,2050.0
8.8294,17.3917,2855882,gneiss,Proterozoic,2050.0
9.0078,17.3917,2855882,gneiss,Proterozoic,2050.0
9.1862,17.3917,2855882,gneiss,Proterozoic,2050.0
9.3645,17.3917,2855882,gneiss,Proterozoic,2050.0
9.5429,17.3917,2855882,gneiss,Proterozoic,2050.0
9.7213,17.3917,3001358,sandstone,Paleozoic,283.0
9.8996,17.3917,3001358,sandstone,Paleozoic,283.0
10.0780,17.3917,3001358,sandstone,Paleozoic,283.0
10.2564,17.3917,3006567,sandstone,Mesozoic,72.0
10.4348,17.3917,3006567,sandstone,Mesozoic,72.0
10.6131,17.3917,2954406,sandstone,Mesozoic,67.2
10.7915,17.3917,2954406,sandstone,Mesozoic,67.2
10.9699,17.3917,2954406,sandstone,Mesozoic,67.2
11.1482,17.3917,2954406,sandstone,Mesozoic,67.2
11.3266,17.3917,2954406,sandstone,Mesozoic,67.2
11.5050,17.3917,2954406,sandstone,Mesozoic,67.2
11.6834,17.3917,2954406,sandstone,Mesozoic,67.2
11.8617,17.3917,2954406,sandstone,Mesozoic,67.2
12.0401,17.3917,2813573,basalt,Mesozoic,66.2
12.2185,17.3917,2813573,basalt,Mesozoic,66.2
12.3968,17.3917,2813573,basalt,Mesozoic,66.2
12.5752,17.3917,2813573,basalt,Mesozoic,66.2
12.7536,17.3917,2813573,basalt,Mesozoic,66.2
12.9320,17.3917,2813573,basalt,Mesozoic,66.2
13.1103,17.3917,2813573,basalt,Mesozoic,66.2
13.2887,17.3917,2813573,basalt,Mesozoic,66.2
13.4671,17.3917,2813573,basalt,Mesozoic,66.2
13.6455,17.3917,2813573,basalt,Mesozoic,66.2
13.8238,17.3917,2813573,basalt,Mesozoic,66.2
14.0022,17.3917,2954406,sandstone,Mesozoic,67.2
14.1806,17.3917,2954406,sandstone,Mesozoic,67.2
14.3589,17.3917,2954406,sandstone,Mesozoic,67.2
14.5373,17.3917,2954406,sandstone,Mesozoic,67.2
14.7157,17.3917,2954406,sandstone,Mesozoic,67.2
14.8941,17.3917,2954406,sandstone,Mesozoic,67.2
15.0724,17.3917,2954406,sandstone,Mesozoic,67.2
15.2508,17.3917,2954406,sandstone,Mesozoic,67.2
15.4292,17.3917,2954406,sandstone,Mesozoic,67.2
15.6075,17.3917,2954406,sandstone,Mesozoic,67.2
15.7859,17.3917,2954406,sandstone,Mesozoic,67.2
15.9643,17.3917,2954406,sandstone,Mesozoic,67.2
16.1427,17.3917,2954406,sandstone,Mesozoic,67.2
16.3210,17.3917,2954406,sandstone,Mesozoic,67.2
16.4994,17.3917,2954406,sandstone,Mesozoic,67.2
16.6778,17.3917,2954406,sandstone,Mesozoic,67.2
16.8561,17.3917,2954406,sandstone,Mesozoic,67.2
17.0345,17.3917,2954406,sandstone,Mesozoic,67.2
17.2129,17.3917,2954406,sandstone,Mesozoic,67.2
17.3913,17.3917,2954406,sandstone,Mesozoic,67.2
17.5696,17.3917,2954406,sandstone,Mesozoic,67.2
17.7480,17.3917,2954406,sandstone,Mesozoic,67.2
17.9264,17.3917,2954406,sandstone,Mesozoic,67.2
18.1048,17.3917,2954406,sandstone,Mesozoic,67.2
18.2831,17.3917,2954406,sandstone,Mesozoic,67.2
18.4615,17.3917,2954406,sandstone,Mesozoic,67.2
18.6399,17.3917,2954406,sandstone,Mesozoic,67.2
18.8182,17.3917,2954406,sandstone,Mesozoic,67.2
18.9966,17.3917,2954406,sandstone,Mesozoic,67.2
19.1750,17.3917,2954406,sandstone,Mesozoic,67.2
19.3534,17.3917,2954406,sandstone,Mesozoic,67.2
19.5317,17.3917,2954406,sandstone,Mesozoic,67.2
19.7101,17.3917,2954406,sandstone,Mesozoic,67.2
19.8885,17.3917,2954406,sandstone,Mesozoic,67.2
20.0668,17.3917,2719277,alluvium,Cenozoic,1.0
20.2452,17.3917,2719277,alluvium,Cenozoic,1.0
20.4236,17.3917,2719277,alluvium,Cenozoic,1.0
20.6020,17.3917,2719277,alluvium,Cenozoic,1.0
20.7803,17.3917,2719277,alluvium,Cenozoic,1.0
20.9587,17.3917,2719277,alluvium,Cenozoic,1.0
21.1371,17.3917,2954406,sandstone,Mesozoic,67.2
21.3154,17.3917,2954406,sandstone,Mesozoic,67.2
0.0892,17.6221,2855882,gneiss,Proterozoic,2050.0
0.2676,17.6221,2855882,gneiss,Proterozoic,2050.0
0.4459,17.6221,2855882,gneiss,Proterozoic,2050.0
0.6243,17.6221,2855882,gneiss,Proterozoic,2050.0
0.8027,17.6221,2855882,gneiss,Proterozoic,2050.0
0.9810,17.6221,2855882,gneiss,Proterozoic,2050.0
1.1594,17.6221,2855882,gneiss,Proterozoic,2050.0
1.3378,17.6221,2855882,gneiss,Proterozoic,2050.0
1.5162,17.6221,2855882,gneiss,Proterozoic,2050.0
1.6945,17.6221,2855882,gneiss,Proterozoic,2050.0
1.8729,17.6221,2855882,gneiss,Proterozoic,2050.0
2.0513,17.6221,2855882,gneiss,Proterozoic,2050.0
2.2296,17.6221,2855882,gneiss,Proterozoic,2050.0
2.4080,17.6221,2855882,gneiss,Proterozoic,2050.0
2.5864,17.6221,2855882,gneiss,Proterozoic,2050.0
2.7648,17.6221,2855882,gneiss,Proterozoic,2050.0
2.9431,17.6221,2855882,gneiss,Proterozoic,2050.0
3.1215,17.6221,2855882,gneiss,Proterozoic,2050.0
3.2999,17.6221,2855882,gneiss,Proterozoic,2050.0
3.4783,17.6221,2855882,gneiss,Proterozoic,2050.0
3.6566,17.6221,2855882,gneiss,Proterozoic,2050.0
3.8350,17.6221,2855882,gneiss,Proterozoic,2050.0
4.0134,17.6221,2855882,gneiss,Proterozoic,2050.0
4.1917,17.6221,2855882,gneiss,Proterozoic,2050.0
4.3701,17.6221,2855882,gneiss,Proterozoic,2050.0
4.5485,17.6221,2855882,gneiss,Proterozoic,2050.0
4.7269,17.6221,2855882,gneiss,Proterozoic,2050.0
4.9052,17.6221,2855882,gneiss,Proterozoic,2050.0
5.0836,17.6221,2855882,gneiss,Proterozoic,2050.0
5.2620,17.6221,2855882,gneiss,Proterozoic,2050.0
5.4403,17.6221,2855882,gneiss,Proterozoic,2050.0
5.6187,17.6221,2855882,gneiss,Proterozoic,2050.0
5.7971,17.6221,2855882,gneiss,Proterozoic,2050.0
5.9755,17.6221,2855882,gneiss,Proterozoic,2050.0
6.1538,17.6221,2855882,gneiss,Proterozoic,2050.0
6.3322,17.6221,2855882,gneiss,Proterozoic,2050.0
6.5106,17.6221,2855882,gneiss,Proterozoic,2050.0
6.6889,17.6221,2855882,gneiss,Proterozoic,2050.0
6.8673,17.6221,2855882,gneiss,Proterozoic,2050.0
7.0457,17.6221,2855882,gneiss,Proterozoic,2050.0
7.2241,17.6221,2855882,gneiss,Proterozoic,2050.0
7.4024,17.6221,2855882,gneiss,Proterozoic,2050.0
7.5808,17.6221,2855882,gneiss,Proterozoic,2050.0
7.7592,17.6221,2855882,gneiss,Proterozoic,2050.0
7.9376,17.6221,2855882,gneiss,Proterozoic,2050.0
8.1159,17.6221,2855882,gneiss,Proterozoic,2050.0
8.2943,17.6221,2855882,gneiss,Proterozoic,2050.0
8.4727,17.6221,2855882,gneiss,Proterozoic,2050.0
8.6510,17.6221,2855882,gneiss,Proterozoic,2050.0
8.8294,17.6221,2855882,gneiss,Proterozoic,2050.0
9.0078,17.6221,2855882,gneiss,Proterozoic,2050.0
9.1862,17.6221,2855882,gneiss,Proterozoic,2050.0
9.3645,17.6221,2855882,gneiss,Proterozoic,2050.0
9.5429,17.6221,2855882,gneiss,Proterozoic,2050.0
9.7213,17.6221,3001358,sandstone,Paleozoic,283.0
9.8996,17.6221,3001358,sandstone,Paleozoic,283.0
10.0780,17.6221,3006567,sandstone,Mesozoic,72.0
10.2564,17.6221,3006567,sandstone,Mesozoic,72.0
10.4348,17.6221,2954406,sandstone,Mesozoic,67.2
10.6131,17.6221,2954406,sandstone,Mesozoic,67.2
10.7915,17.6221,2954406,sandstone,Mesozoic,67.2
10.9699,17.6221,2954406,sandstone,Mesozoic,67.2
11.1482,17.6221,2954406,sandstone,Mesozoic,67.2
11.3266,17.6221,2954406,sandstone,Mesozoic,67.2
11.5050,17.6221,2954406,sandstone,Mesozoic,67.2
11.6834,17.6221,2954406,sandstone,Mesozoic,67.2
11.8617,17.6221,2954406,sandstone,Mesozoic,67.2
12.0401,17.6221,2954406,sandstone,Mesozoic,67.2
12.2185,17.6221,2813573,basalt,Mesozoic,66.2
12.3968,17.6221,2813573,basalt,Mesozoic,66.2
12.5752,17.6221,2813573,basalt,Mesozoic,66.2
12.7536,17.6221,2813573,basalt,Mesozoic,66.2
12.9320,17.6221,2813573,basalt,Mesozoic,66.2
13.1103,17.6221,2813573,basalt,Mesozoic,66.2
13.2887,17.6221,2813573,basalt,Mesozoic,66.2
13.4671,17.6221,2813573,basalt,Mesozoic,66.2
13.6455,17.6221,2813573,basalt,Mesozoic,66.2
13.8238,17.6221,2813573,basalt,Mesozoic,66.2
14.0022,17.6221,2954406,sandstone,Mesozoic,67.2
14.1806,17.6221,2954406,sandstone,Mesozoic,67.2
14.3589,17.6221,2954406,sandstone,Mesozoic,67.2
14.5373,17.6221,2954406,sandstone,Mesozoic,67.2
14.7157,17.6221,2954406,sandstone,Mesozoic,67.2
14.8941,17.6221,2954406,sandstone,Mesozoic,67.2
15.0724,17.6221,2954406,sandstone,Mesozoic,67.2
15.2508,17.6221,2954406,sandstone,Mesozoic,67.2
15.4292,17.6221,2954406,sandstone,Mesozoic,67.2
15.6075,17.6221,2954406,sandstone,Mesozoic,67.2
15.7859,17.6221,2954406,sandstone,Mesozoic,67.2
15.9643,17.6221,2954406,sandstone,Mesozoic,67.2
16.1427,17.6221,2954406,sandstone,Mesozoic,67.2
16.3210,17.6221,2954406,sandstone,Mesozoic,67.2
16.4994,17.6221,2954406,sandstone,Mesozoic,67.2
16.6778,17.6221,2954406,sandstone,Mesozoic,67.2
16.8561,17.6221,2954406,sandstone,Mesozoic,67.2
17.0345,17.6221,2954406,sandstone,Mesozoic,67.2
17.2129,17.6221,2954406,sandstone,Mesozoic,67.2
17.3913,17.6221,2954406,sandstone,Mesozoic,67.2
17.5696,17.6221,2954406,sandstone,Mesozoic,67.2
17.7480,17.6221,2971251,alluvium,Cenozoic,0.4
17.9264,17.6221,2954406,sandstone,Mesozoic,67.2
18.1048,17.6221,2954406,sandstone,Mesozoic,67.2
18.2831,17.6221,2954406,sandstone,Mesozoic,67.2
18.4615,17.6221,2954406,sandstone,Mesozoic,67.2
18.6399,17.6221,2954406,sandstone,Mesozoic,67.2
18.8182,17.6221,2954406,sandstone,Mesozoic,67.2
18.9966,17.6221,2954406,sandstone,Mesozoic,67.2
19.1750,17.6221,2954406,sandstone,Mesozoic,67.2
19.3534,17.6221,2954406,sandstone,Mesozoic,67.2
19.5317,17.6221,2954406,sandstone,Mesozoic,67.2
19.7101,17.6221,2954406,sandstone,Mesozoic,67.2
19.8885,17.6221,2954406,sandstone,Mesozoic,67.2
20.0668,17.6221,2954406,sandstone,Mesozoic,67.2
20.2452,17.6221,2954406,sandstone,Mesozoic,67.2
20.4236,17.6221,2719277,alluvium,Cenozoic,1.0
20.6020,17.6221,2719277,alluvium,Cenozoic,1.0
20.7803,17.6221,2719277,alluvium,Cenozoic,1.0
20.9587,17.6221,2719277,alluvium,Cenozoic,1.0
21.1371,17.6221,2954406,sandstone,Mesozoic,67.2
21.3154,17.6221,2954406,sandstone,Mesozoic,67.2
0.0892,17.8524,2855882,gneiss,Proterozoic,2050.0
0.2676,17.8524,2855882,gneiss,Proterozoic,2050.0
0.4459,17.8524,2855882,gneiss,Proterozoic,2050.0
0.6243,17.8524,2855882,gneiss,Proterozoic,2050.0
0.8027,17.8524,2855882,gneiss,Proterozoic,2050.0
0.9810,17.8524,2855882,gneiss,Proterozoic,2050.0
1.1594,17.8524,2855882,gneiss,Proterozoic,2050.0
1.3378,17.8524,2855882,gneiss,Proterozoic,2050.0
1.5162,17.8524,2855882,gneiss,Proterozoic,2050.0
1.6945,17.8524,2855882,gneiss,Proterozoic,2050.0
1.8729,17.8524,2855882,gneiss,Proterozoic,2050.0
2.0513,17.8524,2855882,gneiss,Proterozoic,2050.0
2.2296,17.8524,2855882,gneiss,Proterozoic,2050.0
2.4080,17.8524,2855882,gneiss,Proterozoic,2050.0
2.5864,17.8524,2855882,gneiss,Proterozoic,2050.0
2.7648,17.8524,2855882,gneiss,Proterozoic,2050.0
2.9431,17.8524,2855882,gneiss,Proterozoic,2050.0
3.1215,17.8524,2855882,gneiss,Proterozoic,2050.0
3.2999,17.8524,2855882,gneiss,Proterozoic,2050.0
3.4783,17.8524,2855882,gneiss,Proterozoic,2050.0
3.6566,17.8524,2855882,gneiss,Proterozoic,2050.0
3.8350,17.8524,2855882,gneiss,Proterozoic,2050.0
4.0134,17.8524,2855882,gneiss,Proterozoic,2050.0
4.1917,17.8524,2855882,gneiss,Proterozoic,2050.0
4.3701,17.8524,2855882,gneiss,Proterozoic,2050.0
4.5485,17.8524,2855882,gneiss,Proterozoic,2050.0
4.7269,17.8524,2855882,gneiss,Proterozoic,2050.0
4.9052,17.8524,2855882,gneiss,Proterozoic,2050.0
5.0836,17.8524,2855882,gneiss,Proterozoic,2050.0
5.2620,17.8524,2855882,gneiss,Proterozoic,2050.0
5.4403,17.8524,2855882,gneiss,Proterozoic,2050.0
5.6187,17.8524,2855882,gneiss,Proterozoic,2050.0
5.7971,17.8524,2855882,gneiss,Proterozoic,2050.0
5.9755,17.8524,2855882,gneiss,Proterozoic,2050.0
6.1538,17.8524,2855882,gneiss,Proterozoic,2050.0
6.3322,17.8524,2855882,gneiss,Proterozoic,2050.0
6.5106,17.8524,2855882,gneiss,Proterozoic,2050.0
6.6889,17.8524,2855882,gneiss,Proterozoic,2050.0
6.8673,17.8524,2855882,gneiss,Proterozoic,2050.0
7.0457,17.8524,2855882,gneiss,Proterozoic,2050.0
7.2241,17.8524,2855882,gneiss,Proterozoic,2050.0
7.4024,17.8524,2855882,gneiss,Proterozoic,2050.0
7.5808,17.8524,2855882,gneiss,Proterozoic,2050.0
7.7592,17.8524,2855882,gneiss,Proterozoic,2050.0
7.9376,17.8524,2855882,gneiss,Proterozoic,2050.0
8.1159,17.8524,2855882,gneiss,Proterozoic,2050.0
8.2943,17.8524,2855882,gneiss,Proterozoic,2050.0
8.4727,17.8524,2855882,gneiss,Proterozoic,2050.0
8.6510,17.8524,2855882,gneiss,Proterozoic,2050.0
8.8294,17.8524,2855882,gneiss,Proterozoic,2050.0
9.0078,17.8524,2855882,gneiss,Proterozoic,2050.0
9.1862,17.8524,2855882,gneiss,Proterozoic,2050.0
9.3645,17.8524,2855882,gneiss,Proterozoic,2050.0
9.5429,17.8524,3001358,sandstone,Paleozoic,283.0
9.7213,17.8524,3001358,sandstone,Paleozoic,283.0
9.8996,17.8524,3001358,sandstone,Paleozoic,283.0
10.0780,17.8524,3006567,sandstone,Mesozoic,72.0
10.2564,17.8524,3006567,sandstone,Mesozoic,72.0
10.4348,17.8524,2954406,sandstone,Mesozoic,67.2
10.6131,17.8524,2954406,sandstone,Mesozoic,67.2
10.7915,17.8524,2954406,sandstone,Mesozoic,67.2
10.9699,17.8524,2954406,sandstone,Mesozoic,67.2
11.1482,17.8524,2954406,sandstone,Mesozoic,67.2
11.3266,17.8524,2954406,sandstone,Mesozoic,67.2
11.5050,17.8524,2954406,sandstone,Mesozoic,67.2
11.6834,17.8524,2954406,sandstone,Mesozoic,67.2
11.8617,17.8524,2954406,sandstone,Mesozoic,67.2
12.0401,17.8524,2954406,sandstone,Mesozoic,67.2
12.2185,17.8524,2954406,sandstone,Mesozoic,67.2
12.3968,17.8524,2813573,basalt,Mesozoic,66.2
12.5752,17.8524,2813573,basalt,Mesozoic,66.2
12.7536,17.8524,2813573,basalt,Mesozoic,66.2
12.9320,17.8524,2813573,basalt,Mesozoic,66.2
13.1103,17.8524,2813573,basalt,Mesozoic,66.2
13.2887,17.8524,2813573,basalt,Mesozoic,66.2
13.4671,17.8524,2813573,basalt,Mesozoic,66.2
13.6455,17.8524,2813573,basalt,Mesozoic,66.2
13.8238,17.8524,2813573,basalt,Mesozoic,66.2
14.0022,17.8524,2954406,sandstone,Mesozoic,67.2
14.1806,17.8524,2954406,sandstone,Mesozoic,67.2
14.3589,17.8524,2954406,sandstone,Mesozoic,67.2
14.5373,17.8524,2954406,sandstone,Mesozoic,67.2
14.7157,17.8524,2954406,sandstone,Mesozoic,67.2
14.8941,17.8524,2954406,sandstone,Mesozoic,67.2
15.0724,17.8524,2954406,sandstone,Mesozoic,67.2
15.2508,17.8524,2954406,sandstone,Mesozoic,67.2
15.4292,17.8524,2954406,sandstone,Mesozoic,67.2
15.6075,17.8524,2954406,sandstone,Mesozoic,67.2
15.7859,17.8524,2954406,sandstone,Mesozoic,67.2
15.9643,17.8524,2971251,alluvium,Cenozoic,0.4
16.1427,17.8524,2971251,alluvium,Cenozoic,0.4
16.3210,17.8524,2971251,alluvium,Cenozoic,0.4
16.4994,17.8524,2971251,alluvium,Cenozoic,0.4
16.6778,17.8524,2971251,alluvium,Cenozoic,0.4
16.8561,17.8524,2971251,alluvium,Cenozoic,0.4
17.0345,17.8524,2971251,alluvium,Cenozoic,0.4
17.2129,17.8524,2971251,alluvium,Cenozoic,0.4
17.3913,17.8524,2971251,alluvium,Cenozoic,0.4
17.5696,17.8524,2971251,alluvium,Cenozoic,0.4
17.7480,17.8524,2971251,alluvium,Cenozoic,0.4
17.9264,17.8524,2971251,alluvium,Cenozoic,0.4
18.1048,17.8524,2954406,sandstone,Mesozoic,67.2
18.2831,17.8524,2954406,sandstone,Mesozoic,67.2
18.4615,17.8524,2954406,sandstone,Mesozoic,67.2
18.6399,17.8524,2954406,sandstone,Mesozoic,67.2
18.8182,17.8524,2954406,sandstone,Mesozoic,67.2
18.9966,17.8524,2954406,sandstone,Mesozoic,67.2
19.1750,17.8524,2954406,sandstone,Mesozoic,67.2
19.3534,17.8524,2954406,sandstone,Mesozoic,67.2
19.5317,17.8524,2954406,sandstone,Mesozoic,67.2
19.7101,17.8524,2954406,sandstone,Mesozoic,67.2
19.8885,17.8524,2954406,sandstone,Mesozoic,67.2
20.0668,17.8524,2954406,sandstone,Mesozoic,67.2
20.2452,17.8524,2954406,sandstone,Mesozoic,67.2
20.4236,17.8524,2954406,sandstone,Mesozoic,67.2
20.6020,17.8524,2719277,alluvium,Cenozoic,1.0
20.7803,17.8524,2719277,alluvium,Cenozoic,1.0
20.9587,17.8524,2719277,alluvium,Cenozoic,1.0
21.1371,17.8524,2921316,,,
21.3154,17.8524,2921316,,,
0.0892,18.0828,2855882,gneiss,Proterozoic,2050.0
0.2676,18.0828,2855882,gneiss,Proterozoic,2050.0
0.4459,18.0828,2855882,gneiss,Proterozoic,2050.0
0.6243,18.0828,2855882,gneiss,Proterozoic,2050.0
0.8027,18.0828,2855882,gneiss,Proterozoic,2050.0
0.9810,18.0828,2855882,gneiss,Proterozoic,2050.0
1.1594,18.0828,2855882,gneiss,Proterozoic,2050.0
1.3378,18.0828,2855882,gneiss,Proterozoic,2050.0
1.5162,18.0828,2855882,gneiss,Proterozoic,2050.0
1.6945,18.0828,2855882,gneiss,Proterozoic,2050.0
1.8729,18.0828,2855882,gneiss,Proterozoic,2050.0
2.0513,18.0828,2855882,gneiss,Proterozoic,2050.0
2.2296,18.0828,2855882,gneiss,Proterozoic,2050.0
2.4080,18.0828,2855882,gneiss,Proterozoic,2050.0
2.5864,18.0828,2855882,gneiss,Proterozoic,2050.0
2.7648,18.0828,2855882,gneiss,Proterozoic,2050.0
2.9431,18.0828,2855882,gneiss,Proterozoic,2050.0
3.1215,18.0828,2855882,gneiss,Proterozoic,2050.0
3.2999,18.0828,2855882,gneiss,Proterozoic,2050.0
3.4783,18.0828,2855882,gneiss,Proterozoic,2050.0
3.6566,18.0828,2855882,gneiss,Proterozoic,2050.0
3.8350,18.0828,2855882,gneiss,Proterozoic,2050.0
4.0134,18.0828,2855882,gneiss,Proterozoic,2050.0
4.1917,18.0828,2855882,gneiss,Proterozoic,2050.0
4.3701,18.0828,2855882,gneiss,Proterozoic,2050.0
4.5485,18.0828,2855882,gneiss,Proterozoic,2050.0
4.7269,18.0828,2855882,gneiss,Proterozoic,2050.0
4.9052,18.0828,2855882,gneiss,Proterozoic,2050.0
5.0836,18.0828,2855882,gneiss,Proterozoic,2050.0
5.2620,18.0828,2855882,gneiss,Proterozoic,2050.0
5.4403,18.0828,2855882,gneiss,Proterozoic,2050.0
5.6187,18.0828,2855882,gneiss,Proterozoic,2050.0
5.7971,18.0828,2855882,gneiss,Proterozoic,2050.0
5.9755,18.0828,2855882,gneiss,Proterozoic,2050.0
6.1538,18.0828,2855882,gneiss,Proterozoic,2050.0
6.3322,18.0828,2855882,gneiss,Proterozoic,2050.0
6.5106,18.0828,2855882,gneiss,Proterozoic,2050.0
6.6889,18.0828,2855882,gneiss,Proterozoic,2050.0
6.8673,18.0828,2855882,gneiss,Proterozoic,2050.0
7.0457,18.0828,2855882,gneiss,Proterozoic,2050.0
7.2241,18.0828,2855882,gneiss,Proterozoic,2050.0
7.4024,18.0828,2855882,gneiss,Proterozoic,2050.0
7.5808,18.0828,2855882,gneiss,Proterozoic,2050.0
7.7592,18.0828,2855882,gneiss,Proterozoic,2050.0
7.9376,18.0828,2855882,gneiss,Proterozoic,2050.0
8.1159,18.0828,2855882,gneiss,Proterozoic,2050.0
8.2943,18.0828,2855882,gneiss,Proterozoic,2050.0
8.4727,18.0828,2855882,gneiss,Proterozoic,2050.0
8.6510,18.0828,2855882,gneiss,Proterozoic,2050.0
8.8294,18.0828,2855882,gneiss,Proterozoic,2050.0
9.0078,18.0828,2855882,gneiss,Proterozoic,2050.0
9.1862,18.0828,2855882,gneiss,Proterozoic,2050.0
9.3645,18.0828,2855882,gneiss,Proterozoic,2050.0
9.5429,18.0828,3001358,sandstone,Paleozoic,283.0
9.7213,18.0828,3001358,sandstone,Paleozoic,283.0
9.8996,18.0828,3006567,sandstone,Mesozoic,72.0
10.0780,18.0828,3006567,sandstone,Mesozoic,72.0
10.2564,18.0828,2954406,sandstone,Mesozoic,67.2
10.4348,18.0828,2954406,sandstone,Mesozoic,67.2
10.6131,18.0828,2954406,sandstone,Mesozoic,67.2
10.7915,18.0828,2954406,sandstone,Mesozoic,67.2
10.9699,18.0828,2954406,sandstone,Mesozoic,67.2
11.1482,18.0828,2954406,sandstone,Mesozoic,67.2
11.3266,18.0828,2954406,sandstone,Mesozoic,67.2
11.5050,18.0828,2954406,sandstone,Mesozoic,67.2
11.6834,18.0828,2954406,sandstone,Mesozoic,67.2
11.8617,18.0828,2954406,sandstone,Mesozoic,67.2
12.0401,18.0828,2954406,sandstone,Mesozoic,67.2
12.2185,18.0828,2954406,sandstone,Mesozoic,67.2
12.3968,18.0828,2954406,sandstone,Mesozoic,67.2
12.5752,18.0828,2954406,sandstone,Mesozoic,67.2
12.7536,18.0828,2954406,sandstone,Mesozoic,67.2
12.9320,18.0828,2954406,sandstone,Mesozoic,67.2
13.1103,18.0828,2954406,sandstone,Mesozoic,67.2
13.2887,18.0828,2954406,sandstone,Mesozoic,67.2
13.4671,18.0828,2954406,sandstone,Mesozoic,67.2
13.6455,18.0828,2813573,basalt,Mesozoic,66.2
13.8238,18.0828,2813573,basalt,Mesozoic,66.2
14.0022,18.0828,2954406,sandstone,Mesozoic,67.2
14.1806,18.0828,2954406,sandstone,Mesozoic,67.2
14.3589,18.0828,2954406,sandstone,Mesozoic,67.2
14.5373,18.0828,2954406,sandstone,Mesozoic,67.2
14.7157,18.0828,2954406,sandstone,Mesozoic,67.2
14.8941,18.0828,2954406,sandstone,Mesozoic,67.2
15.0724,18.0828,2954406,sandstone,Mesozoic,67.2
15.2508,18.0828,2954406,sandstone,Mesozoic,67.2
15.4292,18.0828,2971251,alluvium,Cenozoic,0.4
15.6075,18.0828,2971251,alluvium,Cenozoic,0.4
15.7859,18.0828,2971251,alluvium,Cenozoic,0.4
15.9643,18.0828,2971251,alluvium,Cenozoic,0.4
16.1427,18.0828,2971251,alluvium,Cenozoic,0.4
16.3210,18.0828,2971251,alluvium,Cenozoic,0.4
16.4994,18.0828,2971251,alluvium,Cenozoic,0.4
16.6778,18.0828,2971251,alluvium,Cenozoic,0.4
16.8561,18.0828,2971251,alluvium,Cenozoic,0.4
17.0345,18.0828,2971251,alluvium,Cenozoic,0.4
17.2129,18.0828,2971251,alluvium,Cenozoic,0.4
17.3913,18.0828,2971251,alluvium,Cenozoic,0.4
17.5696,18.0828,2971251,alluvium,Cenozoic,0.4
17.7480,18.0828,2971251,alluvium,Cenozoic,0.4
17.9264,18.0828,2971251,alluvium,Cenozoic,0.4
18.1048,18.0828,2971251,alluvium,Cenozoic,0.4
18.2831,18.0828,2954406,sandstone,Mesozoic,67.2
18.4615,18.0828,2954406,sandstone,Mesozoic,67.2
18.6399,18.0828,2954406,sandstone,Mesozoic,67.2
18.8182,18.0828,2954406,sandstone,Mesozoic,67.2
18.9966,18.0828,2954406,sandstone,Mesozoic,67.2
19.1750,18.0828,2954406,sandstone,Mesozoic,67.2
19.3534,18.0828,2954406,sandstone,Mesozoic,67.2
19.5317,18.0828,2954406,sandstone,Mesozoic,67.2
19.7101,18.0828,2954406,sandstone,Mesozoic,67.2
19.8885,18.0828,2954406,sandstone,Mesozoic,67.2
20.0668,18.0828,2954406,sandstone,Mesozoic,67.2
20.2452,18.0828,2954406,sandstone,Mesozoic,67.2
20.4236,18.0828,2954406,sandstone,Mesozoic,67.2
20.6020,18.0828,2954406,sandstone,Mesozoic,67.2
20.7803,18.0828,2719277,alluvium,Cenozoic,1.0
20.9587,18.0828,2719277,alluvium,Cenozoic,1.0
21.1371,18.0828,2719277,alluvium,Cenozoic,1.0
21.3154,18.0828,2921316,,,
0.0892,18.3132,2855882,gneiss,Proterozoic,2050.0
0.2676,18.3132,2855882,gneiss,Proterozoic,2050.0
0.4459,18.3132,2855882,gneiss,Proterozoic,2050.0
0.6243,18.3132,2855882,gneiss,Proterozoic,2050.0
0.8027,18.3132,2855882,gneiss,Proterozoic,2050.0
0.9810,18.3132,2855882,gneiss,Proterozoic,2050.0
1.1594,18.3132,2855882,gneiss,Proterozoic,2050.0
1.3378,18.3132,2855882,gneiss,Proterozoic,2050.0
1.5162,18.3132,2855882,gneiss,Proterozoic,2050.0
1.6945,18.3132,2855882,gneiss,Proterozoic,2050.0
1.8729,18.3132,2855882,gneiss,Proterozoic,2050.0
2.0513,18.3132,2855882,gneiss,Proterozoic,2050.0
2.2296,18.3132,2855882,gneiss,Proterozoic,2050.0
2.4080,18.3132,2855882,gneiss,Proterozoic,2050.0
2.5864,18.3132,2855882,gneiss,Proterozoic,2050.0
2.7648,18.3132,2855882,gneiss,Proterozoic,2050.0
2.9431,18.3132,2855882,gneiss,Proterozoic,2050.0
3.1215,18.3132,2855882,gneiss,Proterozoic,2050.0
3.2999,18.3132,2855882,gneiss,Proterozoic,2050.0
3.4783,18.3132,2855882,gneiss,Proterozoic,2050.0
3.6566,18.3132,2855882,gneiss,Proterozoic,2050.0
3.8350,18.3132,2855882,gneiss,Proterozoic,2050.0
4.0134,18.3132,2855882,gneiss,Proterozoic,2050.0
4.1917,18.3132,2855882,gneiss,Proterozoic,2050.0
4.3701,18.3132,2855882,gneiss,Proterozoic,2050.0
4.5485,18.3132,2855882,gneiss,Proterozoic,2050.0
4.7269,18.3132,2855882,gneiss,Proterozoic,2050.0
4.9052,18.3132,2855882,gneiss,Proterozoic,2050.0
5.0836,18.3132,2855882,gneiss,Proterozoic,2050.0
5.2620,18.3132,2855882,gneiss,Proterozoic,2050.0
5.4403,18.3132,2855882,gneiss,Proterozoic,2050.0
5.6187,18.3132,2855882,gneiss,Proterozoic,2050.0
5.7971,18.3132,2855882,gneiss,Proterozoic,2050.0
5.9755,18.3132,2855882,gneiss,Proterozoic,2050.0
6.1538,18.3132,2855882,gneiss,Proterozoic,2050.0
6.3322,18.3132,2855882,gneiss,Proterozoic,2050.0
6.5106,18.3132,2855882,gneiss,Proterozoic,2050.0
6.6889,18.3132,2855882,gneiss,Proterozoic,2050.0
6.8673,18.3132,2855882,gneiss,Proterozoic,2050.0
7.0457,18.3132,2855882,gneiss,Proterozoic,2050.0
7.2241,18.3132,2855882,gneiss,Proterozoic,2050.0
7.4024,18.3132,2855882,gneiss,Proterozoic,2050.0
7.5808,18.3132,2855882,gneiss,Proterozoic,2050.0
7.7592,18.3132,2855882,gneiss,Proterozoic,2050.0
7.9376,18.3132,2855882,gneiss,Proterozoic,2050.0
8.1159,18.3132,2855882,gneiss,Proterozoic,2050.0
8.2943,18.3132,2855882,gneiss,Proterozoic,2050.0
8.4727,18.3132,2855882,gneiss,Proterozoic,2050.0
8.6510,18.3132,2855882,gneiss,Proterozoic,2050.0
8.8294,18.3132,2855882,gneiss,Proterozoic,2050.0
9.0078,18.3132,2855882,gneiss,Proterozoic,2050.0
9.1862,18.3132,2855882,gneiss,Proterozoic,2050.0
9.3645,18.3132,2855882,gneiss,Proterozoic,2050.0
9.5429,18.3132,3001358,sandstone,Paleozoic,283.0
9.7213,18.3132,3001358,sandstone,Paleozoic,283.0
9.8996,18.3132,3006567,sandstone,Mesozoic,72.0
10.0780,18.3132,3006567,sandstone,Mesozoic,72.0
10.2564,18.3132,2954406,sandstone,Mesozoic,67.2
10.4348,18.3132,2954406,sandstone,Mesozoic,67.2
10.6131,18.3132,2954406,sandstone,Mesozoic,67.2
10.7915,18.3132,2954406,sandstone,Mesozoic,67.2
10.9699,18.3132,2954406,sandstone,Mesozoic,67.2
11.1482,18.3132,2954406,sandstone,Mesozoic,67.2
11.3266,18.3132,2954406,sandstone,Mesozoic,67.2
11.5050,18.3132,2954406,sandstone,Mesozoic,67.2
11.6834,18.3132,2954406,sandstone,Mesozoic,67.2
11.8617,18.3132,2954406,sandstone,Mesozoic,67.2
12.0401,18.3132,2954406,sandstone,Mesozoic,67.2
12.2185,18.3132,2954406,sandstone,Mesozoic,67.2
12.3968,18.3132,2954406,sandstone,Mesozoic,67.2
12.5752,18.3132,2954406,sandstone,Mesozoic,67.2
12.7536,18.3132,2954406,sandstone,Mesozoic,67.2
12.9320,18.3132,2954406,sandstone,Mesozoic,67.2
13.1103,18.3132,2954406,sandstone,Mesozoic,67.2
13.2887,18.3132,2954406,sandstone,Mesozoic,67.2
13.4671,18.3132,2954406,sandstone,Mesozoic,67.2
13.6455,18.3132,2954406,sandstone,Mesozoic,67.2
13.8238,18.3132,2954406,sandstone,Mesozoic,67.2
14.0022,18.3132,2954406,sandstone,Mesozoic,67.2
14.1806,18.3132,2954406,sandstone,Mesozoic,67.2
14.3589,18.3132,2954406,sandstone,Mesozoic,67.2
14.5373,18.3132,2954406,sandstone,Mesozoic,67.2
14.7157,18.3132,2954406,sandstone,Mesozoic,67.2
14.8941,18.3132,2966014,alluvium,Cenozoic,1.3
15.0724,18.3132,2966014,alluvium,Cenozoic,1.3
15.2508,18.3132,2966014,alluvium,Cenozoic,1.3
15.4292,18.3132,2966014,alluvium,Cenozoic,1.3
15.6075,18.3132,2966014,alluvium,Cenozoic,1.3
15.7859,18.3132,2966014,alluvium,Cenozoic,1.3
15.9643,18.3132,2966014,alluvium,Cenozoic,1.3
16.1427,18.3132,2966014,alluvium,Cenozoic,1.3
16.3210,18.3132,2971251,alluvium,Cenozoic,0.4
16.4994,18.3132,2971251,alluvium,Cenozoic,0.4
16.6778,18.3132,2971251,alluvium,Cenozoic,0.4
16.8561,18.3132,2971251,alluvium,Cenozoic,0.4
17.0345,18.3132,2971251,alluvium,Cenozoic,0.4
17.2129,18.3132,2971251,alluvium,Cenozoic,0.4
17.3913,18.3132,2971251,alluvium,Cenozoic,0.4
17.5696,18.3132,2971251,alluvium,Cenozoic,0.4
17.7480,18.3132,2971251,alluvium,Cenozoic,0.4
17.9264,18.3132,2971251,alluvium,Cenozoic,0.4
18.1048,18.3132,2971251,alluvium,Cenozoic,0.4
18.2831,18.3132,2971251,alluvium,Cenozoic,0.4
18.4615,18.3132,2971251,alluvium,Cenozoic,0.4
18.6399,18.3132,2971251,alluvium,Cenozoic,0.4
18.8182,18.3132,2954406,sandstone,Mesozoic,67.2
18.9966,18.3132,2954406,sandstone,Mesozoic,67.2
19.1750,18.3132,2954406,sandstone,Mesozoic,67.2
19.3534,18.3132,2954406,sandstone,Mesozoic,67.2
19.5317,18.3132,2954406,sandstone,Mesozoic,67.2
19.7101,18.3132,2954406,sandstone,Mesozoic,67.2
19.8885,18.3132,2954406,sandstone,Mesozoic,67.2
20.0668,18.3132,2954406,sandstone,Mesozoic,67.2
20.2452,18.3132,2954406,sandstone,Mesozoic,67.2
20.4236,18.3132,2954406,sandstone,Mesozoic,67.2
20.6020,18.3132,2954406,sandstone,Mesozoic,67.2
20.7803,18.3132,2954406,sandstone,Mesozoic,67.2
20.9587,18.3132,2719277,alluvium,Cenozoic,1.0
21.1371,18.3132,2719277,alluvium,Cenozoic,1.0
21.3154,18.3132,2954406,sandstone,Mesozoic,67.2
0.0892,18.5435,2855882,gneiss,Proterozoic,2050.0
0.2676,18.5435,2855882,gneiss,Proterozoic,2050.0
0.4459,18.5435,2855882,gneiss,Proterozoic,2050.0
0.6243,18.5435,2855882,gneiss,Proterozoic,2050.0
0.8027,18.5435,2855882,gneiss,Proterozoic,2050.0
0.9810,18.5435,2855882,gneiss,Proterozoic,2050.0
1.1594,18.5435,2855882,gneiss,Proterozoic,2050.0
1.3378,18.5435,2855882,gneiss,Proterozoic,2050.0
1.5162,18.5435,2855882,gneiss,Proterozoic,2050.0
1.6945,18.5435,2855882,gneiss,Proterozoic,2050.0
1.8729,18.5435,2855882,gneiss,Proterozoic,2050.0
2.0513,18.5435,2855882,gneiss,Proterozoic,2050.0
2.2296,18.5435,2855882,gneiss,Proterozoic,2050.0
2.4080,18.5435,2855882,gneiss,Proterozoic,2050.0
2.5864,18.5435,2855882,gneiss,Proterozoic,2050.0
2.7648,18.5435,2855882,gneiss,Proterozoic,2050.0
2.9431,18.5435,2855882,gneiss,Proterozoic,2050.0
3.1215,18.5435,2855882,gneiss,Proterozoic,2050.0
3.2999,18.5435,2855882,gneiss,Proterozoic,2050.0
3.4783,18.5435,2855882,gneiss,Proterozoic,2050.0
3.6566,18.5435,2855882,gneiss,Proterozoic,2050.0
3.8350,18.5435,2855882,gneiss,Proterozoic,2050.0
4.0134,18.5435,2855882,gneiss,Proterozoic,2050.0
4.1917,18.5435,2855882,gneiss,Proterozoic,2050.0
4.3701,18.5435,2855882,gneiss,Proterozoic,2050.0
4.5485,18.5435,2855882,gneiss,Proterozoic,2050.0
4.7269,18.5435,2855882,gneiss,Proterozoic,2050.0
4.9052,18.5435,2855882,gneiss,Proterozoic,2050.0
5.0836,18.5435,2855882,gneiss,Proterozoic,2050.0
5.2620,18.5435,2855882,gneiss,Proterozoic,2050.0
5.4403,18.5435,2855882,gneiss,Proterozoic,2050.0
5.6187,18.5435,2855882,gneiss,Proterozoic,2050.0
5.7971,18.5435,2855882,gneiss,Proterozoic,2050.0
5.9755,18.5435,2855882,gneiss,Proterozoic,2050.0
6.1538,18.5435,2855882,gneiss,Proterozoic,2050.0
6.3322,18.5435,2855882,gneiss,Proterozoic,2050.0
6.5106,18.5435,2855882,gneiss,Proterozoic,2050.0
6.6889,18.5435,2855882,gneiss,Proterozoic,2050.0
6.8673,18.5435,2855882,gneiss,Proterozoic,2050.0
7.0457,18.5435,2855882,gneiss,Proterozoic,2050.0
7.2241,18.5435,2855882,gneiss,Proterozoic,2050.0
7.4024,18.5435,2855882,gneiss,Proterozoic,2050.0
7.5808,18.5435,2855882,gneiss,Proterozoic,2050.0
7.7592,18.5435,2855882,gneiss,Proterozoic,2050.0
7.9376,18.5435,2855882,gneiss,Proterozoic,2050.0
8.1159,18.5435,2855882,gneiss,Proterozoic,2050.0
8.2943,18.5435,2855882,gneiss,Proterozoic,2050.0
8.4727,18.5435,2855882,gneiss,Proterozoic,2050.0
8.6510,18.5435,2855882,gneiss,Proterozoic,2050.0
8.8294,18.5435,2855882,gneiss,Proterozoic,2050.0
9.0078,18.5435,2855882,gneiss,Proterozoic,2050.0
9.1862,18.5435,2855882,gneiss,Proterozoic,2050.0
9.3645,18.5435,3001358,sandstone,Paleozoic,283.0
9.5429,18.5435,3001358,sandstone,Paleozoic,283.0
9.7213,18.5435,3001358,sandstone,Paleozoic,283.0
9.8996,18.5435,3006567,sandstone,Mesozoic,72.0
10.0780,18.5435,3006567,sandstone,Mesozoic,72.0
10.2564,18.5435,2954406,sandstone,Mesozoic,67.2
10.4348,18.5435,2954406,sandstone,Mesozoic,67.2
10.6131,18.5435,2954406,sandstone,Mesozoic,67.2
10.7915,18.5435,2954406,sandstone,Mesozoic,67.2
10.9699,18.5435,2954406,sandstone,Mesozoic,67.2
11.1482,18.5435,2954406,sandstone,Mesozoic,67.2
11.3266,18.5435,2954406,sandstone,Mesozoic,67.2
11.5050,18.5435,2954406,sandstone,Mesozoic,67.2
11.6834,18.5435,2954406,sandstone,Mesozoic,67.2
11.8617,18.5435,2954406,sandstone,Mesozoic,67.2
12.0401,18.5435,2954406,sandstone,Mesozoic,67.2
12.2185,18.5435,2954406,sandstone,Mesozoic,67.2
12.3968,18.5435,2954406,sandstone,Mesozoic,67.2
12.5752,18.5435,2954406,sandstone,Mesozoic,67.2
12.7536,18.5435,2954406,sandstone,Mesozoic,67.2
12.9320,18.5435,2954406,sandstone,Mesozoic,67.2
13.1103,18.5435,2954406,sandstone,Mesozoic,67.2
13.2887,18.5435,2954406,sandstone,Mesozoic,67.2
13.4671,18.5435,2954406,sandstone,Mesozoic,67.2
13.6455,18.5435,2954406,sandstone,Mesozoic,67.2
13.8238,18.5435,2954406,sandstone,Mesozoic,67.2
14.0022,18.5435,2954406,sandstone,Mesozoic,67.2
14.1806,18.5435,2954406,sandstone,Mesozoic,67.2
14.3589,18.5435,2966014,alluvium,Cenozoic,1.3
14.5373,18.5435,2966014,alluvium,Cenozoic,1.3
14.7157,18.5435,2966014,alluvium,Cenozoic,1.3
14.8941,18.5435,2966014,alluvium,Cenozoic,1.3
15.0724,18.5435,2966014,alluvium,Cenozoic,1.3
15.2508,18.5435,2966014,alluvium,Cenozoic,1.3
15.4292,18.5435,2966014,alluvium,Cenozoic,1.3
15.6075,18.5435,2966014,alluvium,Cenozoic,1.3
15.7859,18.5435,2966014,alluvium,Cenozoic,1.3
15.9643,18.5435,2966014,alluvium,Cenozoic,1.3
16.1427,18.5435,2966014,alluvium,Cenozoic,1.3
16.3210,18.5435,2966014,alluvium,Cenozoic,1.3
16.4994,18.5435,2966014,alluvium,Cenozoic,1.3
16.6778,18.5435,2966014,alluvium,Cenozoic,1.3
16.8561,18.5435,2966014,alluvium,Cenozoic,1.3
17.0345,18.5435,2971251,alluvium,Cenozoic,0.4
17.2129,18.5435,2971251,alluvium,Cenozoic,0.4
17.3913,18.5435,2971251,alluvium,Cenozoic,0.4
17.5696,18.5435,2971251,alluvium,Cenozoic,0.4
17.7480,18.5435,2971251,alluvium,Cenozoic,0.4
17.9264,18.5435,2971251,alluvium,Cenozoic,0.4
18.1048,18.5435,2971251,alluvium,Cenozoic,0.4
18.2831,18.5435,2971251,alluvium,Cenozoic,0.4
18.4615,18.5435,2971251,alluvium,Cenozoic,0.4
18.6399,18.5435,2971251,alluvium,Cenozoic,0.4
18.8182,18.5435,2971251,alluvium,Cenozoic,0.4
18.9966,18.5435,2971251,alluvium,Cenozoic,0.4
19.1750,18.5435,2954406,sandstone,Mesozoic,67.2
19.3534,18.5435,2954406,sandstone,Mesozoic,67.2
19.5317,18.5435,2954406,sandstone,Mesozoic,67.2
19.7101,18.5435,2954406,sandstone,Mesozoic,67.2
19.8885,18.5435,2954406,sandstone,Mesozoic,67.2
20.0668,18.5435,2954406,sandstone,Mesozoic,67.2
20.2452,18.5435,2954406,sandstone,Mesozoic,67.2
20.4236,18.5435,2954406,sandstone,Mesozoic,67.2
20.6020,18.5435,2954406,sandstone,Mesozoic,67.2
20.7803,18.5435,2954406,sandstone,Mesozoic,67.2
20.9587,18.5435,2954406,sandstone,Mesozoic,67.2
21.1371,18.5435,2954406,sandstone,Mesozoic,67.2
21.3154,18.5435,2954406,sandstone,Mesozoic,67.2
0.0892,18.7739,2855882,gneiss,Proterozoic,2050.0
0.2676,18.7739,2855882,gneiss,Proterozoic,2050.0
0.4459,18.7739,2855882,gneiss,Proterozoic,2050.0
0.6243,18.7739,2855882,gneiss,Proterozoic,2050.0
0.8027,18.7739,2855882,gneiss,Proterozoic,2050.0
0.9810,18.7739,2855882,gneiss,Proterozoic,2050.0
1.1594,18.7739,2855882,gneiss,Proterozoic,2050.0
1.3378,18.7739,2855882,gneiss,Proterozoic,2050.0
1.5162,18.7739,2855882,gneiss,Proterozoic,2050.0
1.6945,18.7739,2855882,gneiss,Proterozoic,2050.0
1.8729,18.7739,2855882,gneiss,Proterozoic,2050.0
2.0513,18.7739,2855882,gneiss,Proterozoic,2050.0
2.2296,18.7739,2855882,gneiss,Proterozoic,2050.0
2.4080,18.7739,2855882,gneiss,Proterozoic,2050.0
2.5864,18.7739,2855882,gneiss,Proterozoic,2050.0
2.7648,18.7739,2855882,gneiss,Proterozoic,2050.0
2.9431,18.7739,2855882,gneiss,Proterozoic,2050.0
3.1215,18.7739,2855882,gneiss,Proterozoic,2050.0
3.2999,18.7739,2855882,gneiss,Proterozoic,2050.0
3.4783,18.7739,2855882,gneiss,Proterozoic,2050.0
3.6566,18.7739,2855882,gneiss,Proterozoic,2050.0
3.8350,18.7739,2855882,gneiss,Proterozoic,2050.0
4.0134,18.7739,2855882,gneiss,Proterozoic,2050.0
4.1917,18.7739,2855882,gneiss,Proterozoic,2050.0
4.3701,18.7739,2855882,gneiss,Proterozoic,2050.0
4.5485,18.7739,2855882,gneiss,Proterozoic,2050.0
4.7269,18.7739,2855882,gneiss,Proterozoic,2050.0
4.9052,18.7739,2855882,gneiss,Proterozoic,2050.0
5.0836,18.7739,2855882,gneiss,Proterozoic,2050.0
5.2620,18.7739,2855882,gneiss,Proterozoic,2050.0
5.4403,18.7739,2855882,gneiss,Proterozoic,2050.0
5.6187,18.7739,2855882,gneiss,Proterozoic,2050.0
5.7971,18.7739,2855882,gneiss,Proterozoic,2050.0
5.9755,18.7739,2855882,gneiss,Proterozoic,2050.0
6.1538,18.7739,2855882,gneiss,Proterozoic,2050.0
6.3322,18.7739,2855882,gneiss,Proterozoic,2050.0
6.5106,18.7739,2855882,gneiss,Proterozoic,2050.0
6.6889,18.7739,2855882,gneiss,Proterozoic,2050.0
6.8673,18.7739,2855882,gneiss,Proterozoic,2050.0
7.0457,18.7739,2855882,gneiss,Proterozoic,2050.0
7.2241,18.7739,2855882,gneiss,Proterozoic,2050.0
7.4024,18.7739,2855882,gneiss,Proterozoic,2050.0
7.5808,18.7739,2855882,gneiss,Proterozoic,2050.0
7.7592,18.7739,2855882,gneiss,Proterozoic,2050.0
7.9376,18.7739,2855882,gneiss,Proterozoic,2050.0
8.1159,18.7739,2855882,gneiss,Proterozoic,2050.0
8.2943,18.7739,2855882,gneiss,Proterozoic,2050.0
8.4727,18.7739,2855882,gneiss,Proterozoic,2050.0
8.6510,18.7739,2855882,gneiss,Proterozoic,2050.0
8.8294,18.7739,2855882,gneiss,Proterozoic,2050.0
9.0078,18.7739,2855882,gneiss,Proterozoic,2050.0
9.1862,18.7739,2855882,gneiss,Proterozoic,2050.0
9.3645,18.7739,3001358,sandstone,Paleozoic,283.0
9.5429,18.7739,3001358,sandstone,Paleozoic,283.0
9.7213,18.7739,3006567,sandstone,Mesozoic,72.0
9.8996,18.7739,3006567,sandstone,Mesozoic,72.0
10.0780,18.7739,2954406,sandstone,Mesozoic,67.2
10.2564,18.7739,2954406,sandstone,Mesozoic,67.2
10.4348,18.7739,2954406,sandstone,Mesozoic,67.2
10.6131,18.7739,2954406,sandstone,Mesozoic,67.2
10.7915,18.7739,2954406,sandstone,Mesozoic,67.2
10.9699,18.7739,2954406,sandstone,Mesozoic,67.2
11.1482,18.7739,2954406,sandstone,Mesozoic,67.2
11.3266,18.7739,2954406,sandstone,Mesozoic,67.2
11.5050,18.7739,2954406,sandstone,Mesozoic,67.2
11.6834,18.7739,2954406,sandstone,Mesozoic,67.2
11.8617,18.7739,2954406,sandstone,Mesozoic,67.2
12.0401,18.7739,2954406,sandstone,Mesozoic,67.2
12.2185,18.7739,2954406,sandstone,Mesozoic,67.2
12.3968,18.7739,2954406,sandstone,Mesozoic,67.2
12.5752,18.7739,2954406,sandstone,Mesozoic,67.2
12.7536,18.7739,2954406,sandstone,Mesozoic,67.2
12.9320,18.7739,2954406,sandstone,Mesozoic,67.2
13.1103,18.7739,2954406,sandstone,Mesozoic,67.2
13.2887,18.7739,2954406,sandstone,Mesozoic,67.2
13.4671,18.7739,2954406,sandstone,Mesozoic,67.2
13.6455,18.7739,2966014,alluvium,Cenozoic,1.3
13.8238,18.7739,2966014,alluvium,Cenozoic,1.3
14.0022,18.7739,2966014,alluvium,Cenozoic,1.3
14.1806,18.7739,2966014,alluvium,Cenozoic,1.3
14.3589,18.7739,2966014,alluvium,Cenozoic,1.3
14.5373,18.7739,2966014,alluvium,Cenozoic,1.3
14.7157,18.7739,2966014,alluvium,Cenozoic,1.3
14.8941,18.7739,2966014,alluvium,Cenozoic,1.3
15.0724,18.7739,2966014,alluvium,Cenozoic,1.3
15.2508,18.7739,2966014,alluvium,Cenozoic,1.3
15.4292,18.7739,2966014,alluvium,Cenozoic,1.3
15.6075,18.7739,2966014,alluvium,Cenozoic,1.3
15.7859,18.7739,2966014,alluvium,Cenozoic,1.3
15.9643,18.7739,2966014,alluvium,Cenozoic,1.3
16.1427,18.7739,2966014,alluvium,Cenozoic,1.3
16.3210,18.7739,2966014,alluvium,Cenozoic,1.3
16.4994,18.7739,2966014,alluvium,Cenozoic,1.3
16.6778,18.7739,2966014,alluvium,Cenozoic,1.3
16.8561,18.7739,2966014,alluvium,Cenozoic,1.3
17.0345,18.7739,2966014,alluvium,Cenozoic,1.3
17.2129,18.7739,2966014,alluvium,Cenozoic,1.3
17.3913,18.7739,2966014,alluvium,Cenozoic,1.3
17.5696,18.7739,2966014,alluvium,Cenozoic,1.3
17.7480,18.7739,2971251,alluvium,Cenozoic,0.4
17.9264,18.7739,2971251,alluvium,Cenozoic,0.4
18.1048,18.7739,2971251,alluvium,Cenozoic,0.4
18.2831,18.7739,2971251,alluvium,Cenozoic,0.4
18.4615,18.7739,2971251,alluvium,Cenozoic,0.4
18.6399,18.7739,2971251,alluvium,Cenozoic,0.4
18.8182,18.7739,2971251,alluvium,Cenozoic,0.4
18.9966,18.7739,2971251,alluvium,Cenozoic,0.4
19.1750,18.7739,2971251,alluvium,Cenozoic,0.4
19.3534,18.7739,2971251,alluvium,Cenozoic,0.4
19.5317,18.7739,2954406,sandstone,Mesozoic,67.2
19.7101,18.7739,2954406,sandstone,Mesozoic,67.2
19.8885,18.7739,2954406,sandstone,Mesozoic,67.2
20.0668,18.7739,2954406,sandstone,Mesozoic,67.2
20.2452,18.7739,2954406,sandstone,Mesozoic,67.2
20.4236,18.7739,2954406,sandstone,Mesozoic,67.2
20.6020,18.7739,2954406,sandstone,Mesozoic,67.2
20.7803,18.7739,2954406,sandstone,Mesozoic,67.2
20.9587,18.7739,2954406,sandstone,Mesozoic,67.2
21.1371,18.7739,2954406,sandstone,Mesozoic,67.2
21.3154,18.7739,2954406,sandstone,Mesozoic,67.2
0.0892,19.0042,2855882,gneiss,Proterozoic,2050.0
0.2676,19.0042,2855882,gneiss,Proterozoic,2050.0
0.4459,19.0042,2855882,gneiss,Proterozoic,2050.0
0.6243,19.0042,2855882,gneiss,Proterozoic,2050.0
0.8027,19.0042,2855882,gneiss,Proterozoic,2050.0
0.9810,19.0042,2855882,gneiss,Proterozoic,2050.0
1.1594,19.0042,2855882,gneiss,Proterozoic,2050.0
1.3378,19.0042,2855882,gneiss,Proterozoic,2050.0
1.5162,19.0042,2855882,gneiss,Proterozoic,2050.0
1.6945,19.0042,2855882,gneiss,Proterozoic,2050.0
1.8729,19.0042,2855882,gneiss,Proterozoic,2050.0
2.0513,19.0042,2855882,gneiss,Proterozoic,2050.0
2.2296,19.0042,2855882,gneiss,Proterozoic,2050.0
2.4080,19.0042,2855882,gneiss,Proterozoic,2050.0
2.5864,19.0042,2855882,gneiss,Proterozoic,2050.0
2.7648,19.0042,2855882,gneiss,Proterozoic,2050.0
2.9431,19.0042,2855882,gneiss,Proterozoic,2050.0
3.1215,19.0042,2855882,gneiss,Proterozoic,2050.0
3.2999,19.0042,2855882,gneiss,Proterozoic,2050.0
3.4783,19.0042,2855882,gneiss,Proterozoic,2050.0
3.6566,19.0042,2855882,gneiss,Proterozoic,2050.0
3.8350,19.0042,2855882,gneiss,Proterozoic,2050.0
4.0134,19.0042,2855882,gneiss,Proterozoic,2050.0
4.1917,19.0042,2855882,gneiss,Proterozoic,2050.0
4.3701,19.0042,2855882,gneiss,Proterozoic,2050.0
4.5485,19.0042,2855882,gneiss,Proterozoic,2050.0
4.7269,19.0042,2855882,gneiss,Proterozoic,2050.0
4.9052,19.0042,2855882,gneiss,Proterozoic,2050.0
5.0836,19.0042,2855882,gneiss,Proterozoic,2050.0
5.2620,19.0042,2855882,gneiss,Proterozoic,2050.0
5.4403,19.0042,2855882,gneiss,Proterozoic,2050.0
5.6187,19.0042,2855882,gneiss,Proterozoic,2050.0
5.7971,19.0042,2855882,gneiss,Proterozoic,2050.0
5.9755,19.0042,2855882,gneiss,Proterozoic,2050.0
6.1538,19.0042,2855882,gneiss,Proterozoic,2050.0
6.3322,19.0042,2855882,gneiss,Proterozoic,2050.0
6.5106,19.0042,2855882,gneiss,Proterozoic,2050.0
6.6889,19.0042,2855882,gneiss,Proterozoic,2050.0
6.8673,19.0042,2855882,gneiss,Proterozoic,2050.0
7.0457,19.0042,2855882,gneiss,Proterozoic,2050.0
7.2241,19.0042,2855882,gneiss,Proterozoic,2050.0
7.4024,19.0042,2855882,gneiss,Proterozoic,2050.0
7.5808,19.0042,2855882,gneiss,Proterozoic,2050.0
7.7592,19.0042,2855882,gneiss,Proterozoic,2050.0
7.9376,19.0042,2855882,gneiss,Proterozoic,2050.0
8.1159,19.0042,2855882,gneiss,Proterozoic,2050.0
8.2943,19.0042,2855882,gneiss,Proterozoic,2050.0
8.4727,19.0042,2855882,gneiss,Proterozoic,2050.0
8.6510,19.0042,2855882,gneiss,Proterozoic,2050.0
8.8294,19.0042,2855882,gneiss,Proterozoic,2050.0
9.0078,19.0042,2855882,gneiss,Proterozoic,2050.0
9.1862,19.0042,2855882,gneiss,Proterozoic,2050.0
9.3645,19.0042,3001358,sandstone,Paleozoic,283.0
9.5429,19.0042,3001358,sandstone,Paleozoic,283.0
9.7213,19.0042,3006567,sandstone,Mesozoic,72.0
9.8996,19.0042,3006567,sandstone,Mesozoic,72.0
10.0780,19.0042,2954406,sandstone,Mesozoic,67.2
10.2564,19.0042,2954406,sandstone,Mesozoic,67.2
10.4348,19.0042,2954406,sandstone,Mesozoic,67.2
10.6131,19.0042,2954406,sandstone,Mesozoic,67.2
10.7915,19.0042,2954406,sandstone,Mesozoic,67.2
10.9699,19.0042,2977433,basalt,Mesozoic,66.2
11.1482,19.0042,2977433,basalt,Mesozoic,66.2
11.3266,19.0042,2977433,basalt,Mesozoic,66.2
11.5050,19.0042,2977433,basalt,Mesozoic,66.2
11.6834,19.0042,2977433,basalt,Mesozoic,66.2
11.8617,19.0042,2954406,sandstone,Mesozoic,67.2
12.0401,19.0042,2954406,sandstone,Mesozoic,67.2
12.2185,19.0042,2954406,sandstone,Mesozoic,67.2
12.3968,19.0042,2954406,sandstone,Mesozoic,67.2
12.5752,19.0042,2954406,sandstone,Mesozoic,67.2
12.7536,19.0042,2954406,sandstone,Mesozoic,67.2
12.9320,19.0042,2954406,sandstone,Mesozoic,67.2
13.1103,19.0042,2954406,sandstone,Mesozoic,67.2
13.2887,19.0042,2954406,sandstone,Mesozoic,67.2
13.4671,19.0042,2954406,sandstone,Mesozoic,67.2
13.6455,19.0042,2954406,sandstone,Mesozoic,67.2
13.8238,19.0042,2966014,alluvium,Cenozoic,1.3
14.0022,19.0042,2966014,alluvium,Cenozoic,1.3
14.1806,19.0042,2966014,alluvium,Cenozoic,1.3
14.3589,19.0042,2966014,alluvium,Cenozoic,1.3
14.5373,19.0042,2966014,alluvium,Cenozoic,1.3
14.7157,19.0042,2966014,alluvium,Cenozoic,1.3
14.8941,19.0042,2966014,alluvium,Cenozoic,1.3
15.0724,19.0042,2966014,alluvium,Cenozoic,1.3
15.2508,19.0042,2966014,alluvium,Cenozoic,1.3
15.4292,19.0042,2966014,alluvium,Cenozoic,1.3
15.6075,19.0042,2966014,alluvium,Cenozoic,1.3
15.7859,19.0042,2966014,alluvium,Cenozoic,1.3
15.9643,19.0042,2966014,alluvium,Cenozoic,1.3
16.1427,19.0042,2966014,alluvium,Cenozoic,1.3
16.3210,19.0042,2966014,alluvium,Cenozoic,1.3
16.4994,19.0042,2966014,alluvium,Cenozoic,1.3
16.6778,19.0042,2966014,alluvium,Cenozoic,1.3
16.8561,19.0042,2966014,alluvium,Cenozoic,1.3
17.0345,19.0042,2966014,alluvium,Cenozoic,1.3
17.2129,19.0042,2966014,alluvium,Cenozoic,1.3
17.3913,19.0042,2966014,alluvium,Cenozoic,1.3
17.5696,19.0042,2966014,alluvium,Cenozoic,1.3
17.7480,19.0042,2966014,alluvium,Cenozoic,1.3
17.9264,19.0042,2966014,alluvium,Cenozoic,1.3
18.1048,19.0042,2966014,alluvium,Cenozoic,1.3
18.2831,19.0042,2966014,alluvium,Cenozoic,1.3
18.4615,19.0042,2971251,alluvium,Cenozoic,0.4
18.6399,19.0042,2971251,alluvium,Cenozoic,0.4
18.8182,19.0042,2971251,alluvium,Cenozoic,0.4
18.9966,19.0042,2971251,alluvium,Cenozoic,0.4
19.1750,19.0042,2971251,alluvium,Cenozoic,0.4
19.3534,19.0042,2971251,alluvium,Cenozoic,0.4
19.5317,19.0042,2954406,sandstone,Mesozoic,67.2
19.7101,19.0042,2954406,sandstone,Mesozoic,67.2
19.8885,19.0042,2954406,sandstone,Mesozoic,67.2
20.0668,19.0042,2954406,sandstone,Mesozoic,67.2
20.2452,19.0042,2954406,sandstone,Mesozoic,67.2
20.4236,19.0042,2954406,sandstone,Mesozoic,67.2
20.6020,19.0042,2954406,sandstone,Mesozoic,67.2
20.7803,19.0042,2954406,sandstone,Mesozoic,67.2
20.9587,19.0042,2954406,sandstone,Mesozoic,67.2
21.1371,19.0042,2954406,sandstone,Mesozoic,67.2
21.3154,19.0042,2954406,sandstone,Mesozoic,67.2
0.0892,19.2346,2957947,gneiss,Proterozoic,2050.0
0.2676,19.2346,2957947,gneiss,Proterozoic,2050.0
0.4459,19.2346,2957947,gneiss,Proterozoic,2050.0
0.6243,19.2346,2855882,gneiss,Proterozoic,2050.0
0.8027,19.2346,2855882,gneiss,Proterozoic,2050.0
0.9810,19.2346,2855882,gneiss,Proterozoic,2050.0
1.1594,19.2346,2855882,gneiss,Proterozoic,2050.0
1.3378,19.2346,2855882,gneiss,Proterozoic,2050.0
1.5162,19.2346,2855882,gneiss,Proterozoic,2050.0
1.6945,19.2346,2855882,gneiss,Proterozoic,2050.0
1.8729,19.2346,2855882,gneiss,Proterozoic,2050.0
2.0513,19.2346,2855882,gneiss,Proterozoic,2050.0
2.2296,19.2346,2855882,gneiss,Proterozoic,2050.0
2.4080,19.2346,2855882,gneiss,Proterozoic,2050.0
2.5864,19.2346,2855882,gneiss,Proterozoic,2050.0
2.7648,19.2346,2855882,gneiss,Proterozoic,2050.0
2.9431,19.2346,2855882,gneiss,Proterozoic,2050.0
3.1215,19.2346,2855882,gneiss,Proterozoic,2050.0
3.2999,19.2346,2855882,gneiss,Proterozoic,2050.0
3.4783,19.2346,2855882,gneiss,Proterozoic,2050.0
3.6566,19.2346,2855882,gneiss,Proterozoic,2050.0
3.8350,19.2346,2855882,gneiss,Proterozoic,2050.0
4.0134,19.2346,2855882,gneiss,Proterozoic,2050.0
4.1917,19.2346,2855882,gneiss,Proterozoic,2050.0
4.3701,19.2346,2855882,gneiss,Proterozoic,2050.0
4.5485,19.2346,2855882,gneiss,Proterozoic,2050.0
4.7269,19.2346,2855882,gneiss,Proterozoic,2050.0
4.9052,19.2346,2855882,gneiss,Proterozoic,2050.0
5.0836,19.2346,2855882,gneiss,Proterozoic,2050.0
5.2620,19.2346,2855882,gneiss,Proterozoic,2050.0
5.4403,19.2346,2855882,gneiss,Proterozoic,2050.0
5.6187,19.2346,2855882,gneiss,Proterozoic,2050.0
5.7971,19.2346,2855882,gneiss,Proterozoic,2050.0
5.9755,19.2346,2855882,gneiss,Proterozoic,2050.0
6.1538,19.2346,2855882,gneiss,Proterozoic,2050.0
6.3322,19.2346,2855882,gneiss,Proterozoic,2050.0
6.5106,19.2346,2855882,gneiss,Proterozoic,2050.0
6.6889,19.2346,2855882,gneiss,Proterozoic,2050.0
6.8673,19.2346,2855882,gneiss,Proterozoic,2050.0
7.0457,19.2346,2855882,gneiss,Proterozoic,2050.0
7.2241,19.2346,2855882,gneiss,Proterozoic,2050.0
7.4024,19.2346,2855882,gneiss,Proterozoic,2050.0
7.5808,19.2346,2855882,gneiss,Proterozoic,2050.0
7.7592,19.2346,2855882,gneiss,Proterozoic,2050.0
7.9376,19.2346,2855882,gneiss,Proterozoic,2050.0
8.1159,19.2346,2855882,gneiss,Proterozoic,2050.0
8.2943,19.2346,2855882,gneiss,Proterozoic,2050.0
8.4727,19.2346,2855882,gneiss,Proterozoic,2050.0
8.6510,19.2346,2855882,gneiss,Proterozoic,2050.0
8.8294,19.2346,2855882,gneiss,Proterozoic,2050.0
9.0078,19.2346,2855882,gneiss,Proterozoic,2050.0
9.1862,19.2346,3001358,sandstone,Paleozoic,283.0
9.3645,19.2346,3001358,sandstone,Paleozoic,283.0
9.5429,19.2346,3001358,sandstone,Paleozoic,283.0
9.7213,19.2346,3006567,sandstone,Mesozoic,72.0
9.8996,19.2346,3006567,sandstone,Mesozoic,72.0
10.0780,19.2346,2954406,sandstone,Mesozoic,67.2
10.2564,19.2346,2954406,sandstone,Mesozoic,67.2
10.4348,19.2346,2954406,sandstone,Mesozoic,67.2
10.6131,19.2346,2954406,sandstone,Mesozoic,67.2
10.7915,19.2346,2977433,basalt,Mesozoic,66.2
10.9699,19.2346,2977433,basalt,Mesozoic,66.2
11.1482,19.2346,2977433,basalt,Mesozoic,66.2
11.3266,19.2346,2977433,basalt,Mesozoic,66.2
11.5050,19.2346,2977433,basalt,Mesozoic,66.2
11.6834,19.2346,2977433,basalt,Mesozoic,66.2
11.8617,19.2346,2977433,basalt,Mesozoic,66.2
12.0401,19.2346,2977433,basalt,Mesozoic,66.2
12.2185,19.2346,2954406,sandstone,Mesozoic,67.2
12.3968,19.2346,2954406,sandstone,Mesozoic,67.2
12.5752,19.2346,2954406,sandstone,Mesozoic,67.2
12.7536,19.2346,2954406,sandstone,Mesozoic,67.2
12.9320,19.2346,2954406,sandstone,Mesozoic,67.2
13.1103,19.2346,2954406,sandstone,Mesozoic,67.2
13.2887,19.2346,2954406,sandstone,Mesozoic,67.2
13.4671,19.2346,2954406,sandstone,Mesozoic,67.2
13.6455,19.2346,2954406,sandstone,Mesozoic,67.2
13.8238,19.2346,2954406,sandstone,Mesozoic,67.2
14.0022,19.2346,2954406,sandstone,Mesozoic,67.2
14.1806,19.2346,2960063,alluvium,Cenozoic,0.4
14.3589,19.2346,2960063,alluvium,Cenozoic,0.4
14.5373,19.2346,2966014,alluvium,Cenozoic,1.3
14.7157,19.2346,2966014,alluvium,Cenozoic,1.3
14.8941,19.2346,2966014,alluvium,Cenozoic,1.3
15.0724,19.2346,2966014,alluvium,Cenozoic,1.3
15.2508,19.2346,2966014,alluvium,Cenozoic,1.3
15.4292,19.2346,2966014,alluvium,Cenozoic,1.3
15.6075,19.2346,2966014,alluvium,Cenozoic,1.3
15.7859,19.2346,2966014,alluvium,Cenozoic,1.3
15.9643,19.2346,2966014,alluvium,Cenozoic,1.3
16.1427,19.2346,2966014,alluvium,Cenozoic,1.3
16.3210,19.2346,2966014,alluvium,Cenozoic,1.3
16.4994,19.2346,2966014,alluvium,Cenozoic,1.3
16.6778,19.2346,2966014,alluvium,Cenozoic,1.3
16.8561,19.2346,2966014,alluvium,Cenozoic,1.3
17.0345,19.2346,2966014,alluvium,Cenozoic,1.3
17.2129,19.2346,2966014,alluvium,Cenozoic,1.3
17.3913,19.2346,2966014,alluvium,Cenozoic,1.3
17.5696,19.2346,2966014,alluvium,Cenozoic,1.3
17.7480,19.2346,2966014,alluvium,Cenozoic,1.3
17.9264,19.2346,2966014,alluvium,Cenozoic,1.3
18.1048,19.2346,2966014,alluvium,Cenozoic,1.3
18.2831,19.2346,2966014,alluvium,Cenozoic,1.3
18.4615,19.2346,2966014,alluvium,Cenozoic,1.3
18.6399,19.2346,2966014,alluvium,Cenozoic,1.3
18.8182,19.2346,2966014,alluvium,Cenozoic,1.3
18.9966,19.2346,2966014,alluvium,Cenozoic,1.3
19.1750,19.2346,2966014,alluvium,Cenozoic,1.3
19.3534,19.2346,2966014,alluvium,Cenozoic,1.3
19.5317,19.2346,2966014,alluvium,Cenozoic,1.3
19.7101,19.2346,2966014,alluvium,Cenozoic,1.3
19.8885,19.2346,2966014,alluvium,Cenozoic,1.3
20.0668,19.2346,2954406,sandstone,Mesozoic,67.2
20.2452,19.2346,2954406,sandstone,Mesozoic,67.2
20.4236,19.2346,2966014,alluvium,Cenozoic,1.3
20.6020,19.2346,2966014,alluvium,Cenozoic,1.3
20.7803,19.2346,2966014,alluvium,Cenozoic,1.3
20.9587,19.2346,2966014,alluvium,Cenozoic,1.3
21.1371,19.2346,2954406,sandstone,Mesozoic,67.2
21.3154,19.2346,2954406,sandstone,Mesozoic,67.2
0.0892,19.4649,2957947,gneiss,Proterozoic,2050.0
0.2676,19.4649,2957947,gneiss,Proterozoic,2050.0
0.4459,19.4649,2957947,gneiss,Proterozoic,2050.0
0.6243,19.4649,2957947,gneiss,Proterozoic,2050.0
0.8027,19.4649,2957947,gneiss,Proterozoic,2050.0
0.9810,19.4649,2855882,gneiss,Proterozoic,2050.0
1.1594,19.4649,2855882,gneiss,Proterozoic,2050.0
1.3378,19.4649,2855882,gneiss,Proterozoic,2050.0
1.5162,19.4649,2855882,gneiss,Proterozoic,2050.0
1.6945,19.4649,2855882,gneiss,Proterozoic,2050.0
1.8729,19.4649,2855882,gneiss,Proterozoic,2050.0
2.0513,19.4649,2855882,gneiss,Proterozoic,2050.0
2.2296,19.4649,2855882,gneiss,Proterozoic,2050.0
2.4080,19.4649,2855882,gneiss,Proterozoic,2050.0
2.5864,19.4649,2855882,gneiss,Proterozoic,2050.0
2.7648,19.4649,2855882,gneiss,Proterozoic,2050.0
2.9431,19.4649,2855882,gneiss,Proterozoic,2050.0
3.1215,19.4649,2855882,gneiss,Proterozoic,2050.0
3.2999,19.4649,2855882,gneiss,Proterozoic,2050.0
3.4783,19.4649,2855882,gneiss,Proterozoic,2050.0
3.6566,19.4649,2855882,gneiss,Proterozoic,2050.0
3.8350,19.4649,2855882,gneiss,Proterozoic,2050.0
4.0134,19.4649,2855882,gneiss,Proterozoic,2050.0
4.1917,19.4649,2855882,gneiss,Proterozoic,2050.0
4.3701,19.4649,2855882,gneiss,Proterozoic,2050.0
4.5485,19.4649,2855882,gneiss,Proterozoic,2050.0
4.7269,19.4649,2855882,gneiss,Proterozoic,2050.0
4.9052,19.4649,2855882,gneiss,Proterozoic,2050.0
5.0836,19.4649,2855882,gneiss,Proterozoic,2050.0
5.2620,19.4649,2855882,gneiss,Proterozoic,2050.0
5.4403,19.4649,2855882,gneiss,Proterozoic,2050.0
5.6187,19.4649,2855882,gneiss,Proterozoic,2050.0
5.7971,19.4649,2855882,gneiss,Proterozoic,2050.0
5.9755,19.4649,2855882,gneiss,Proterozoic,2050.0
6.1538,19.4649,2855882,gneiss,Proterozoic,2050.0
6.3322,19.4649,2855882,gneiss,Proterozoic,2050.0
6.5106,19.4649,2855882,gneiss,Proterozoic,2050.0
6.6889,19.4649,2855882,gneiss,Proterozoic,2050.0
6.8673,19.4649,2855882,gneiss,Proterozoic,2050.0
7.0457,19.4649,2855882,gneiss,Proterozoic,2050.0
7.2241,19.4649,2855882,gneiss,Proterozoic,2050.0
7.4024,19.4649,2855882,gneiss,Proterozoic,2050.0
7.5808,19.4649,2855882,gneiss,Proterozoic,2050.0
7.7592,19.4649,2855882,gneiss,Proterozoic,2050.0
7.9376,19.4649,2855882,gneiss,Proterozoic,2050.0
8.1159,19.4649,2855882,gneiss,Proterozoic,2050.0
8.2943,19.4649,2855882,gneiss,Proterozoic,2050.0
8.4727,19.4649,2855882,gneiss,Proterozoic,2050.0
8.6510,19.4649,2855882,gneiss,Proterozoic,2050.0
8.8294,19.4649,2855882,gneiss,Proterozoic,2050.0
9.0078,19.4649,2855882,gneiss,Proterozoic,2050.0
9.1862,19.4649,3001358,sandstone,Paleozoic,283.0
9.3645,19.4649,3001358,sandstone,Paleozoic,283.0
9.5429,19.4649,3001358,sandstone,Paleozoic,283.0
9.7213,19.4649,3006567,sandstone,Mesozoic,72.0
9.8996,19.4649,3006567,sandstone,Mesozoic,72.0
10.0780,19.4649,2954406,sandstone,Mesozoic,67.2
10.2564,19.4649,2954406,sandstone,Mesozoic,67.2
10.4348,19.4649,2954406,sandstone,Mesozoic,67.2
10.6131,19.4649,2954406,sandstone,Mesozoic,67.2
10.7915,19.4649,2977433,basalt,Mesozoic,66.2
10.9699,19.4649,2977433,basalt,Mesozoic,66.2
11.1482,19.4649,2977433,basalt,Mesozoic,66.2
11.3266,19.4649,2977433,basalt,Mesozoic,66.2
11.5050,19.4649,2977433,basalt,Mesozoic,66.2
11.6834,19.4649,2977433,basalt,Mesozoic,66.2
11.8617,19.4649,2977433,basalt,Mesozoic,66.2
12.0401,19.4649,2977433,basalt,Mesozoic,66.2
12.2185,19.4649,2977433,basalt,Mesozoic,66.2
12.3968,19.4649,2977433,basalt,Mesozoic,66.2
12.5752,19.4649,2954406,sandstone,Mesozoic,67.2
12.7536,19.4649,2954406,sandstone,Mesozoic,67.2
12.9320,19.4649,2954406,sandstone,Mesozoic,67.2
13.1103,19.4649,2954406,sandstone,Mesozoic,67.2
13.2887,19.4649,2954406,sandstone,Mesozoic,67.2
13.4671,19.4649,2954406,sandstone,Mesozoic,67.2
13.6455,19.4649,2954406,sandstone,Mesozoic,67.2
13.8238,19.4649,2954406,sandstone,Mesozoic,67.2
14.0022,19.4649,2954406,sandstone,Mesozoic,67.2
14.1806,19.4649,2960063,alluvium,Cenozoic,0.4
14.3589,19.4649,2960063,alluvium,Cenozoic,0.4
14.5373,19.4649,2960063,alluvium,Cenozoic,0.4
14.7157,19.4649,2960063,alluvium,Cenozoic,0.4
14.8941,19.4649,2960063,alluvium,Cenozoic,0.4
15.0724,19.4649,2960063,alluvium,Cenozoic,0.4
15.2508,19.4649,2966014,alluvium,Cenozoic,1.3
15.4292,19.4649,2966014,alluvium,Cenozoic,1.3
15.6075,19.4649,2966014,alluvium,Cenozoic,1.3
15.7859,19.4649,2966014,alluvium,Cenozoic,1.3
15.9643,19.4649,2966014,alluvium,Cenozoic,1.3
16.1427,19.4649,2966014,alluvium,Cenozoic,1.3
16.3210,19.4649,2966014,alluvium,Cenozoic,1.3
16.4994,19.4649,2966014,alluvium,Cenozoic,1.3
16.6778,19.4649,2966014,alluvium,Cenozoic,1.3
16.8561,19.4649,2966014,alluvium,Cenozoic,1.3
17.0345,19.4649,2966014,alluvium,Cenozoic,1.3
17.2129,19.4649,2966014,alluvium,Cenozoic,1.3
17.3913,19.4649,2966014,alluvium,Cenozoic,1.3
17.5696,19.4649,2966014,alluvium,Cenozoic,1.3
17.7480,19.4649,2966014,alluvium,Cenozoic,1.3
17.9264,19.4649,2966014,alluvium,Cenozoic,1.3
18.1048,19.4649,2966014,alluvium,Cenozoic,1.3
18.2831,19.4649,2966014,alluvium,Cenozoic,1.3
18.4615,19.4649,2966014,alluvium,Cenozoic,1.3
18.6399,19.4649,2966014,alluvium,Cenozoic,1.3
18.8182,19.4649,2966014,alluvium,Cenozoic,1.3
18.9966,19.4649,2966014,alluvium,Cenozoic,1.3
19.1750,19.4649,2966014,alluvium,Cenozoic,1.3
19.3534,19.4649,2966014,alluvium,Cenozoic,1.3
19.5317,19.4649,2966014,alluvium,Cenozoic,1.3
19.7101,19.4649,2966014,alluvium,Cenozoic,1.3
19.8885,19.4649,2966014,alluvium,Cenozoic,1.3
20.0668,19.4649,2966014,alluvium,Cenozoic,1.3
20.2452,19.4649,2966014,alluvium,Cenozoic,1.3
20.4236,19.4649,2966014,alluvium,Cenozoic,1.3
20.6020,19.4649,2966014,alluvium,Cenozoic,1.3
20.7803,19.4649,2966014,alluvium,Cenozoic,1.3
20.9587,19.4649,2966014,alluvium,Cenozoic,1.3
21.1371,19.4649,2966014,alluvium,Cenozoic,1.3
21.3154,19.4649,2966014,alluvium,Cenozoic,1.3
0.0892,19.6953,2957947,gneiss,Proterozoic,2050.0
0.2676,19.6953,2957947,gneiss,Proterozoic,2050.0
0.4459,19.6953,2957947,gneiss,Proterozoic,2050.0
0.6243,19.6953,2957947,gneiss,Proterozoic,2050.0
0.8027,19.6953,2855882,gneiss,Proterozoic,2050.0
0.9810,19.6953,2855882,gneiss,Proterozoic,2050.0
1.1594,19.6953,2855882,gneiss,Proterozoic,2050.0
1.3378,19.6953,2855882,gneiss,Proterozoic,2050.0
1.5162,19.6953,2855882,gneiss,Proterozoic,2050.0
1.6945,19.6953,2855882,gneiss,Proterozoic,2050.0
1.8729,19.6953,2855882,gneiss,Proterozoic,2050.0
2.0513,19.6953,2855882,gneiss,Proterozoic,2050.0
2.2296,19.6953,2855882,gneiss,Proterozoic,2050.0
2.4080,19.6953,2855882,gneiss,Proterozoic,2050.0
2.5864,19.6953,2855882,gneiss,Proterozoic,2050.0
2.7648,19.6953,2855882,gneiss,Proterozoic,2050.0
2.9431,19.6953,2855882,gneiss,Proterozoic,2050.0
3.1215,19.6953,2855882,gneiss,Proterozoic,2050.0
3.2999,19.6953,2855882,gneiss,Proterozoic,2050.0
3.4783,19.6953,2855882,gneiss,Proterozoic,2050.0
3.6566,19.6953,2855882,gneiss,Proterozoic,2050.0
3.8350,19.6953,2855882,gneiss,Proterozoic,2050.0
4.0134,19.6953,2855882,gneiss,Proterozoic,2050.0
4.1917,19.6953,2855882,gneiss,Proterozoic,2050.0
4.3701,19.6953,2855882,gneiss,Proterozoic,2050.0
4.5485,19.6953,2855882,gneiss,Proterozoic,2050.0
4.7269,19.6953,2855882,gneiss,Proterozoic,2050.0
4.9052,19.6953,2855882,gneiss,Proterozoic,2050.0
5.0836,19.6953,2855882,gneiss,Proterozoic,2050.0
5.2620,19.6953,2855882,gneiss,Proterozoic,2050.0
5.4403,19.6953,2855882,gneiss,Proterozoic,2050.0
5.6187,19.6953,2855882,gneiss,Proterozoic,2050.0
5.7971,19.6953,2855882,gneiss,Proterozoic,2050.0
5.9755,19.6953,2855882,gneiss,Proterozoic,2050.0
6.1538,19.6953,2855882,gneiss,Proterozoic,2050.0
6.3322,19.6953,2855882,gneiss,Proterozoic,2050.0
6.5106,19.6953,2855882,gneiss,Proterozoic,2050.0
6.6889,19.6953,2855882,gneiss,Proterozoic,2050.0
6.8673,19.6953,2855882,gneiss,Proterozoic,2050.0
7.0457,19.6953,2855882,gneiss,Proterozoic,2050.0
7.2241,19.6953,2855882,gneiss,Proterozoic,2050.0
7.4024,19.6953,2855882,gneiss,Proterozoic,2050.0
7.5808,19.6953,2855882,gneiss,Proterozoic,2050.0
7.7592,19.6953,2855882,gneiss,Proterozoic,2050.0
7.9376,19.6953,2855882,gneiss,Proterozoic,2050.0
8.1159,19.6953,2855882,gneiss,Proterozoic,2050.0
8.2943,19.6953,2855882,gneiss,Proterozoic,2050.0
8.4727,19.6953,2855882,gneiss,Proterozoic,2050.0
8.6510,19.6953,2855882,gneiss,Proterozoic,2050.0
8.8294,19.6953,2855882,gneiss,Proterozoic,2050.0
9.0078,19.6953,2855882,gneiss,Proterozoic,2050.0
9.1862,19.6953,3001358,sandstone,Paleozoic,283.0
9.3645,19.6953,3001358,sandstone,Paleozoic,283.0
9.5429,19.6953,3001358,sandstone,Paleozoic,283.0
9.7213,19.6953,3006567,sandstone,Mesozoic,72.0
9.8996,19.6953,3006567,sandstone,Mesozoic,72.0
10.0780,19.6953,2954406,sandstone,Mesozoic,67.2
10.2564,19.6953,2954406,sandstone,Mesozoic,67.2
10.4348,19.6953,2954406,sandstone,Mesozoic,67.2
10.6131,19.6953,2977433,basalt,Mesozoic,66.2
10.7915,19.6953,2977433,basalt,Mesozoic,66.2
10.9699,19.6953,2977433,basalt,Mesozoic,66.2
11.1482,19.6953,2977433,basalt,Mesozoic,66.2
11.3266,19.6953,2977433,basalt,Mesozoic,66.2
11.5050,19.6953,2977433,basalt,Mesozoic,66.2
11.6834,19.6953,2977433,basalt,Mesozoic,66.2
11.8617,19.6953,2977433,basalt,Mesozoic,66.2
12.0401,19.6953,2977433,basalt,Mesozoic,66.2
12.2185,19.6953,2977433,basalt,Mesozoic,66.2
12.3968,19.6953,2977433,basalt,Mesozoic,66.2
12.5752,19.6953,2977433,basalt,Mesozoic,66.2
12.7536,19.6953,2954406,sandstone,Mesozoic,67.2
12.9320,19.6953,2954406,sandstone,Mesozoic,67.2
13.1103,19.6953,2954406,sandstone,Mesozoic,67.2
13.2887,19.6953,2954406,sandstone,Mesozoic,67.2
13.4671,19.6953,2954406,sandstone,Mesozoic,67.2
13.6455,19.6953,2954406,sandstone,Mesozoic,67.2
13.8238,19.6953,2954406,sandstone,Mesozoic,67.2
14.0022,19.6953,2954406,sandstone,Mesozoic,67.2
14.1806,19.6953,2960063,alluvium,Cenozoic,0.4
14.3589,19.6953,2960063,alluvium,Cenozoic,0.4
14.5373,19.6953,2960063,alluvium,Cenozoic,0.4
14.7157,19.6953,2960063,alluvium,Cenozoic,0.4
14.8941,19.6953,2960063,alluvium,Cenozoic,0.4
15.0724,19.6953,2960063,alluvium,Cenozoic,0.4
15.2508,19.6953,2960063,alluvium,Cenozoic,0.4
15.4292,19.6953,2960063,alluvium,Cenozoic,0.4
15.6075,19.6953,2960063,alluvium,Cenozoic,0.4
15.7859,19.6953,2960063,alluvium,Cenozoic,0.4
15.9643,19.6953,2966014,alluvium,Cenozoic,1.3
16.1427,19.6953,2966014,alluvium,Cenozoic,1.3
16.3210,19.6953,2966014,alluvium,Cenozoic,1.3
16.4994,19.6953,2966014,alluvium,Cenozoic,1.3
16.6778,19.6953,2966014,alluvium,Cenozoic,1.3
16.8561,19.6953,2966014,alluvium,Cenozoic,1.3
17.0345,19.6953,2966014,alluvium,Cenozoic,1.3
17.2129,19.6953,2966014,alluvium,Cenozoic,1.3
17.3913,19.6953,2966014,alluvium,Cenozoic,1.3
17.5696,19.6953,2966014,alluvium,Cenozoic,1.3
17.7480,19.6953,2966014,alluvium,Cenozoic,1.3
17.9264,19.6953,2966014,alluvium,Cenozoic,1.3
18.1048,19.6953,2966014,alluvium,Cenozoic,1.3
18.2831,19.6953,2966014,alluvium,Cenozoic,1.3
18.4615,19.6953,2966014,alluvium,Cenozoic,1.3
18.6399,19.6953,2966014,alluvium,Cenozoic,1.3
18.8182,19.6953,2966014,alluvium,Cenozoic,1.3
18.9966,19.6953,2966014,alluvium,Cenozoic,1.3
19.1750,19.6953,2966014,alluvium,Cenozoic,1.3
19.3534,19.6953,2966014,alluvium,Cenozoic,1.3
19.5317,19.6953,2966014,alluvium,Cenozoic,1.3
19.7101,19.6953,2966014,alluvium,Cenozoic,1.3
19.8885,19.6953,2966014,alluvium,Cenozoic,1.3
20.0668,19.6953,2966014,alluvium,Cenozoic,1.3
20.2452,19.6953,2966014,alluvium,Cenozoic,1.3
20.4236,19.6953,2966014,alluvium,Cenozoic,1.3
20.6020,19.6953,2966014,alluvium,Cenozoic,1.3
20.7803,19.6953,2966014,alluvium,Cenozoic,1.3
20.9587,19.6953,2966014,alluvium,Cenozoic,1.3
21.1371,19.6953,2966014,alluvium,Cenozoic,1.3
21.3154,19.6953,2966014,alluvium,Cenozoic,1.3
0.0892,19.9256,2957947,gneiss,Proterozoic,2050.0
0.2676,19.9256,2957947,gneiss,Proterozoic,2050.0
0.4459,19.9256,2957947,gneiss,Proterozoic,2050.0
0.6243,19.9256,2855882,gneiss,Proterozoic,2050.0
0.8027,19.9256,2855882,gneiss,Proterozoic,2050.0
0.9810,19.9256,2855882,gneiss,Proterozoic,2050.0
1.1594,19.9256,2855882,gneiss,Proterozoic,2050.0
1.3378,19.9256,2855882,gneiss,Proterozoic,2050.0
1.5162,19.9256,2855882,gneiss,Proterozoic,2050.0
1.6945,19.9256,2855882,gneiss,Proterozoic,2050.0
1.8729,19.9256,2855882,gneiss,Proterozoic,2050.0
2.0513,19.9256,2855882,gneiss,Proterozoic,2050.0
2.2296,19.9256,2855882,gneiss,Proterozoic,2050.0
2.4080,19.9256,2855882,gneiss,Proterozoic,2050.0
2.5864,19.9256,2855882,gneiss,Proterozoic,2050.0
2.7648,19.9256,2855882,gneiss,Proterozoic,2050.0
2.9431,19.9256,2855882,gneiss,Proterozoic,2050.0
3.1215,19.9256,2855882,gneiss,Proterozoic,2050.0
3.2999,19.9256,2855882,gneiss,Proterozoic,2050.0
3.4783,19.9256,2855882,gneiss,Proterozoic,2050.0
3.6566,19.9256,2855882,gneiss,Proterozoic,2050.0
3.8350,19.9256,2855882,gneiss,Proterozoic,2050.0
4.0134,19.9256,2855882,gneiss,Proterozoic,2050.0
4.1917,19.9256,2855882,gneiss,Proterozoic,2050.0
4.3701,19.9256,2855882,gneiss,Proterozoic,2050.0
4.5485,19.9256,2855882,gneiss,Proterozoic,2050.0
4.7269,19.9256,2855882,gneiss,Proterozoic,2050.0
4.9052,19.9256,2855882,gneiss,Proterozoic,2050.0
5.0836,19.9256,2855882,gneiss,Proterozoic,2050.0
5.2620,19.9256,2855882,gneiss,Proterozoic,2050.0
5.4403,19.9256,2855882,gneiss,Proterozoic,2050.0
5.6187,19.9256,2855882,gneiss,Proterozoic,2050.0
5.7971,19.9256,2855882,gneiss,Proterozoic,2050.0
5.9755,19.9256,2855882,gneiss,Proterozoic,2050.0
6.1538,19.9256,2855882,gneiss,Proterozoic,2050.0
6.3322,19.9256,2855882,gneiss,Proterozoic,2050.0
6.5106,19.9256,2855882,gneiss,Proterozoic,2050.0
6.6889,19.9256,2855882,gneiss,Proterozoic,2050.0
6.8673,19.9256,2855882,gneiss,Proterozoic,2050.0
7.0457,19.9256,2855882,gneiss,Proterozoic,2050.0
7.2241,19.9256,2855882,gneiss,Proterozoic,2050.0
7.4024,19.9256,2855882,gneiss,Proterozoic,2050.0
7.5808,19.9256,2855882,gneiss,Proterozoic,2050.0
7.7592,19.9256,2855882,gneiss,Proterozoic,2050.0
7.9376,19.9256,2855882,gneiss,Proterozoic,2050.0
8.1159,19.9256,2855882,gneiss,Proterozoic,2050.0
8.2943,19.9256,2855882,gneiss,Proterozoic,2050.0
8.4727,19.9256,2855882,gneiss,Proterozoic,2050.0
8.6510,19.9256,2855882,gneiss,Proterozoic,2050.0
8.8294,19.9256,2855882,gneiss,Proterozoic,2050.0
9.0078,19.9256,3001358,sandstone,Paleozoic,283.0
9.1862,19.9256,3001358,sandstone,Paleozoic,283.0
9.3645,19.9256,3001358,sandstone,Paleozoic,283.0
9.5429,19.9256,3001358,sandstone,Paleozoic,283.0
9.7213,19.9256,3006567,sandstone,Mesozoic,72.0
9.8996,19.9256,3006567,sandstone,Mesozoic,72.0
10.0780,19.9256,2954406,sandstone,Mesozoic,67.2
10.2564,19.9256,2954406,sandstone,Mesozoic,67.2
10.4348,19.9256,2954406,sandstone,Mesozoic,67.2
10.6131,19.9256,2977433,basalt,Mesozoic,66.2
10.7915,19.9256,2977433,basalt,Mesozoic,66.2
10.9699,19.9256,2977433,basalt,Mesozoic,66.2
11.1482,19.9256,2977433,basalt,Mesozoic,66.2
11.3266,19.9256,2977433,basalt,Mesozoic,66.2
11.5050,19.9256,2977433,basalt,Mesozoic,66.2
11.6834,19.9256,2977433,basalt,Mesozoic,66.2
11.8617,19.9256,2977433,basalt,Mesozoic,66.2
12.0401,19.9256,2977433,basalt,Mesozoic,66.2
12.2185,19.9256,2977433,basalt,Mesozoic,66.2
12.3968,19.9256,2977433,basalt,Mesozoic,66.2
12.5752,19.9256,2977433,basalt,Mesozoic,66.2
12.7536,19.9256,2954406,sandstone,Mesozoic,67.2
12.9320,19.9256,2954406,sandstone,Mesozoic,67.2
13.1103,19.9256,2954406,sandstone,Mesozoic,67.2
13.2887,19.9256,2954406,sandstone,Mesozoic,67.2
13.4671,19.9256,2954406,sandstone,Mesozoic,67.2
13.6455,19.9256,2954406,sandstone,Mesozoic,67.2
13.8238,19.9256,2954406,sandstone,Mesozoic,67.2
14.0022,19.9256,2954406,sandstone,Mesozoic,67.2
14.1806,19.9256,2960063,alluvium,Cenozoic,0.4
14.3589,19.9256,2960063,alluvium,Cenozoic,0.4
14.5373,19.9256,2960063,alluvium,Cenozoic,0.4
14.7157,19.9256,2960063,alluvium,Cenozoic,0.4
14.8941,19.9256,2960063,alluvium,Cenozoic,0.4
15.0724,19.9256,2960063,alluvium,Cenozoic,0.4
15.2508,19.9256,2960063,alluvium,Cenozoic,0.4
15.4292,19.9256,2960063,alluvium,Cenozoic,0.4
15.6075,19.9256,2960063,alluvium,Cenozoic,0.4
15.7859,19.9256,2960063,alluvium,Cenozoic,0.4
15.9643,19.9256,2960063,alluvium,Cenozoic,0.4
16.1427,19.9256,2960063,alluvium,Cenozoic,0.4
16.3210,19.9256,2960063,alluvium,Cenozoic,0.4
16.4994,19.9256,2960063,alluvium,Cenozoic,0.4
16.6778,19.9256,2960063,alluvium,Cenozoic,0.4
16.8561,19.9256,2966014,alluvium,Cenozoic,1.3
17.0345,19.9256,2966014,alluvium,Cenozoic,1.3
17.2129,19.9256,2966014,alluvium,Cenozoic,1.3
17.3913,19.9256,2966014,alluvium,Cenozoic,1.3
17.5696,19.9256,2966014,alluvium,Cenozoic,1.3
17.7480,19.9256,2966014,alluvium,Cenozoic,1.3
17.9264,19.9256,2966014,alluvium,Cenozoic,1.3
18.1048,19.9256,2966014,alluvium,Cenozoic,1.3
18.2831,19.9256,2966014,alluvium,Cenozoic,1.3
18.4615,19.9256,2966014,alluvium,Cenozoic,1.3
18.6399,19.9256,2966014,alluvium,Cenozoic,1.3
18.8182,19.9256,2966014,alluvium,Cenozoic,1.3
18.9966,19.9256,2966014,alluvium,Cenozoic,1.3
19.1750,19.9256,2966014,alluvium,Cenozoic,1.3
19.3534,19.9256,2966014,alluvium,Cenozoic,1.3
19.5317,19.9256,2966014,alluvium,Cenozoic,1.3
19.7101,19.9256,2966014,alluvium,Cenozoic,1.3
19.8885,19.9256,2966014,alluvium,Cenozoic,1.3
20.0668,19.9256,2966014,alluvium,Cenozoic,1.3
20.2452,19.9256,2966014,alluvium,Cenozoic,1.3
20.4236,19.9256,2966014,alluvium,Cenozoic,1.3
20.6020,19.9256,2966014,alluvium,Cenozoic,1.3
20.7803,19.9256,2966014,alluvium,Cenozoic,1.3
20.9587,19.9256,2966014,alluvium,Cenozoic,1.3
21.1371,19.9256,2966014,alluvium,Cenozoic,1.3
21.3154,19.9256,2966014,alluvium,Cenozoic,1.3
0.0892,20.1560,2957947,gneiss,Proterozoic,2050.0
0.2676,20.1560,2957947,gneiss,Proterozoic,2050.0
0.4459,20.1560,2855882,gneiss,Proterozoic,2050.0
0.6243,20.1560,2855882,gneiss,Proterozoic,2050.0
0.8027,20.1560,2855882,gneiss,Proterozoic,2050.0
0.9810,20.1560,2855882,gneiss,Proterozoic,2050.0
1.1594,20.1560,2855882,gneiss,Proterozoic,2050.0
1.3378,20.1560,2855882,gneiss,Proterozoic,2050.0
1.5162,20.1560,2855882,gneiss,Proterozoic,2050.0
1.6945,20.1560,2855882,gneiss,Proterozoic,2050.0
1.8729,20.1560,2855882,gneiss,Proterozoic,2050.0
2.0513,20.1560,2855882,gneiss,Proterozoic,2050.0
2.2296,20.1560,2855882,gneiss,Proterozoic,2050.0
2.4080,20.1560,2855882,gneiss,Proterozoic,2050.0
2.5864,20.1560,2855882,gneiss,Proterozoic,2050.0
2.7648,20.1560,2855882,gneiss,Proterozoic,2050.0
2.9431,20.1560,2855882,gneiss,Proterozoic,2050.0
3.1215,20.1560,2855882,gneiss,Proterozoic,2050.0
3.2999,20.1560,2855882,gneiss,Proterozoic,2050.0
3.4783,20.1560,2855882,gneiss,Proterozoic,2050.0
3.6566,20.1560,2855882,gneiss,Proterozoic,2050.0
3.8350,20.1560,2855882,gneiss,Proterozoic,2050.0
4.0134,20.1560,2855882,gneiss,Proterozoic,2050.0
4.1917,20.1560,2855882,gneiss,Proterozoic,2050.0
4.3701,20.1560,2855882,gneiss,Proterozoic,2050.0
4.5485,20.1560,2855882,gneiss,Proterozoic,2050.0
4.7269,20.1560,2855882,gneiss,Proterozoic,2050.0
4.9052,20.1560,2855882,gneiss,Proterozoic,2050.0
5.0836,20.1560,2855882,gneiss,Proterozoic,2050.0
5.2620,20.1560,2855882,gneiss,Proterozoic,2050.0
5.4403,20.1560,2855882,gneiss,Proterozoic,2050.0
5.6187,20.1560,2855882,gneiss,Proterozoic,2050.0
5.7971,20.1560,2855882,gneiss,Proterozoic,2050.0
5.9755,20.1560,2855882,gneiss,Proterozoic,2050.0
6.1538,20.1560,2855882,gneiss,Proterozoic,2050.0
6.3322,20.1560,2855882,gneiss,Proterozoic,2050.0
6.5106,20.1560,2855882,gneiss,Proterozoic,2050.0
6.6889,20.1560,2855882,gneiss,Proterozoic,2050.0
6.8673,20.1560,2855882,gneiss,Proterozoic,2050.0
7.0457,20.1560,2855882,gneiss,Proterozoic,2050.0
7.2241,20.1560,2855882,gneiss,Proterozoic,2050.0
7.4024,20.1560,2855882,gneiss,Proterozoic,2050.0
7.5808,20.1560,2855882,gneiss,Proterozoic,2050.0
7.7592,20.1560,2855882,gneiss,Proterozoic,2050.0
7.9376,20.1560,2855882,gneiss,Proterozoic,2050.0
8.1159,20.1560,2855882,gneiss,Proterozoic,2050.0
8.2943,20.1560,2855882,gneiss,Proterozoic,2050.0
8.4727,20.1560,2855882,gneiss,Proterozoic,2050.0
8.6510,20.1560,2855882,gneiss,Proterozoic,2050.0
8.8294,20.1560,2855882,gneiss,Proterozoic,2050.0
9.0078,20.1560,3001358,sandstone,Paleozoic,283.0
9.1862,20.1560,3001358,sandstone,Paleozoic,283.0
9.3645,20.1560,3001358,sandstone,Paleozoic,283.0
9.5429,20.1560,3001358,sandstone,Paleozoic,283.0
9.7213,20.1560,3006567,sandstone,Mesozoic,72.0
9.8996,20.1560,3006567,sandstone,Mesozoic,72.0
10.0780,20.1560,2954406,sandstone,Mesozoic,67.2
10.2564,20.1560,2954406,sandstone,Mesozoic,67.2
10.4348,20.1560,2954406,sandstone,Mesozoic,67.2
10.6131,20.1560,2977433,basalt,Mesozoic,66.2
10.7915,20.1560,2977433,basalt,Mesozoic,66.2
10.9699,20.1560,2977433,basalt,Mesozoic,66.2
11.1482,20.1560,2977433,basalt,Mesozoic,66.2
11.3266,20.1560,2977433,basalt,Mesozoic,66.2
11.5050,20.1560,2977433,basalt,Mesozoic,66.2
11.6834,20.1560,2977433,basalt,Mesozoic,66.2
11.8617,20.1560,2977433,basalt,Mesozoic,66.2
12.0401,20.1560,2977433,basalt,Mesozoic,66.2
12.2185,20.1560,2977433,basalt,Mesozoic,66.2
12.3968,20.1560,2977433,basalt,Mesozoic,66.2
12.5752,20.1560,2977433,basalt,Mesozoic,66.2
12.7536,20.1560,2977433,basalt,Mesozoic,66.2
12.9320,20.1560,2977433,basalt,Mesozoic,66.2
13.1103,20.1560,2977433,basalt,Mesozoic,66.2
13.2887,20.1560,2954406,sandstone,Mesozoic,67.2
13.4671,20.1560,2954406,sandstone,Mesozoic,67.2
13.6455,20.1560,2954406,sandstone,Mesozoic,67.2
13.8238,20.1560,2954406,sandstone,Mesozoic,67.2
14.0022,20.1560,2954406,sandstone,Mesozoic,67.2
14.1806,20.1560,2954406,sandstone,Mesozoic,67.2
14.3589,20.1560,2960063,alluvium,Cenozoic,0.4
14.5373,20.1560,2960063,alluvium,Cenozoic,0.4
14.7157,20.1560,2960063,alluvium,Cenozoic,0.4
14.8941,20.1560,2960063,alluvium,Cenozoic,0.4
15.0724,20.1560,2960063,alluvium,Cenozoic,0.4
15.2508,20.1560,2960063,alluvium,Cenozoic,0.4
15.4292,20.1560,2960063,alluvium,Cenozoic,0.4
15.6075,20.1560,2960063,alluvium,Cenozoic,0.4
15.7859,20.1560,2960063,alluvium,Cenozoic,0.4
15.9643,20.1560,2960063,alluvium,Cenozoic,0.4
16.1427,20.1560,2960063,alluvium,Cenozoic,0.4
16.3210,20.1560,2960063,alluvium,Cenozoic,0.4
16.4994,20.1560,2960063,alluvium,Cenozoic,0.4
16.6778,20.1560,2960063,alluvium,Cenozoic,0.4
16.8561,20.1560,2960063,alluvium,Cenozoic,0.4
17.0345,20.1560,2960063,alluvium,Cenozoic,0.4
17.2129,20.1560,2960063,alluvium,Cenozoic,0.4
17.3913,20.1560,2960063,alluvium,Cenozoic,0.4
17.5696,20.1560,2960063,alluvium,Cenozoic,0.4
17.7480,20.1560,2960063,alluvium,Cenozoic,0.4
17.9264,20.1560,2960063,alluvium,Cenozoic,0.4
18.1048,20.1560,2960063,alluvium,Cenozoic,0.4
18.2831,20.1560,2960063,alluvium,Cenozoic,0.4
18.4615,20.1560,2960063,alluvium,Cenozoic,0.4
18.6399,20.1560,2960063,alluvium,Cenozoic,0.4
18.8182,20.1560,2960063,alluvium,Cenozoic,0.4
18.9966,20.1560,2960063,alluvium,Cenozoic,0.4
19.1750,20.1560,2966014,alluvium,Cenozoic,1.3
19.3534,20.1560,2966014,alluvium,Cenozoic,1.3
19.5317,20.1560,2966014,alluvium,Cenozoic,1.3
19.7101,20.1560,2966014,alluvium,Cenozoic,1.3
19.8885,20.1560,2966014,alluvium,Cenozoic,1.3
20.0668,20.1560,2966014,alluvium,Cenozoic,1.3
20.2452,20.1560,2966014,alluvium,Cenozoic,1.3
20.4236,20.1560,2966014,alluvium,Cenozoic,1.3
20.6020,20.1560,2966014,alluvium,Cenozoic,1.3
20.7803,20.1560,2966014,alluvium,Cenozoic,1.3
20.9587,20.1560,2966014,alluvium,Cenozoic,1.3
21.1371,20.1560,2966014,alluvium,Cenozoic,1.3
21.3154,20.1560,2966014,alluvium,Cenozoic,1.3
0.0892,20.3863,2855574,gneiss,Proterozoic,2050.0
0.2676,20.3863,2855882,gneiss,Proterozoic,2050.0
0.4459,20.3863,2855882,gneiss,Proterozoic,2050.0
0.6243,20.3863,2855882,gneiss,Proterozoic,2050.0
0.8027,20.3863,2855882,gneiss,Proterozoic,2050.0
0.9810,20.3863,2855882,gneiss,Proterozoic,2050.0
1.1594,20.3863,2855882,gneiss,Proterozoic,2050.0
1.3378,20.3863,2832435,gneiss,Proterozoic,2050.0
1.5162,20.3863,2832435,gneiss,Proterozoic,2050.0
1.6945,20.3863,2832435,gneiss,Proterozoic,2050.0
1.8729,20.3863,2832435,gneiss,Proterozoic,2050.0
2.0513,20.3863,2832435,gneiss,Proterozoic,2050.0
2.2296,20.3863,2832435,gneiss,Proterozoic,2050.0
2.4080,20.3863,2832435,gneiss,Proterozoic,2050.0
2.5864,20.3863,2832435,gneiss,Proterozoic,2050.0
2.7648,20.3863,2832435,gneiss,Proterozoic,2050.0
2.9431,20.3863,2832435,gneiss,Proterozoic,2050.0
3.1215,20.3863,2832435,gneiss,Proterozoic,2050.0
3.2999,20.3863,2832435,gneiss,Proterozoic,2050.0
3.4783,20.3863,2832435,gneiss,Proterozoic,2050.0
3.6566,20.3863,2832435,gneiss,Proterozoic,2050.0
3.8350,20.3863,2832435,gneiss,Proterozoic,2050.0
4.0134,20.3863,2832435,gneiss,Proterozoic,2050.0
4.1917,20.3863,2855882,gneiss,Proterozoic,2050.0
4.3701,20.3863,2855882,gneiss,Proterozoic,2050.0
4.5485,20.3863,2855882,gneiss,Proterozoic,2050.0
4.7269,20.3863,2855882,gneiss,Proterozoic,2050.0
4.9052,20.3863,2855882,gneiss,Proterozoic,2050.0
5.0836,20.3863,2855882,gneiss,Proterozoic,2050.0
5.2620,20.3863,2855882,gneiss,Proterozoic,2050.0
5.4403,20.3863,2855882,gneiss,Proterozoic,2050.0
5.6187,20.3863,2855882,gneiss,Proterozoic,2050.0
5.7971,20.3863,2855882,gneiss,Proterozoic,2050.0
5.9755,20.3863,2855882,gneiss,Proterozoic,2050.0
6.1538,20.3863,2855882,gneiss,Proterozoic,2050.0
6.3322,20.3863,2855882,gneiss,Proterozoic,2050.0
6.5106,20.3863,2855882,gneiss,Proterozoic,2050.0
6.6889,20.3863,2855882,gneiss,Proterozoic,2050.0
6.8673,20.3863,2855882,gneiss,Proterozoic,2050.0
7.0457,20.3863,2855882,gneiss,Proterozoic,2050.0
7.2241,20.3863,2855882,gneiss,Proterozoic,2050.0
7.4024,20.3863,2855882,gneiss,Proterozoic,2050.0
7.5808,20.3863,2855882,gneiss,Proterozoic,2050.0
7.7592,20.3863,2855882,gneiss,Proterozoic,2050.0
7.9376,20.3863,2855882,gneiss,Proterozoic,2050.0
8.1159,20.3863,2855882,gneiss,Proterozoic,2050.0
8.2943,20.3863,2855882,gneiss,Proterozoic,2050.0
8.4727,20.3863,2855882,gneiss,Proterozoic,2050.0
8.6510,20.3863,2855882,gneiss,Proterozoic,2050.0
8.8294,20.3863,2855882,gneiss,Proterozoic,2050.0
9.0078,20.3863,3001358,sandstone,Paleozoic,283.0
9.1862,20.3863,3001358,sandstone,Paleozoic,283.0
9.3645,20.3863,3001358,sandstone,Paleozoic,283.0
9.5429,20.3863,2965681,sandstone,Mesozoic,156.9
9.7213,20.3863,3006567,sandstone,Mesozoic,72.0
9.8996,20.3863,3006567,sandstone,Mesozoic,72.0
10.0780,20.3863,2954406,sandstone,Mesozoic,67.2
10.2564,20.3863,2954406,sandstone,Mesozoic,67.2
10.4348,20.3863,2954406,sandstone,Mesozoic,67.2
10.6131,20.3863,2977433,basalt,Mesozoic,66.2
10.7915,20.3863,2977433,basalt,Mesozoic,66.2
10.9699,20.3863,2977433,basalt,Mesozoic,66.2
11.1482,20.3863,2977433,basalt,Mesozoic,66.2
11.3266,20.3863,2977433,basalt,Mesozoic,66.2
11.5050,20.3863,2977433,basalt,Mesozoic,66.2
11.6834,20.3863,2977433,basalt,Mesozoic,66.2
11.8617,20.3863,2977433,basalt,Mesozoic,66.2
12.0401,20.3863,2977433,basalt,Mesozoic,66.2
12.2185,20.3863,2977433,basalt,Mesozoic,66.2
12.3968,20.3863,2977433,basalt,Mesozoic,66.2
12.5752,20.3863,2977433,basalt,Mesozoic,66.2
12.7536,20.3863,2977433,basalt,Mesozoic,66.2
12.9320,20.3863,2977433,basalt,Mesozoic,66.2
13.1103,20.3863,2977433,basalt,Mesozoic,66.2
13.2887,20.3863,2954406,sandstone,Mesozoic,67.2
13.4671,20.3863,2954406,sandstone,Mesozoic,67.2
13.6455,20.3863,2954406,sandstone,Mesozoic,67.2
13.8238,20.3863,2954406,sandstone,Mesozoic,67.2
14.0022,20.3863,2954406,sandstone,Mesozoic,67.2
14.1806,20.3863,2954406,sandstone,Mesozoic,67.2
14.3589,20.3863,2954406,sandstone,Mesozoic,67.2
14.5373,20.3863,2960063,alluvium,Cenozoic,0.4
14.7157,20.3863,2960063,alluvium,Cenozoic,0.4
14.8941,20.3863,2960063,alluvium,Cenozoic,0.4
15.0724,20.3863,2960063,alluvium,Cenozoic,0.4
15.2508,20.3863,2960063,alluvium,Cenozoic,0.4
15.4292,20.3863,2960063,alluvium,Cenozoic,0.4
15.6075,20.3863,2960063,alluvium,Cenozoic,0.4
15.7859,20.3863,2960063,alluvium,Cenozoic,0.4
15.9643,20.3863,2960063,alluvium,Cenozoic,0.4
16.1427,20.3863,2960063,alluvium,Cenozoic,0.4
16.3210,20.3863,2960063,alluvium,Cenozoic,0.4
16.4994,20.3863,2960063,alluvium,Cenozoic,0.4
16.6778,20.3863,2960063,alluvium,Cenozoic,0.4
16.8561,20.3863,2960063,alluvium,Cenozoic,0.4
17.0345,20.3863,2960063,alluvium,Cenozoic,0.4
17.2129,20.3863,2960063,alluvium,Cenozoic,0.4
17.3913,20.3863,2960063,alluvium,Cenozoic,0.4
17.5696,20.3863,2960063,alluvium,Cenozoic,0.4
17.7480,20.3863,2960063,alluvium,Cenozoic,0.4
17.9264,20.3863,2960063,alluvium,Cenozoic,0.4
18.1048,20.3863,2960063,alluvium,Cenozoic,0.4
18.2831,20.3863,2960063,alluvium,Cenozoic,0.4
18.4615,20.3863,2960063,alluvium,Cenozoic,0.4
18.6399,20.3863,2960063,alluvium,Cenozoic,0.4
18.8182,20.3863,2960063,alluvium,Cenozoic,0.4
18.9966,20.3863,2960063,alluvium,Cenozoic,0.4
19.1750,20.3863,2960063,alluvium,Cenozoic,0.4
19.3534,20.3863,2960063,alluvium,Cenozoic,0.4
19.5317,20.3863,2960063,alluvium,Cenozoic,0.4
19.7101,20.3863,2966014,alluvium,Cenozoic,1.3
19.8885,20.3863,2966014,alluvium,Cenozoic,1.3
20.0668,20.3863,2966014,alluvium,Cenozoic,1.3
20.2452,20.3863,2966014,alluvium,Cenozoic,1.3
20.4236,20.3863,2966014,alluvium,Cenozoic,1.3
20.6020,20.3863,2966014,alluvium,Cenozoic,1.3
20.7803,20.3863,2966014,alluvium,Cenozoic,1.3
20.9587,20.3863,2966014,alluvium,Cenozoic,1.3
21.1371,20.3863,2966014,alluvium,Cenozoic,1.3
21.3154,20.3863,2966014,alluvium,Cenozoic,1.3
0.0892,20.6167,2832435,gneiss,Proterozoic,2050.0
0.2676,20.6167,2832435,gneiss,Proterozoic,2050.0
0.4459,20.6167,2832435,gneiss,Proterozoic,2050.0
0.6243,20.6167,2832435,gneiss,Proterozoic,2050.0
0.8027,20.6167,2832435,gneiss,Proterozoic,2050.0
0.9810,20.6167,2832435,gneiss,Proterozoic,2050.0
1.1594,20.6167,2832435,gneiss,Proterozoic,2050.0
1.3378,20.6167,2832435,gneiss,Proterozoic,2050.0
1.5162,20.6167,2832435,gneiss,Proterozoic,2050.0
1.6945,20.6167,2832435,gneiss,Proterozoic,2050.0
1.8729,20.6167,2832435,gneiss,Proterozoic,2050.0
2.0513,20.6167,2832435,gneiss,Proterozoic,2050.0
2.2296,20.6167,2832435,gneiss,Proterozoic,2050.0
2.4080,20.6167,2832435,gneiss,Proterozoic,2050.0
2.5864,20.6167,2832435,gneiss,Proterozoic,2050.0
2.7648,20.6167,2832435,gneiss,Proterozoic,2050.0
2.9431,20.6167,2832435,gneiss,Proterozoic,2050.0
3.1215,20.6167,2832435,gneiss,Proterozoic,2050.0
3.2999,20.6167,2832435,gneiss,Proterozoic,2050.0
3.4783,20.6167,2832435,gneiss,Proterozoic,2050.0
3.6566,20.6167,2832435,gneiss,Proterozoic,2050.0
3.8350,20.6167,2832435,gneiss,Proterozoic,2050.0
4.0134,20.6167,2832435,gneiss,Proterozoic,2050.0
4.1917,20.6167,2832435,gneiss,Proterozoic,2050.0
4.3701,20.6167,2832435,gneiss,Proterozoic,2050.0
4.5485,20.6167,2832435,gneiss,Proterozoic,2050.0
4.7269,20.6167,2832435,gneiss,Proterozoic,2050.0
4.9052,20.6167,2832435,gneiss,Proterozoic,2050.0
5.0836,20.6167,2832435,gneiss,Proterozoic,2050.0
5.2620,20.6167,2832435,gneiss,Proterozoic,2050.0
5.4403,20.6167,2832435,gneiss,Proterozoic,2050.0
5.6187,20.6167,2832435,gneiss,Proterozoic,2050.0
5.7971,20.6167,2832435,gneiss,Proterozoic,2050.0
5.9755,20.6167,2832435,gneiss,Proterozoic,2050.0
6.1538,20.6167,2832435,gneiss,Proterozoic,2050.0
6.3322,20.6167,2855882,gneiss,Proterozoic,2050.0
6.5106,20.6167,2855882,gneiss,Proterozoic,2050.0
6.6889,20.6167,2855882,gneiss,Proterozoic,2050.0
6.8673,20.6167,2855882,gneiss,Proterozoic,2050.0
7.0457,20.6167,2855882,gneiss,Proterozoic,2050.0
7.2241,20.6167,2855882,gneiss,Proterozoic,2050.0
7.4024,20.6167,2855882,gneiss,Proterozoic,2050.0
7.5808,20.6167,2855882,gneiss,Proterozoic,2050.0
7.7592,20.6167,2855882,gneiss,Proterozoic,2050.0
7.9376,20.6167,2855882,gneiss,Proterozoic,2050.0
8.1159,20.6167,2855882,gneiss,Proterozoic,2050.0
8.2943,20.6167,2855882,gneiss,Proterozoic,2050.0
8.4727,20.6167,2855882,gneiss,Proterozoic,2050.0
8.6510,20.6167,2855882,gneiss,Proterozoic,2050.0
8.8294,20.6167,3001358,sandstone,Paleozoic,283.0
9.0078,20.6167,3001358,sandstone,Paleozoic,283.0
9.1862,20.6167,3001358,sandstone,Paleozoic,283.0
9.3645,20.6167,3001358,sandstone,Paleozoic,283.0
9.5429,20.6167,2965681,sandstone,Mesozoic,156.9
9.7213,20.6167,3006567,sandstone,Mesozoic,72.0
9.8996,20.6167,3006567,sandstone,Mesozoic,72.0
10.0780,20.6167,2954406,sandstone,Mesozoic,67.2
10.2564,20.6167,2954406,sandstone,Mesozoic,67.2
10.4348,20.6167,2954406,sandstone,Mesozoic,67.2
10.6131,20.6167,2954406,sandstone,Mesozoic,67.2
10.7915,20.6167,2977433,basalt,Mesozoic,66.2
10.9699,20.6167,2977433,basalt,Mesozoic,66.2
11.1482,20.6167,2977433,basalt,Mesozoic,66.2
11.3266,20.6167,2977433,basalt,Mesozoic,66.2
11.5050,20.6167,2977433,basalt,Mesozoic,66.2
11.6834,20.6167,2977433,basalt,Mesozoic,66.2
11.8617,20.6167,2977433,basalt,Mesozoic,66.2
12.0401,20.6167,2977433,basalt,Mesozoic,66.2
12.2185,20.6167,2977433,basalt,Mesozoic,66.2
12.3968,20.6167,2977433,basalt,Mesozoic,66.2
12.5752,20.6167,2977433,basalt,Mesozoic,66.2
12.7536,20.6167,2977433,basalt,Mesozoic,66.2
12.9320,20.6167,2977433,basalt,Mesozoic,66.2
13.1103,20.6167,2977433,basalt,Mesozoic,66.2
13.2887,20.6167,2954406,sandstone,Mesozoic,67.2
13.4671,20.6167,2954406,sandstone,Mesozoic,67.2
13.6455,20.6167,2954406,sandstone,Mesozoic,67.2
13.8238,20.6167,2954406,sandstone,Mesozoic,67.2
14.0022,20.6167,2954406,sandstone,Mesozoic,67.2
14.1806,20.6167,2954406,sandstone,Mesozoic,67.2
14.3589,20.6167,2954406,sandstone,Mesozoic,67.2
14.5373,20.6167,2960063,alluvium,Cenozoic,0.4
14.7157,20.6167,2960063,alluvium,Cenozoic,0.4
14.8941,20.6167,2960063,alluvium,Cenozoic,0.4
15.0724,20.6167,2960063,alluvium,Cenozoic,0.4
15.2508,20.6167,2960063,alluvium,Cenozoic,0.4
15.4292,20.6167,2960063,alluvium,Cenozoic,0.4
15.6075,20.6167,2960063,alluvium,Cenozoic,0.4
15.7859,20.6167,2960063,alluvium,Cenozoic,0.4
15.9643,20.6167,2960063,alluvium,Cenozoic,0.4
16.1427,20.6167,2960063,alluvium,Cenozoic,0.4
16.3210,20.6167,2960063,alluvium,Cenozoic,0.4
16.4994,20.6167,2960063,alluvium,Cenozoic,0.4
16.6778,20.6167,2960063,alluvium,Cenozoic,0.4
16.8561,20.6167,2960063,alluvium,Cenozoic,0.4
17.0345,20.6167,2960063,alluvium,Cenozoic,0.4
17.2129,20.6167,2960063,alluvium,Cenozoic,0.4
17.3913,20.6167,2960063,alluvium,Cenozoic,0.4
17.5696,20.6167,2960063,alluvium,Cenozoic,0.4
17.7480,20.6167,2960063,alluvium,Cenozoic,0.4
17.9264,20.6167,2960063,alluvium,Cenozoic,0.4
18.1048,20.6167,2960063,alluvium,Cenozoic,0.4
18.2831,20.6167,2960063,alluvium,Cenozoic,0.4
18.4615,20.6167,2960063,alluvium,Cenozoic,0.4
18.6399,20.6167,2960063,alluvium,Cenozoic,0.4
18.8182,20.6167,2960063,alluvium,Cenozoic,0.4
18.9966,20.6167,2960063,alluvium,Cenozoic,0.4
19.1750,20.6167,2960063,alluvium,Cenozoic,0.4
19.3534,20.6167,2960063,alluvium,Cenozoic,0.4
19.5317,20.6167,2960063,alluvium,Cenozoic,0.4
19.7101,20.6167,2960063,alluvium,Cenozoic,0.4
19.8885,20.6167,2960063,alluvium,Cenozoic,0.4
20.0668,20.6167,2966014,alluvium,Cenozoic,1.3
20.2452,20.6167,2966014,alluvium,Cenozoic,1.3
20.4236,20.6167,2966014,alluvium,Cenozoic,1.3
20.6020,20.6167,2966014,alluvium,Cenozoic,1.3
20.7803,20.6167,2966014,alluvium,Cenozoic,1.3
20.9587,20.6167,2966014,alluvium,Cenozoic,1.3
21.1371,20.6167,2966014,alluvium,Cenozoic,1.3
21.3154,20.6167,2966014,alluvium,Cenozoic,1.3
0.0892,20.8471,2832435,gneiss,Proterozoic,2050.0
0.2676,20.8471,2832435,gneiss,Proterozoic,2050.0
0.4459,20.8471,2832435,gneiss,Proterozoic,2050.0
0.6243,20.8471,2832435,gneiss,Proterozoic,2050.0
0.8027,20.8471,2832435,gneiss,Proterozoic,2050.0
0.9810,20.8471,2832435,gneiss,Proterozoic,2050.0
1.1594,20.8471,2832435,gneiss,Proterozoic,2050.0
1.3378,20.8471,2832435,gneiss,Proterozoic,2050.0
1.5162,20.8471,2832435,gneiss,Proterozoic,2050.0
1.6945,20.8471,2832435,gneiss,Proterozoic,2050.0
1.8729,20.8471,2832435,gneiss,Proterozoic,2050.0
2.0513,20.8471,2832435,gneiss,Proterozoic,2050.0
2.2296,20.8471,2832435,gneiss,Proterozoic,2050.0
2.4080,20.8471,2832435,gneiss,Proterozoic,2050.0
2.5864,20.8471,2832435,gneiss,Proterozoic,2050.0
2.7648,20.8471,2832435,gneiss,Proterozoic,2050.0
2.9431,20.8471,2832435,gneiss,Proterozoic,2050.0
3.1215,20.8471,2832435,gneiss,Proterozoic,2050.0
3.2999,20.8471,2832435,gneiss,Proterozoic,2050.0
3.4783,20.8471,2832435,gneiss,Proterozoic,2050.0
3.6566,20.8471,2832435,gneiss,Proterozoic,2050.0
3.8350,20.8471,2832435,gneiss,Proterozoic,2050.0
4.0134,20.8471,2832435,gneiss,Proterozoic,2050.0
4.1917,20.8471,2832435,gneiss,Proterozoic,2050.0
4.3701,20.8471,2832435,gneiss,Proterozoic,2050.0
4.5485,20.8471,2832435,gneiss,Proterozoic,2050.0
4.7269,20.8471,2832435,gneiss,Proterozoic,2050.0
4.9052,20.8471,2832435,gneiss,Proterozoic,2050.0
5.0836,20.8471,2832435,gneiss,Proterozoic,2050.0
5.2620,20.8471,2832435,gneiss,Proterozoic,2050.0
5.4403,20.8471,2832435,gneiss,Proterozoic,2050.0
5.6187,20.8471,2832435,gneiss,Proterozoic,2050.0
5.7971,20.8471,2832435,gneiss,Proterozoic,2050.0
5.9755,20.8471,2832435,gneiss,Proterozoic,2050.0
6.1538,20.8471,2832435,gneiss,Proterozoic,2050.0
6.3322,20.8471,2832435,gneiss,Proterozoic,2050.0
6.5106,20.8471,2832435,gneiss,Proterozoic,2050.0
6.6889,20.8471,2855882,gneiss,Proterozoic,2050.0
6.8673,20.8471,2855882,gneiss,Proterozoic,2050.0
7.0457,20.8471,2855882,gneiss,Proterozoic,2050.0
7.2241,20.8471,2855882,gneiss,Proterozoic,2050.0
7.4024,20.8471,2855882,gneiss,Proterozoic,2050.0
7.5808,20.8471,2855882,gneiss,Proterozoic,2050.0
7.7592,20.8471,2855882,gneiss,Proterozoic,2050.0
7.9376,20.8471,2855882,gneiss,Proterozoic,2050.0
8.1159,20.8471,2855882,gneiss,Proterozoic,2050.0
8.2943,20.8471,2855882,gneiss,Proterozoic,2050.0
8.4727,20.8471,2855882,gneiss,Proterozoic,2050.0
8.6510,20.8471,2855882,gneiss,Proterozoic,2050.0
8.8294,20.8471,3001358,sandstone,Paleozoic,283.0
9.0078,20.8471,3001358,sandstone,Paleozoic,283.0
9.1862,20.8471,3001358,sandstone,Paleozoic,283.0
9.3645,20.8471,2965681,sandstone,Mesozoic,156.9
9.5429,20.8471,2965681,sandstone,Mesozoic,156.9
9.7213,20.8471,3006567,sandstone,Mesozoic,72.0
9.8996,20.8471,3006567,sandstone,Mesozoic,72.0
10.0780,20.8471,2954406,sandstone,Mesozoic,67.2
10.2564,20.8471,2954406,sandstone,Mesozoic,67.2
10.4348,20.8471,2954406,sandstone,Mesozoic,67.2
10.6131,20.8471,2954406,sandstone,Mesozoic,67.2
10.7915,20.8471,2954406,sandstone,Mesozoic,67.2
10.9699,20.8471,2954406,sandstone,Mesozoic,67.2
11.1482,20.8471,2977433,basalt,Mesozoic,66.2
11.3266,20.8471,2977433,basalt,Mesozoic,66.2
11.5050,20.8471,2977433,basalt,Mesozoic,66.2
11.6834,20.8471,2977433,basalt,Mesozoic,66.2
11.8617,20.8471,2977433,basalt,Mesozoic,66.2
12.0401,20.8471,2977433,basalt,Mesozoic,66.2
12.2185,20.8471,2977433,basalt,Mesozoic,66.2
12.3968,20.8471,2977433,basalt,Mesozoic,66.2
12.5752,20.8471,2977433,basalt,Mesozoic,66.2
12.7536,20.8471,2977433,basalt,Mesozoic,66.2
12.9320,20.8471,2977433,basalt,Mesozoic,66.2
13.1103,20.8471,2977433,basalt,Mesozoic,66.2
13.2887,20.8471,2954406,sandstone,Mesozoic,67.2
13.4671,20.8471,2954406,sandstone,Mesozoic,67.2
13.6455,20.8471,2954406,sandstone,Mesozoic,67.2
13.8238,20.8471,2954406,sandstone,Mesozoic,67.2
14.0022,20.8471,2954406,sandstone,Mesozoic,67.2
14.1806,20.8471,2954406,sandstone,Mesozoic,67.2
14.3589,20.8471,2954406,sandstone,Mesozoic,67.2
14.5373,20.8471,2954406,sandstone,Mesozoic,67.2
14.7157,20.8471,2960063,alluvium,Cenozoic,0.4
14.8941,20.8471,2960063,alluvium,Cenozoic,0.4
15.0724,20.8471,2960063,alluvium,Cenozoic,0.4
15.2508,20.8471,2960063,alluvium,Cenozoic,0.4
15.4292,20.8471,2960063,alluvium,Cenozoic,0.4
15.6075,20.8471,2960063,alluvium,Cenozoic,0.4
15.7859,20.8471,2960063,alluvium,Cenozoic,0.4
15.9643,20.8471,2960063,alluvium,Cenozoic,0.4
16.1427,20.8471,2960063,alluvium,Cenozoic,0.4
16.3210,20.8471,2960063,alluvium,Cenozoic,0.4
16.4994,20.8471,2960063,alluvium,Cenozoic,0.4
16.6778,20.8471,2960063,alluvium,Cenozoic,0.4
16.8561,20.8471,2960063,alluvium,Cenozoic,0.4
17.0345,20.8471,2960063,alluvium,Cenozoic,0.4
17.2129,20.8471,2960063,alluvium,Cenozoic,0.4
17.3913,20.8471,2960063,alluvium,Cenozoic,0.4
17.5696,20.8471,2960063,alluvium,Cenozoic,0.4
17.7480,20.8471,2960063,alluvium,Cenozoic,0.4
17.9264,20.8471,2960063,alluvium,Cenozoic,0.4
18.1048,20.8471,2960063,alluvium,Cenozoic,0.4
18.2831,20.8471,2960063,alluvium,Cenozoic,0.4
18.4615,20.8471,2960063,alluvium,Cenozoic,0.4
18.6399,20.8471,2960063,alluvium,Cenozoic,0.4
18.8182,20.8471,2960063,alluvium,Cenozoic,0.4
18.9966,20.8471,2960063,alluvium,Cenozoic,0.4
19.1750,20.8471,2960063,alluvium,Cenozoic,0.4
19.3534,20.8471,2960063,alluvium,Cenozoic,0.4
19.5317,20.8471,2960063,alluvium,Cenozoic,0.4
19.7101,20.8471,2960063,alluvium,Cenozoic,0.4
19.8885,20.8471,2960063,alluvium,Cenozoic,0.4
20.0668,20.8471,2960063,alluvium,Cenozoic,0.4
20.2452,20.8471,2960063,alluvium,Cenozoic,0.4
20.4236,20.8471,2966014,alluvium,Cenozoic,1.3
20.6020,20.8471,2966014,alluvium,Cenozoic,1.3
20.7803,20.8471,2966014,alluvium,Cenozoic,1.3
20.9587,20.8471,2966014,alluvium,Cenozoic,1.3
21.1371,20.8471,2966014,alluvium,Cenozoic,1.3
21.3154,20.8471,2966014,alluvium,Cenozoic,1.3
0.0892,21.0774,2832435,gneiss,Proterozoic,2050.0
0.2676,21.0774,2832435,gneiss,Proterozoic,2050.0
0.4459,21.0774,2832435,gneiss,Proterozoic,2050.0
0.6243,21.0774,2832435,gneiss,Proterozoic,2050.0
0.8027,21.0774,2832435,gneiss,Proterozoic,2050.0
0.9810,21.0774,2832435,gneiss,Proterozoic,2050.0
1.1594,21.0774,2832435,gneiss,Proterozoic,2050.0
1.3378,21.0774,2832435,gneiss,Proterozoic,2050.0
1.5162,21.0774,2832435,gneiss,Proterozoic,2050.0
1.6945,21.0774,2832435,gneiss,Proterozoic,2050.0
1.8729,21.0774,2832435,gneiss,Proterozoic,2050.0
2.0513,21.0774,2832435,gneiss,Proterozoic,2050.0
2.2296,21.0774,2832435,gneiss,Proterozoic,2050.0
2.4080,21.0774,2832435,gneiss,Proterozoic,2050.0
2.5864,21.0774,2832435,gneiss,Proterozoic,2050.0
2.7648,21.0774,2832435,gneiss,Proterozoic,2050.0
2.9431,21.0774,2832435,gneiss,Proterozoic,2050.0
3.1215,21.0774,2832435,gneiss,Proterozoic,2050.0
3.2999,21.0774,2832435,gneiss,Proterozoic,2050.0
3.4783,21.0774,2832435,gneiss,Proterozoic,2050.0
3.6566,21.0774,2832435,gneiss,Proterozoic,2050.0
3.8350,21.0774,2832435,gneiss,Proterozoic,2050.0
4.0134,21.0774,2832435,gneiss,Proterozoic,2050.0
4.1917,21.0774,2832435,gneiss,Proterozoic,2050.0
4.3701,21.0774,2832435,gneiss,Proterozoic,2050.0
4.5485,21.0774,2832435,gneiss,Proterozoic,2050.0
4.7269,21.0774,2832435,gneiss,Proterozoic,2050.0
4.9052,21.0774,2832435,gneiss,Proterozoic,2050.0
5.0836,21.0774,2832435,gneiss,Proterozoic,2050.0
5.2620,21.0774,2832435,gneiss,Proterozoic,2050.0
5.4403,21.0774,2832435,gneiss,Proterozoic,2050.0
5.6187,21.0774,2832435,gneiss,Proterozoic,2050.0
5.7971,21.0774,2832435,gneiss,Proterozoic,2050.0
5.9755,21.0774,2832435,gneiss,Proterozoic,2050.0
6.1538,21.0774,2832435,gneiss,Proterozoic,2050.0
6.3322,21.0774,2832435,gneiss,Proterozoic,2050.0
6.5106,21.0774,2832435,gneiss,Proterozoic,2050.0
6.6889,21.0774,2832435,gneiss,Proterozoic,2050.0
6.8673,21.0774,2832435,gneiss,Proterozoic,2050.0
7.0457,21.0774,2832435,gneiss,Proterozoic,2050.0
7.2241,21.0774,2832435,gneiss,Proterozoic,2050.0
7.4024,21.0774,2832435,gneiss,Proterozoic,2050.0
7.5808,21.0774,2832435,gneiss,Proterozoic,2050.0
7.7592,21.0774,2832435,gneiss,Proterozoic,2050.0
7.9376,21.0774,2832435,gneiss,Proterozoic,2050.0
8.1159,21.0774,2832435,gneiss,Proterozoic,2050.0
8.2943,21.0774,2832435,gneiss,Proterozoic,2050.0
8.4727,21.0774,2832435,gneiss,Proterozoic,2050.0
8.6510,21.0774,3001358,sandstone,Paleozoic,283.0
8.8294,21.0774,3001358,sandstone,Paleozoic,283.0
9.0078,21.0774,3001358,sandstone,Paleozoic,283.0
9.1862,21.0774,3001358,sandstone,Paleozoic,283.0
9.3645,21.0774,2965681,sandstone,Mesozoic,156.9
9.5429,21.0774,2965681,sandstone,Mesozoic,156.9
9.7213,21.0774,3006567,sandstone,Mesozoic,72.0
9.8996,21.0774,3006567,sandstone,Mesozoic,72.0
10.0780,21.0774,2954406,sandstone,Mesozoic,67.2
10.2564,21.0774,2954406,sandstone,Mesozoic,67.2
10.4348,21.0774,2954406,sandstone,Mesozoic,67.2
10.6131,21.0774,2954406,sandstone,Mesozoic,67.2
10.7915,21.0774,2954406,sandstone,Mesozoic,67.2
10.9699,21.0774,2954406,sandstone,Mesozoic,67.2
11.1482,21.0774,2954406,sandstone,Mesozoic,67.2
11.3266,21.0774,2954406,sandstone,Mesozoic,67.2
11.5050,21.0774,2977433,basalt,Mesozoic,66.2
11.6834,21.0774,2977433,basalt,Mesozoic,66.2
11.8617,21.0774,2977433,basalt,Mesozoic,66.2
12.0401,21.0774,2977433,basalt,Mesozoic,66.2
12.2185,21.0774,2977433,basalt,Mesozoic,66.2
12.3968,21.0774,2977433,basalt,Mesozoic,66.2
12.5752,21.0774,2977433,basalt,Mesozoic,66.2
12.7536,21.0774,2977433,basalt,Mesozoic,66.2
12.9320,21.0774,2977433,basalt,Mesozoic,66.2
13.1103,21.0774,2954406,sandstone,Mesozoic,67.2
13.2887,21.0774,2954406,sandstone,Mesozoic,67.2
13.4671,21.0774,2954406,sandstone,Mesozoic,67.2
13.6455,21.0774,2954406,sandstone,Mesozoic,67.2
13.8238,21.0774,2954406,sandstone,Mesozoic,67.2
14.0022,21.0774,2954406,sandstone,Mesozoic,67.2
14.1806,21.0774,2954406,sandstone,Mesozoic,67.2
14.3589,21.0774,2954406,sandstone,Mesozoic,67.2
14.5373,21.0774,2954406,sandstone,Mesozoic,67.2
14.7157,21.0774,2954406,sandstone,Mesozoic,67.2
14.8941,21.0774,2960063,alluvium,Cenozoic,0.4
15.0724,21.0774,2960063,alluvium,Cenozoic,0.4
15.2508,21.0774,2960063,alluvium,Cenozoic,0.4
15.4292,21.0774,2960063,alluvium,Cenozoic,0.4
15.6075,21.0774,2960063,alluvium,Cenozoic,0.4
15.7859,21.0774,2960063,alluvium,Cenozoic,0.4
15.9643,21.0774,2960063,alluvium,Cenozoic,0.4
16.1427,21.0774,2960063,alluvium,Cenozoic,0.4
16.3210,21.0774,2960063,alluvium,Cenozoic,0.4
16.4994,21.0774,2960063,alluvium,Cenozoic,0.4
16.6778,21.0774,2960063,alluvium,Cenozoic,0.4
16.8561,21.0774,2960063,alluvium,Cenozoic,0.4
17.0345,21.0774,2960063,alluvium,Cenozoic,0.4
17.2129,21.0774,2960063,alluvium,Cenozoic,0.4
17.3913,21.0774,2960063,alluvium,Cenozoic,0.4
17.5696,21.0774,2960063,alluvium,Cenozoic,0.4
17.7480,21.0774,2954406,sandstone,Mesozoic,67.2
17.9264,21.0774,2954406,sandstone,Mesozoic,67.2
18.1048,21.0774,2960063,alluvium,Cenozoic,0.4
18.2831,21.0774,2960063,alluvium,Cenozoic,0.4
18.4615,21.0774,2960063,alluvium,Cenozoic,0.4
18.6399,21.0774,2960063,alluvium,Cenozoic,0.4
18.8182,21.0774,2960063,alluvium,Cenozoic,0.4
18.9966,21.0774,2960063,alluvium,Cenozoic,0.4
19.1750,21.0774,2960063,alluvium,Cenozoic,0.4
19.3534,21.0774,2960063,alluvium,Cenozoic,0.4
19.5317,21.0774,2960063,alluvium,Cenozoic,0.4
19.7101,21.0774,2960063,alluvium,Cenozoic,0.4
19.8885,21.0774,2960063,alluvium,Cenozoic,0.4
20.0668,21.0774,2960063,alluvium,Cenozoic,0.4
20.2452,21.0774,2960063,alluvium,Cenozoic,0.4
20.4236,21.0774,2960063,alluvium,Cenozoic,0.4
20.6020,21.0774,2960063,alluvium,Cenozoic,0.4
20.7803,21.0774,2960063,alluvium,Cenozoic,0.4
20.9587,21.0774,2966014,alluvium,Cenozoic,1.3
21.1371,21.0774,2966014,alluvium,Cenozoic,1.3
21.3154,21.0774,2966014,alluvium,Cenozoic,1.3
0.0892,21.3078,2832435,gneiss,Proterozoic,2050.0
0.2676,21.3078,2832435,gneiss,Proterozoic,2050.0
0.4459,21.3078,2832435,gneiss,Proterozoic,2050.0
0.6243,21.3078,2832435,gneiss,Proterozoic,2050.0
0.8027,21.3078,2832435,gneiss,Proterozoic,2050.0
0.9810,21.3078,2832435,gneiss,Proterozoic,2050.0
1.1594,21.3078,2832435,gneiss,Proterozoic,2050.0
1.3378,21.3078,2832435,gneiss,Proterozoic,2050.0
1.5162,21.3078,2832435,gneiss,Proterozoic,2050.0
1.6945,21.3078,2832435,gneiss,Proterozoic,2050.0
1.8729,21.3078,2832435,gneiss,Proterozoic,2050.0
2.0513,21.3078,2832435,gneiss,Proterozoic,2050.0
2.2296,21.3078,2832435,gneiss,Proterozoic,2050.0
2.4080,21.3078,2832435,gneiss,Proterozoic,2050.0
2.5864,21.3078,2832435,gneiss,Proterozoic,2050.0
2.7648,21.3078,2832435,gneiss,Proterozoic,2050.0
2.9431,21.3078,2832435,gneiss,Proterozoic,2050.0
3.1215,21.3078,2832435,gneiss,Proterozoic,2050.0
3.2999,21.3078,2832435,gneiss,Proterozoic,2050.0
3.4783,21.3078,2832435,gneiss,Proterozoic,2050.0
3.6566,21.3078,2832435,gneiss,Proterozoic,2050.0
3.8350,21.3078,2832435,gneiss,Proterozoic,2050.0
4.0134,21.3078,2832435,gneiss,Proterozoic,2050.0
4.1917,21.3078,2832435,gneiss,Proterozoic,2050.0
4.3701,21.3078,2832435,gneiss,Proterozoic,2050.0
4.5485,21.3078,2832435,gneiss,Proterozoic,2050.0
4.7269,21.3078,2832435,gneiss,Proterozoic,2050.0
4.9052,21.3078,2832435,gneiss,Proterozoic,2050.0
5.0836,21.3078,2832435,gneiss,Proterozoic,2050.0
5.2620,21.3078,2832435,gneiss,Proterozoic,2050.0
5.4403,21.3078,2832435,gneiss,Proterozoic,2050.0
5.6187,21.3078,2832435,gneiss,Proterozoic,2050.0
5.7971,21.3078,2832435,gneiss,Proterozoic,2050.0
5.9755,21.3078,2832435,gneiss,Proterozoic,2050.0
6.1538,21.3078,2832435,gneiss,Proterozoic,2050.0
6.3322,21.3078,2832435,gneiss,Proterozoic,2050.0
6.5106,21.3078,2832435,gneiss,Proterozoic,2050.0
6.6889,21.3078,2832435,gneiss,Proterozoic,2050.0
6.8673,21.3078,2832435,gneiss,Proterozoic,2050.0
7.0457,21.3078,2832435,gneiss,Proterozoic,2050.0
7.2241,21.3078,2832435,gneiss,Proterozoic,2050.0
7.4024,21.3078,2832435,gneiss,Proterozoic,2050.0
7.5808,21.3078,2832435,gneiss,Proterozoic,2050.0
7.7592,21.3078,2832435,gneiss,Proterozoic,2050.0
7.9376,21.3078,2832435,gneiss,Proterozoic,2050.0
8.1159,21.3078,2832435,gneiss,Proterozoic,2050.0
8.2943,21.3078,2832435,gneiss,Proterozoic,2050.0
8.4727,21.3078,2832435,gneiss,Proterozoic,2050.0
8.6510,21.3078,3001358,sandstone,Paleozoic,283.0
8.8294,21.3078,3001358,sandstone,Paleozoic,283.0
9.0078,21.3078,3001358,sandstone,Paleozoic,283.0
9.1862,21.3078,2965681,sandstone,Mesozoic,156.9
9.3645,21.3078,2965681,sandstone,Mesozoic,156.9
9.5429,21.3078,2965681,sandstone,Mesozoic,156.9
9.7213,21.3078,3006567,sandstone,Mesozoic,72.0
9.8996,21.3078,3006567,sandstone,Mesozoic,72.0
10.0780,21.3078,3006567,sandstone,Mesozoic,72.0
10.2564,21.3078,2954406,sandstone,Mesozoic,67.2
10.4348,21.3078,2954406,sandstone,Mesozoic,67.2
10.6131,21.3078,2954406,sandstone,Mesozoic,67.2
10.7915,21.3078,2954406,sandstone,Mesozoic,67.2
10.9699,21.3078,2954406,sandstone,Mesozoic,67.2
11.1482,21.3078,2954406,sandstone,Mesozoic,67.2
11.3266,21.3078,2954406,sandstone,Mesozoic,67.2
11.5050,21.3078,2954406,sandstone,Mesozoic,67.2
11.6834,21.3078,2954406,sandstone,Mesozoic,67.2
11.8617,21.3078,2977433,basalt,Mesozoic,66.2
12.0401,21.3078,2977433,basalt,Mesozoic,66.2
12.2185,21.3078,2977433,basalt,Mesozoic,66.2
12.3968,21.3078,2977433,basalt,Mesozoic,66.2
12.5752,21.3078,2977433,basalt,Mesozoic,66.2
12.7536,21.3078,2977433,basalt,Mesozoic,66.2
12.9320,21.3078,2977433,basalt,Mesozoic,66.2
13.1103,21.3078,2954406,sandstone,Mesozoic,67.2
13.2887,21.3078,2954406,sandstone,Mesozoic,67.2
13.4671,21.3078,2954406,sandstone,Mesozoic,67.2
13.6455,21.3078,2954406,sandstone,Mesozoic,67.2
13.8238,21.3078,2954406,sandstone,Mesozoic,67.2
14.0022,21.3078,2954406,sandstone,Mesozoic,67.2
14.1806,21.3078,2954406,sandstone,Mesozoic,67.2
14.3589,21.3078,2954406,sandstone,Mesozoic,67.2
14.5373,21.3078,2954406,sandstone,Mesozoic,67.2
14.7157,21.3078,2954406,sandstone,Mesozoic,67.2
14.8941,21.3078,2954406,sandstone,Mesozoic,67.2
15.0724,21.3078,2960063,alluvium,Cenozoic,0.4
15.2508,21.3078,2960063,alluvium,Cenozoic,0.4
15.4292,21.3078,2960063,alluvium,Cenozoic,0.4
15.6075,21.3078,2960063,alluvium,Cenozoic,0.4
15.7859,21.3078,2960063,alluvium,Cenozoic,0.4
15.9643,21.3078,2960063,alluvium,Cenozoic,0.4
16.1427,21.3078,2960063,alluvium,Cenozoic,0.4
16.3210,21.3078,2960063,alluvium,Cenozoic,0.4
16.4994,21.3078,2960063,alluvium,Cenozoic,0.4
16.6778,21.3078,2960063,alluvium,Cenozoic,0.4
16.8561,21.3078,2960063,alluvium,Cenozoic,0.4
17.0345,21.3078,2954406,sandstone,Mesozoic,67.2
17.2129,21.3078,2954406,sandstone,Mesozoic,67.2
17.3913,21.3078,2954406,sandstone,Mesozoic,67.2
17.5696,21.3078,2954406,sandstone,Mesozoic,67.2
17.7480,21.3078,2954406,sandstone,Mesozoic,67.2
17.9264,21.3078,2954406,sandstone,Mesozoic,67.2
18.1048,21.3078,2954406,sandstone,Mesozoic,67.2
18.2831,21.3078,2954406,sandstone,Mesozoic,67.2
18.4615,21.3078,2954406,sandstone,Mesozoic,67.2
18.6399,21.3078,2954406,sandstone,Mesozoic,67.2
18.8182,21.3078,2954406,sandstone,Mesozoic,67.2
18.9966,21.3078,2954406,sandstone,Mesozoic,67.2
19.1750,21.3078,2954406,sandstone,Mesozoic,67.2
19.3534,21.3078,2960063,alluvium,Cenozoic,0.4
19.5317,21.3078,2960063,alluvium,Cenozoic,0.4
19.7101,21.3078,2960063,alluvium,Cenozoic,0.4
19.8885,21.3078,2960063,alluvium,Cenozoic,0.4
20.0668,21.3078,2960063,alluvium,Cenozoic,0.4
20.2452,21.3078,2960063,alluvium,Cenozoic,0.4
20.4236,21.3078,2960063,alluvium,Cenozoic,0.4
20.6020,21.3078,2960063,alluvium,Cenozoic,0.4
20.7803,21.3078,2960063,alluvium,Cenozoic,0.4
20.9587,21.3078,2960063,alluvium,Cenozoic,0.4
21.1371,21.3078,2960063,alluvium,Cenozoic,0.4
21.3154,21.3078,2966014,alluvium,Cenozoic,1.3
0.0892,21.5381,2832435,gneiss,Proterozoic,2050.0
0.2676,21.5381,2832435,gneiss,Proterozoic,2050.0
0.4459,21.5381,2832435,gneiss,Proterozoic,2050.0
0.6243,21.5381,2832435,gneiss,Proterozoic,2050.0
0.8027,21.5381,2832435,gneiss,Proterozoic,2050.0
0.9810,21.5381,2832435,gneiss,Proterozoic,2050.0
1.1594,21.5381,2832435,gneiss,Proterozoic,2050.0
1.3378,21.5381,2832435,gneiss,Proterozoic,2050.0
1.5162,21.5381,2832435,gneiss,Proterozoic,2050.0
1.6945,21.5381,2832435,gneiss,Proterozoic,2050.0
1.8729,21.5381,2832435,gneiss,Proterozoic,2050.0
2.0513,21.5381,2832435,gneiss,Proterozoic,2050.0
2.2296,21.5381,2832435,gneiss,Proterozoic,2050.0
2.4080,21.5381,2832435,gneiss,Proterozoic,2050.0
2.5864,21.5381,2832435,gneiss,Proterozoic,2050.0
2.7648,21.5381,2832435,gneiss,Proterozoic,2050.0
2.9431,21.5381,2832435,gneiss,Proterozoic,2050.0
3.1215,21.5381,2832435,gneiss,Proterozoic,2050.0
3.2999,21.5381,2832435,gneiss,Proterozoic,2050.0
3.4783,21.5381,2832435,gneiss,Proterozoic,2050.0
3.6566,21.5381,2832435,gneiss,Proterozoic,2050.0
3.8350,21.5381,2832435,gneiss,Proterozoic,2050.0
4.0134,21.5381,2832435,gneiss,Proterozoic,2050.0
4.1917,21.5381,2832435,gneiss,Proterozoic,2050.0
4.3701,21.5381,2832435,gneiss,Proterozoic,2050.0
4.5485,21.5381,2832435,gneiss,Proterozoic,2050.0
4.7269,21.5381,2832435,gneiss,Proterozoic,2050.0
4.9052,21.5381,2832435,gneiss,Proterozoic,2050.0
5.0836,21.5381,2832435,gneiss,Proterozoic,2050.0
5.2620,21.5381,2832435,gneiss,Proterozoic,2050.0
5.4403,21.5381,2832435,gneiss,Proterozoic,2050.0
5.6187,21.5381,2832435,gneiss,Proterozoic,2050.0
5.7971,21.5381,2832435,gneiss,Proterozoic,2050.0
5.9755,21.5381,2832435,gneiss,Proterozoic,2050.0
6.1538,21.5381,2832435,gneiss,Proterozoic,2050.0
6.3322,21.5381,2832435,gneiss,Proterozoic,2050.0
6.5106,21.5381,2832435,gneiss,Proterozoic,2050.0
6.6889,21.5381,2832435,gneiss,Proterozoic,2050.0
6.8673,21.5381,2832435,gneiss,Proterozoic,2050.0
7.0457,21.5381,2832435,gneiss,Proterozoic,2050.0
7.2241,21.5381,2832435,gneiss,Proterozoic,2050.0
7.4024,21.5381,2832435,gneiss,Proterozoic,2050.0
7.5808,21.5381,2832435,gneiss,Proterozoic,2050.0
7.7592,21.5381,2832435,gneiss,Proterozoic,2050.0
7.9376,21.5381,2832435,gneiss,Proterozoic,2050.0
8.1159,21.5381,2832435,gneiss,Proterozoic,2050.0
8.2943,21.5381,2832435,gneiss,Proterozoic,2050.0
8.4727,21.5381,2832435,gneiss,Proterozoic,2050.0
8.6510,21.5381,3001358,sandstone,Paleozoic,283.0
8.8294,21.5381,3001358,sandstone,Paleozoic,283.0
9.0078,21.5381,3001358,sandstone,Paleozoic,283.0
9.1862,21.5381,2965681,sandstone,Mesozoic,156.9
9.3645,21.5381,2965681,sandstone,Mesozoic,156.9
9.5429,21.5381,2965681,sandstone,Mesozoic,156.9
9.7213,21.5381,3006567,sandstone,Mesozoic,72.0
9.8996,21.5381,3006567,sandstone,Mesozoic,72.0
10.0780,21.5381,3006567,sandstone,Mesozoic,72.0
10.2564,21.5381,2954406,sandstone,Mesozoic,67.2
10.4348,21.5381,2954406,sandstone,Mesozoic,67.2
10.6131,21.5381,2954406,sandstone,Mesozoic,67.2
10.7915,21.5381,2954406,sandstone,Mesozoic,67.2
10.9699,21.5381,2954406,sandstone,Mesozoic,67.2
11.1482,21.5381,2954406,sandstone,Mesozoic,67.2
11.3266,21.5381,2954406,sandstone,Mesozoic,67.2
11.5050,21.5381,2954406,sandstone,Mesozoic,67.2
11.6834,21.5381,2954406,sandstone,Mesozoic,67.2
11.8617,21.5381,2954406,sandstone,Mesozoic,67.2
12.0401,21.5381,2977433,basalt,Mesozoic,66.2
12.2185,21.5381,2977433,basalt,Mesozoic,66.2
12.3968,21.5381,2977433,basalt,Mesozoic,66.2
12.5752,21.5381,2977433,basalt,Mesozoic,66.2
12.7536,21.5381,2977433,basalt,Mesozoic,66.2
12.9320,21.5381,2954406,sandstone,Mesozoic,67.2
13.1103,21.5381,2954406,sandstone,Mesozoic,67.2
13.2887,21.5381,2954406,sandstone,Mesozoic,67.2
13.4671,21.5381,2954406,sandstone,Mesozoic,67.2
13.6455,21.5381,2954406,sandstone,Mesozoic,67.2
13.8238,21.5381,2954406,sandstone,Mesozoic,67.2
14.0022,21.5381,2954406,sandstone,Mesozoic,67.2
14.1806,21.5381,2954406,sandstone,Mesozoic,67.2
14.3589,21.5381,2954406,sandstone,Mesozoic,67.2
14.5373,21.5381,2954406,sandstone,Mesozoic,67.2
14.7157,21.5381,2954406,sandstone,Mesozoic,67.2
14.8941,21.5381,2954406,sandstone,Mesozoic,67.2
15.0724,21.5381,2954406,sandstone,Mesozoic,67.2
15.2508,21.5381,2960063,alluvium,Cenozoic,0.4
15.4292,21.5381,2960063,alluvium,Cenozoic,0.4
15.6075,21.5381,2960063,alluvium,Cenozoic,0.4
15.7859,21.5381,2960063,alluvium,Cenozoic,0.4
15.9643,21.5381,2960063,alluvium,Cenozoic,0.4
16.1427,21.5381,2960063,alluvium,Cenozoic,0.4
16.3210,21.5381,2960063,alluvium,Cenozoic,0.4
16.4994,21.5381,2960063,alluvium,Cenozoic,0.4
16.6778,21.5381,2954406,sandstone,Mesozoic,67.2
16.8561,21.5381,2954406,sandstone,Mesozoic,67.2
17.0345,21.5381,2954406,sandstone,Mesozoic,67.2
17.2129,21.5381,2954406,sandstone,Mesozoic,67.2
17.3913,21.5381,2954406,sandstone,Mesozoic,67.2
17.5696,21.5381,2954406,sandstone,Mesozoic,67.2
17.7480,21.5381,2954406,sandstone,Mesozoic,67.2
17.9264,21.5381,2954406,sandstone,Mesozoic,67.2
18.1048,21.5381,2954406,sandstone,Mesozoic,67.2
18.2831,21.5381,2954406,sandstone,Mesozoic,67.2
18.4615,21.5381,2954406,sandstone,Mesozoic,67.2
18.6399,21.5381,2954406,sandstone,Mesozoic,67.2
18.8182,21.5381,2954406,sandstone,Mesozoic,67.2
18.9966,21.5381,2954406,sandstone,Mesozoic,67.2
19.1750,21.5381,2954406,sandstone,Mesozoic,67.2
19.3534,21.5381,2954406,sandstone,Mesozoic,67.2
19.5317,21.5381,2954406,sandstone,Mesozoic,67.2
19.7101,21.5381,2960063,alluvium,Cenozoic,0.4
19.8885,21.5381,2960063,alluvium,Cenozoic,0.4
20.0668,21.5381,2960063,alluvium,Cenozoic,0.4
20.2452,21.5381,2960063,alluvium,Cenozoic,0.4
20.4236,21.5381,2960063,alluvium,Cenozoic,0.4
20.6020,21.5381,2960063,alluvium,Cenozoic,0.4
20.7803,21.5381,2960063,alluvium,Cenozoic,0.4
20.9587,21.5381,2960063,alluvium,Cenozoic,0.4
21.1371,21.5381,2960063,alluvium,Cenozoic,0.4
21.3154,21.5381,2960063,alluvium,Cenozoic,0.4
0.0892,21.7685,2855574,gneiss,Proterozoic,2050.0
0.2676,21.7685,2855574,gneiss,Proterozoic,2050.0
0.4459,21.7685,2832435,gneiss,Proterozoic,2050.0
0.6243,21.7685,2832435,gneiss,Proterozoic,2050.0
0.8027,21.7685,2832435,gneiss,Proterozoic,2050.0
0.9810,21.7685,2832435,gneiss,Proterozoic,2050.0
1.1594,21.7685,2832435,gneiss,Proterozoic,2050.0
1.3378,21.7685,2832435,gneiss,Proterozoic,2050.0
1.5162,21.7685,2832435,gneiss,Proterozoic,2050.0
1.6945,21.7685,2832435,gneiss,Proterozoic,2050.0
1.8729,21.7685,2832435,gneiss,Proterozoic,2050.0
2.0513,21.7685,2832435,gneiss,Proterozoic,2050.0
2.2296,21.7685,2832435,gneiss,Proterozoic,2050.0
2.4080,21.7685,2832435,gneiss,Proterozoic,2050.0
2.5864,21.7685,2832435,gneiss,Proterozoic,2050.0
2.7648,21.7685,2832435,gneiss,Proterozoic,2050.0
2.9431,21.7685,2832435,gneiss,Proterozoic,2050.0
3.1215,21.7685,2832435,gneiss,Proterozoic,2050.0
3.2999,21.7685,2832435,gneiss,Proterozoic,2050.0
3.4783,21.7685,2832435,gneiss,Proterozoic,2050.0
3.6566,21.7685,2832435,gneiss,Proterozoic,2050.0
3.8350,21.7685,2832435,gneiss,Proterozoic,2050.0
4.0134,21.7685,2832435,gneiss,Proterozoic,2050.0
4.1917,21.7685,2832435,gneiss,Proterozoic,2050.0
4.3701,21.7685,2832435,gneiss,Proterozoic,2050.0
4.5485,21.7685,2832435,gneiss,Proterozoic,2050.0
4.7269,21.7685,2832435,gneiss,Proterozoic,2050.0
4.9052,21.7685,2832435,gneiss,Proterozoic,2050.0
5.0836,21.7685,2832435,gneiss,Proterozoic,2050.0
5.2620,21.7685,2832435,gneiss,Proterozoic,2050.0
5.4403,21.7685,2832435,gneiss,Proterozoic,2050.0
5.6187,21.7685,2832435,gneiss,Proterozoic,2050.0
5.7971,21.7685,2832435,gneiss,Proterozoic,2050.0
5.9755,21.7685,2832435,gneiss,Proterozoic,2050.0
6.1538,21.7685,2832435,gneiss,Proterozoic,2050.0
6.3322,21.7685,2832435,gneiss,Proterozoic,2050.0
6.5106,21.7685,2832435,gneiss,Proterozoic,2050.0
6.6889,21.7685,2832435,gneiss,Proterozoic,2050.0
6.8673,21.7685,2832435,gneiss,Proterozoic,2050.0
7.0457,21.7685,2832435,gneiss,Proterozoic,2050.0
7.2241,21.7685,2832435,gneiss,Proterozoic,2050.0
7.4024,21.7685,2832435,gneiss,Proterozoic,2050.0
7.5808,21.7685,2832435,gneiss,Proterozoic,2050.0
7.7592,21.7685,2832435,gneiss,Proterozoic,2050.0
7.9376,21.7685,2832435,gneiss,Proterozoic,2050.0
8.1159,21.7685,2832435,gneiss,Proterozoic,2050.0
8.2943,21.7685,2832435,gneiss,Proterozoic,2050.0
8.4727,21.7685,3001358,sandstone,Paleozoic,283.0
8.6510,21.7685,3001358,sandstone,Paleozoic,283.0
8.8294,21.7685,3001358,sandstone,Paleozoic,283.0
9.0078,21.7685,3001358,sandstone,Paleozoic,283.0
9.1862,21.7685,2965681,sandstone,Mesozoic,156.9
9.3645,21.7685,2965681,sandstone,Mesozoic,156.9
9.5429,21.7685,2974958,shale,Mesozoic,86.9
9.7213,21.7685,3006567,sandstone,Mesozoic,72.0
9.8996,21.7685,3006567,sandstone,Mesozoic,72.0
10.0780,21.7685,3006567,sandstone,Mesozoic,72.0
10.2564,21.7685,2954406,sandstone,Mesozoic,67.2
10.4348,21.7685,2954406,sandstone,Mesozoic,67.2
10.6131,21.7685,2954406,sandstone,Mesozoic,67.2
10.7915,21.7685,2954406,sandstone,Mesozoic,67.2
10.9699,21.7685,2954406,sandstone,Mesozoic,67.2
11.1482,21.7685,2954406,sandstone,Mesozoic,67.2
11.3266,21.7685,2954406,sandstone,Mesozoic,67.2
11.5050,21.7685,2954406,sandstone,Mesozoic,67.2
11.6834,21.7685,2954406,sandstone,Mesozoic,67.2
11.8617,21.7685,2954406,sandstone,Mesozoic,67.2
12.0401,21.7685,2954406,sandstone,Mesozoic,67.2
12.2185,21.7685,2954406,sandstone,Mesozoic,67.2
12.3968,21.7685,2954406,sandstone,Mesozoic,67.2
12.5752,21.7685,2954406,sandstone,Mesozoic,67.2
12.7536,21.7685,2954406,sandstone,Mesozoic,67.2
12.9320,21.7685,2954406,sandstone,Mesozoic,67.2
13.1103,21.7685,2954406,sandstone,Mesozoic,67.2
13.2887,21.7685,2954406,sandstone,Mesozoic,67.2
13.4671,21.7685,2954406,sandstone,Mesozoic,67.2
13.6455,21.7685,2954406,sandstone,Mesozoic,67.2
13.8238,21.7685,2954406,sandstone,Mesozoic,67.2
14.0022,21.7685,2954406,sandstone,Mesozoic,67.2
14.1806,21.7685,2954406,sandstone,Mesozoic,67.2
14.3589,21.7685,2954406,sandstone,Mesozoic,67.2
14.5373,21.7685,2954406,sandstone,Mesozoic,67.2
14.7157,21.7685,2954406,sandstone,Mesozoic,67.2
14.8941,21.7685,2954406,sandstone,Mesozoic,67.2
15.0724,21.7685,2954406,sandstone,Mesozoic,67.2
15.2508,21.7685,2954406,sandstone,Mesozoic,67.2
15.4292,21.7685,2960063,alluvium,Cenozoic,0.4
15.6075,21.7685,2960063,alluvium,Cenozoic,0.4
15.7859,21.7685,2960063,alluvium,Cenozoic,0.4
15.9643,21.7685,2960063,alluvium,Cenozoic,0.4
16.1427,21.7685,2954406,sandstone,Mesozoic,67.2
16.3210,21.7685,2954406,sandstone,Mesozoic,67.2
16.4994,21.7685,2954406,sandstone,Mesozoic,67.2
16.6778,21.7685,2954406,sandstone,Mesozoic,67.2
16.8561,21.7685,2954406,sandstone,Mesozoic,67.2
17.0345,21.7685,2954406,sandstone,Mesozoic,67.2
17.2129,21.7685,2954406,sandstone,Mesozoic,67.2
17.3913,21.7685,2954406,sandstone,Mesozoic,67.2
17.5696,21.7685,2954406,sandstone,Mesozoic,67.2
17.7480,21.7685,2954406,sandstone,Mesozoic,67.2
17.9264,21.7685,2954406,sandstone,Mesozoic,67.2
18.1048,21.7685,2954406,sandstone,Mesozoic,67.2
18.2831,21.7685,2954406,sandstone,Mesozoic,67.2
18.4615,21.7685,2954406,sandstone,Mesozoic,67.2
18.6399,21.7685,2954406,sandstone,Mesozoic,67.2
18.8182,21.7685,2954406,sandstone,Mesozoic,67.2
18.9966,21.7685,2954406,sandstone,Mesozoic,67.2
19.1750,21.7685,2954406,sandstone,Mesozoic,67.2
19.3534,21.7685,2954406,sandstone,Mesozoic,67.2
19.5317,21.7685,2954406,sandstone,Mesozoic,67.2
19.7101,21.7685,2954406,sandstone,Mesozoic,67.2
19.8885,21.7685,2954406,sandstone,Mesozoic,67.2
20.0668,21.7685,2954406,sandstone,Mesozoic,67.2
20.2452,21.7685,2960063,alluvium,Cenozoic,0.4
20.4236,21.7685,2960063,alluvium,Cenozoic,0.4
20.6020,21.7685,2960063,alluvium,Cenozoic,0.4
20.7803,21.7685,2960063,alluvium,Cenozoic,0.4
20.9587,21.7685,2960063,alluvium,Cenozoic,0.4
21.1371,21.7685,2960063,alluvium,Cenozoic,0.4
21.3154,21.7685,2960063,alluvium,Cenozoic,0.4
0.0892,21.9988,2855574,gneiss,Proterozoic,2050.0
0.2676,21.9988,2855574,gneiss,Proterozoic,2050.0
0.4459,21.9988,2855574,gneiss,Proterozoic,2050.0
0.6243,21.9988,2832435,gneiss,Proterozoic,2050.0
0.8027,21.9988,2832435,gneiss,Proterozoic,2050.0
0.9810,21.9988,2832435,gneiss,Proterozoic,2050.0
1.1594,21.9988,2832435,gneiss,Proterozoic,2050.0
1.3378,21.9988,2832435,gneiss,Proterozoic,2050.0
1.5162,21.9988,2832435,gneiss,Proterozoic,2050.0
1.6945,21.9988,2832435,gneiss,Proterozoic,2050.0
1.8729,21.9988,2832435,gneiss,Proterozoic,2050.0
2.0513,21.9988,2832435,gneiss,Proterozoic,2050.0
2.2296,21.9988,2832435,gneiss,Proterozoic,2050.0
2.4080,21.9988,2832435,gneiss,Proterozoic,2050.0
2.5864,21.9988,2832435,gneiss,Proterozoic,2050.0
2.7648,21.9988,2832435,gneiss,Proterozoic,2050.0
2.9431,21.9988,2832435,gneiss,Proterozoic,2050.0
3.1215,21.9988,2832435,gneiss,Proterozoic,2050.0
3.2999,21.9988,2832435,gneiss,Proterozoic,2050.0
3.4783,21.9988,2832435,gneiss,Proterozoic,2050.0
3.6566,21.9988,2832435,gneiss,Proterozoic,2050.0
3.8350,21.9988,2832435,gneiss,Proterozoic,2050.0
4.0134,21.9988,2832435,gneiss,Proterozoic,2050.0
4.1917,21.9988,2832435,gneiss,Proterozoic,2050.0
4.3701,21.9988,2832435,gneiss,Proterozoic,2050.0
4.5485,21.9988,2832435,gneiss,Proterozoic,2050.0
4.7269,21.9988,2832435,gneiss,Proterozoic,2050.0
4.9052,21.9988,2832435,gneiss,Proterozoic,2050.0
5.0836,21.9988,2832435,gneiss,Proterozoic,2050.0
5.2620,21.9988,2832435,gneiss,Proterozoic,2050.0
5.4403,21.9988,2832435,gneiss,Proterozoic,2050.0
5.6187,21.9988,2832435,gneiss,Proterozoic,2050.0
5.7971,21.9988,2832435,gneiss,Proterozoic,2050.0
5.9755,21.9988,2832435,gneiss,Proterozoic,2050.0
6.1538,21.9988,2832435,gneiss,Proterozoic,2050.0
6.3322,21.9988,2832435,gneiss,Proterozoic,2050.0
6.5106,21.9988,2832435,gneiss,Proterozoic,2050.0
6.6889,21.9988,2832435,gneiss,Proterozoic,2050.0
6.8673,21.9988,2832435,gneiss,Proterozoic,2050.0
7.0457,21.9988,2832435,gneiss,Proterozoic,2050.0
7.2241,21.9988,2832435,gneiss,Proterozoic,2050.0
7.4024,21.9988,2832435,gneiss,Proterozoic,2050.0
7.5808,21.9988,2832435,gneiss,Proterozoic,2050.0
7.7592,21.9988,2832435,gneiss,Proterozoic,2050.0
7.9376,21.9988,2832435,gneiss,Proterozoic,2050.0
8.1159,21.9988,2832435,gneiss,Proterozoic,2050.0
8.2943,21.9988,2832435,gneiss,Proterozoic,2050.0
8.4727,21.9988,3001358,sandstone,Paleozoic,283.0
8.6510,21.9988,3001358,sandstone,Paleozoic,283.0
8.8294,21.9988,3001358,sandstone,Paleozoic,283.0
9.0078,21.9988,2965681,sandstone,Mesozoic,156.9
9.1862,21.9988,2965681,sandstone,Mesozoic,156.9
9.3645,21.9988,2974958,shale,Mesozoic,86.9
9.5429,21.9988,2974958,shale,Mesozoic,86.9
9.7213,21.9988,2974958,shale,Mesozoic,86.9
9.8996,21.9988,3006567,sandstone,Mesozoic,72.0
10.0780,21.9988,3006567,sandstone,Mesozoic,72.0
10.2564,21.9988,2954406,sandstone,Mesozoic,67.2
10.4348,21.9988,2954406,sandstone,Mesozoic,67.2
10.6131,21.9988,2954406,sandstone,Mesozoic,67.2
10.7915,21.9988,2954406,sandstone,Mesozoic,67.2
10.9699,21.9988,2954406,sandstone,Mesozoic,67.2
11.1482,21.9988,2954406,sandstone,Mesozoic,67.2
11.3266,21.9988,2954406,sandstone,Mesozoic,67.2
11.5050,21.9988,2954406,sandstone,Mesozoic,67.2
11.6834,21.9988,2954406,sandstone,Mesozoic,67.2
11.8617,21.9988,2954406,sandstone,Mesozoic,67.2
12.0401,21.9988,2954406,sandstone,Mesozoic,67.2
12.2185,21.9988,2954406,sandstone,Mesozoic,67.2
12.3968,21.9988,2954406,sandstone,Mesozoic,67.2
12.5752,21.9988,2954406,sandstone,Mesozoic,67.2
12.7536,21.9988,2954406,sandstone,Mesozoic,67.2
12.9320,21.9988,2954406,sandstone,Mesozoic,67.2
13.1103,21.9988,2954406,sandstone,Mesozoic,67.2
13.2887,21.9988,2954406,sandstone,Mesozoic,67.2
13.4671,21.9988,2954406,sandstone,Mesozoic,67.2
13.6455,21.9988,2954406,sandstone,Mesozoic,67.2
13.8238,21.9988,2954406,sandstone,Mesozoic,67.2
14.0022,21.9988,2954406,sandstone,Mesozoic,67.2
14.1806,21.9988,2954406,sandstone,Mesozoic,67.2
14.3589,21.9988,2954406,sandstone,Mesozoic,67.2
14.5373,21.9988,2954406,sandstone,Mesozoic,67.2
14.7157,21.9988,2954406,sandstone,Mesozoic,67.2
14.8941,21.9988,2954406,sandstone,Mesozoic,67.2
15.0724,21.9988,2954406,sandstone,Mesozoic,67.2
15.2508,21.9988,2954406,sandstone,Mesozoic,67.2
15.4292,21.9988,2954406,sandstone,Mesozoic,67.2
15.6075,21.9988,2954406,sandstone,Mesozoic,67.2
15.7859,21.9988,2954406,sandstone,Mesozoic,67.2
15.9643,21.9988,2954406,sandstone,Mesozoic,67.2
16.1427,21.9988,2954406,sandstone,Mesozoic,67.2
16.3210,21.9988,2954406,sandstone,Mesozoic,67.2
16.4994,21.9988,2954406,sandstone,Mesozoic,67.2
16.6778,21.9988,2954406,sandstone,Mesozoic,67.2
16.8561,21.9988,2954406,sandstone,Mesozoic,67.2
17.0345,21.9988,2954406,sandstone,Mesozoic,67.2
17.2129,21.9988,2954406,sandstone,Mesozoic,67.2
17.3913,21.9988,2954406,sandstone,Mesozoic,67.2
17.5696,21.9988,2954406,sandstone,Mesozoic,67.2
17.7480,21.9988,2954406,sandstone,Mesozoic,67.2
17.9264,21.9988,2954406,sandstone,Mesozoic,67.2
18.1048,21.9988,2954406,sandstone,Mesozoic,67.2
18.2831,21.9988,2954406,sandstone,Mesozoic,67.2
18.4615,21.9988,2954406,sandstone,Mesozoic,67.2
18.6399,21.9988,2954406,sandstone,Mesozoic,67.2
18.8182,21.9988,2954406,sandstone,Mesozoic,67.2
18.9966,21.9988,2954406,sandstone,Mesozoic,67.2
19.1750,21.9988,2954406,sandstone,Mesozoic,67.2
19.3534,21.9988,2954406,sandstone,Mesozoic,67.2
19.5317,21.9988,2954406,sandstone,Mesozoic,67.2
19.7101,21.9988,2954406,sandstone,Mesozoic,67.2
19.8885,21.9988,2954406,sandstone,Mesozoic,67.2
20.0668,21.9988,2954406,sandstone,Mesozoic,67.2
20.2452,21.9988,2954406,sandstone,Mesozoic,67.2
20.4236,21.9988,2954406,sandstone,Mesozoic,67.2
20.6020,21.9988,2960063,alluvium,Cenozoic,0.4
20.7803,21.9988,2960063,alluvium,Cenozoic,0.4
20.9587,21.9988,2960063,alluvium,Cenozoic,0.4
21.1371,21.9988,2960063,alluvium,Cenozoic,0.4
21.3154,21.9988,2960063,alluvium,Cenozoic,0.4
0.0892,22.2292,2855574,gneiss,Proterozoic,2050.0
0.2676,22.2292,2855574,gneiss,Proterozoic,2050.0
0.4459,22.2292,2855574,gneiss,Proterozoic,2050.0
0.6243,22.2292,2855574,gneiss,Proterozoic,2050.0
0.8027,22.2292,2855574,gneiss,Proterozoic,2050.0
0.9810,22.2292,2832435,gneiss,Proterozoic,2050.0
1.1594,22.2292,2832435,gneiss,Proterozoic,2050.0
1.3378,22.2292,2832435,gneiss,Proterozoic,2050.0
1.5162,22.2292,2832435,gneiss,Proterozoic,2050.0
1.6945,22.2292,2832435,gneiss,Proterozoic,2050.0
1.8729,22.2292,2832435,gneiss,Proterozoic,2050.0
2.0513,22.2292,2832435,gneiss,Proterozoic,2050.0
2.2296,22.2292,2832435,gneiss,Proterozoic,2050.0
2.4080,22.2292,2832435,gneiss,Proterozoic,2050.0
2.5864,22.2292,2832435,gneiss,Proterozoic,2050.0
2.7648,22.2292,2832435,gneiss,Proterozoic,2050.0
2.9431,22.2292,2832435,gneiss,Proterozoic,2050.0
3.1215,22.2292,2832435,gneiss,Proterozoic,2050.0
3.2999,22.2292,2832435,gneiss,Proterozoic,2050.0
3.4783,22.2292,2832435,gneiss,Proterozoic,2050.0
3.6566,22.2292,2832435,gneiss,Proterozoic,2050.0
3.8350,22.2292,2832435,gneiss,Proterozoic,2050.0
4.0134,22.2292,2832435,gneiss,Proterozoic,2050.0
4.1917,22.2292,2832435,gneiss,Proterozoic,2050.0
4.3701,22.2292,2832435,gneiss,Proterozoic,2050.0
4.5485,22.2292,2832435,gneiss,Proterozoic,2050.0
4.7269,22.2292,2832435,gneiss,Proterozoic,2050.0
4.9052,22.2292,2832435,gneiss,Proterozoic,2050.0
5.0836,22.2292,2832435,gneiss,Proterozoic,2050.0
5.2620,22.2292,2832435,gneiss,Proterozoic,2050.0
5.4403,22.2292,2832435,gneiss,Proterozoic,2050.0
5.6187,22.2292,2832435,gneiss,Proterozoic,2050.0
5.7971,22.2292,2832435,gneiss,Proterozoic,2050.0
5.9755,22.2292,2832435,gneiss,Proterozoic,2050.0
6.1538,22.2292,2832435,gneiss,Proterozoic,2050.0
6.3322,22.2292,2832435,gneiss,Proterozoic,2050.0
6.5106,22.2292,2832435,gneiss,Proterozoic,2050.0
6.6889,22.2292,2832435,gneiss,Proterozoic,2050.0
6.8673,22.2292,2832435,gneiss,Proterozoic,2050.0
7.0457,22.2292,2832435,gneiss,Proterozoic,2050.0
7.2241,22.2292,2832435,gneiss,Proterozoic,2050.0
7.4024,22.2292,2832435,gneiss,Proterozoic,2050.0
7.5808,22.2292,2832435,gneiss,Proterozoic,2050.0
7.7592,22.2292,2832435,gneiss,Proterozoic,2050.0
7.9376,22.2292,2832435,gneiss,Proterozoic,2050.0
8.1159,22.2292,2832435,gneiss,Proterozoic,2050.0
8.2943,22.2292,3001358,sandstone,Paleozoic,283.0
8.4727,22.2292,3001358,sandstone,Paleozoic,283.0
8.6510,22.2292,3001358,sandstone,Paleozoic,283.0
8.8294,22.2292,3001358,sandstone,Paleozoic,283.0
9.0078,22.2292,2974958,shale,Mesozoic,86.9
9.1862,22.2292,2974958,shale,Mesozoic,86.9
9.3645,22.2292,2974958,shale,Mesozoic,86.9
9.5429,22.2292,2974958,shale,Mesozoic,86.9
9.7213,22.2292,2974958,shale,Mesozoic,86.9
9.8996,22.2292,3006567,sandstone,Mesozoic,72.0
10.0780,22.2292,3006567,sandstone,Mesozoic,72.0
10.2564,22.2292,2954406,sandstone,Mesozoic,67.2
10.4348,22.2292,2954406,sandstone,Mesozoic,67.2
10.6131,22.2292,2954406,sandstone,Mesozoic,67.2
10.7915,22.2292,2954406,sandstone,Mesozoic,67.2
10.9699,22.2292,2954406,sandstone,Mesozoic,67.2
11.1482,22.2292,2954406,sandstone,Mesozoic,67.2
11.3266,22.2292,2954406,sandstone,Mesozoic,67.2
11.5050,22.2292,2954406,sandstone,Mesozoic,67.2
11.6834,22.2292,2954406,sandstone,Mesozoic,67.2
11.8617,22.2292,2954406,sandstone,Mesozoic,67.2
12.0401,22.2292,2954406,sandstone,Mesozoic,67.2
12.2185,22.2292,2954406,sandstone,Mesozoic,67.2
12.3968,22.2292,2954406,sandstone,Mesozoic,67.2
12.5752,22.2292,2954406,sandstone,Mesozoic,67.2
12.7536,22.2292,2954406,sandstone,Mesozoic,67.2
12.9320,22.2292,2954406,sandstone,Mesozoic,67.2
13.1103,22.2292,2954406,sandstone,Mesozoic,67.2
13.2887,22.2292,2954406,sandstone,Mesozoic,67.2
13.4671,22.2292,2954406,sandstone,Mesozoic,67.2
13.6455,22.2292,2954406,sandstone,Mesozoic,67.2
13.8238,22.2292,2954406,sandstone,Mesozoic,67.2
14.0022,22.2292,2954406,sandstone,Mesozoic,67.2
14.1806,22.2292,2954406,sandstone,Mesozoic,67.2
14.3589,22.2292,2954406,sandstone,Mesozoic,67.2
14.5373,22.2292,2954406,sandstone,Mesozoic,67.2
14.7157,22.2292,2954406,sandstone,Mesozoic,67.2
14.8941,22.2292,2954406,sandstone,Mesozoic,67.2
15.0724,22.2292,2954406,sandstone,Mesozoic,67.2
15.2508,22.2292,2954406,sandstone,Mesozoic,67.2
15.4292,22.2292,2954406,sandstone,Mesozoic,67.2
15.6075,22.2292,2954406,sandstone,Mesozoic,67.2
15.7859,22.2292,2954406,sandstone,Mesozoic,67.2
15.9643,22.2292,2954406,sandstone,Mesozoic,67.2
16.1427,22.2292,2954406,sandstone,Mesozoic,67.2
16.3210,22.2292,2954406,sandstone,Mesozoic,67.2
16.4994,22.2292,2954406,sandstone,Mesozoic,67.2
16.6778,22.2292,2954406,sandstone,Mesozoic,67.2
16.8561,22.2292,2954406,sandstone,Mesozoic,67.2
17.0345,22.2292,2954406,sandstone,Mesozoic,67.2
17.2129,22.2292,2954406,sandstone,Mesozoic,67.2
17.3913,22.2292,2954406,sandstone,Mesozoic,67.2
17.5696,22.2292,2954406,sandstone,Mesozoic,67.2
17.7480,22.2292,2954406,sandstone,Mesozoic,67.2
17.9264,22.2292,2954406,sandstone,Mesozoic,67.2
18.1048,22.2292,2954406,sandstone,Mesozoic,67.2
18.2831,22.2292,2954406,sandstone,Mesozoic,67.2
18.4615,22.2292,2954406,sandstone,Mesozoic,67.2
18.6399,22.2292,2954406,sandstone,Mesozoic,67.2
18.8182,22.2292,2954406,sandstone,Mesozoic,67.2
18.9966,22.2292,2954406,sandstone,Mesozoic,67.2
19.1750,22.2292,2954406,sandstone,Mesozoic,67.2
19.3534,22.2292,2954406,sandstone,Mesozoic,67.2
19.5317,22.2292,2954406,sandstone,Mesozoic,67.2
19.7101,22.2292,2954406,sandstone,Mesozoic,67.2
19.8885,22.2292,2954406,sandstone,Mesozoic,67.2
20.0668,22.2292,2954406,sandstone,Mesozoic,67.2
20.2452,22.2292,2954406,sandstone,Mesozoic,67.2
20.4236,22.2292,2954406,sandstone,Mesozoic,67.2
20.6020,22.2292,2954406,sandstone,Mesozoic,67.2
20.7803,22.2292,2954406,sandstone,Mesozoic,67.2
20.9587,22.2292,2960063,alluvium,Cenozoic,0.4
21.1371,22.2292,2960063,alluvium,Cenozoic,0.4
21.3154,22.2292,2960063,alluvium,Cenozoic,0.4
0.0892,22.4595,2855574,gneiss,Proterozoic,2050.0
0.2676,22.4595,2855574,gneiss,Proterozoic,2050.0
0.4459,22.4595,2855574,gneiss,Proterozoic,2050.0
0.6243,22.4595,2855574,gneiss,Proterozoic,2050.0
0.8027,22.4595,2855574,gneiss,Proterozoic,2050.0
0.9810,22.4595,2855574,gneiss,Proterozoic,2050.0
1.1594,22.4595,2832435,gneiss,Proterozoic,2050.0
1.3378,22.4595,2832435,gneiss,Proterozoic,2050.0
1.5162,22.4595,2832435,gneiss,Proterozoic,2050.0
1.6945,22.4595,2832435,gneiss,Proterozoic,2050.0
1.8729,22.4595,2832435,gneiss,Proterozoic,2050.0
2.0513,22.4595,2832435,gneiss,Proterozoic,2050.0
2.2296,22.4595,2832435,gneiss,Proterozoic,2050.0
2.4080,22.4595,2832435,gneiss,Proterozoic,2050.0
2.5864,22.4595,2832435,gneiss,Proterozoic,2050.0
2.7648,22.4595,2832435,gneiss,Proterozoic,2050.0
2.9431,22.4595,2832435,gneiss,Proterozoic,2050.0
3.1215,22.4595,2832435,gneiss,Proterozoic,2050.0
3.2999,22.4595,2832435,gneiss,Proterozoic,2050.0
3.4783,22.4595,2832435,gneiss,Proterozoic,2050.0
3.6566,22.4595,2832435,gneiss,Proterozoic,2050.0
3.8350,22.4595,2832435,gneiss,Proterozoic,2050.0
4.0134,22.4595,2832435,gneiss,Proterozoic,2050.0
4.1917,22.4595,2832435,gneiss,Proterozoic,2050.0
4.3701,22.4595,2832435,gneiss,Proterozoic,2050.0
4.5485,22.4595,2832435,gneiss,Proterozoic,2050.0
4.7269,22.4595,2832435,gneiss,Proterozoic,2050.0
4.9052,22.4595,2832435,gneiss,Proterozoic,2050.0
5.0836,22.4595,2832435,gneiss,Proterozoic,2050.0
5.2620,22.4595,2832435,gneiss,Proterozoic,2050.0
5.4403,22.4595,2832435,gneiss,Proterozoic,2050.0
5.6187,22.4595,2832435,gneiss,Proterozoic,2050.0
5.7971,22.4595,2832435,gneiss,Proterozoic,2050.0
5.9755,22.4595,2832435,gneiss,Proterozoic,2050.0
6.1538,22.4595,2832435,gneiss,Proterozoic,2050.0
6.3322,22.4595,2832435,gneiss,Proterozoic,2050.0
6.5106,22.4595,2832435,gneiss,Proterozoic,2050.0
6.6889,22.4595,2832435,gneiss,Proterozoic,2050.0
6.8673,22.4595,2832435,gneiss,Proterozoic,2050.0
7.0457,22.4595,2832435,gneiss,Proterozoic,2050.0
7.2241,22.4595,2832435,gneiss,Proterozoic,2050.0
7.4024,22.4595,2832435,gneiss,Proterozoic,2050.0
7.5808,22.4595,2832435,gneiss,Proterozoic,2050.0
7.7592,22.4595,2832435,gneiss,Proterozoic,2050.0
7.9376,22.4595,2832435,gneiss,Proterozoic,2050.0
8.1159,22.4595,2832435,gneiss,Proterozoic,2050.0
8.2943,22.4595,3001358,sandstone,Paleozoic,283.0
8.4727,22.4595,3001358,sandstone,Paleozoic,283.0
8.6510,22.4595,3018520,sandstone,Mesozoic,156.9
8.8294,22.4595,3018520,sandstone,Mesozoic,156.9
9.0078,22.4595,2974958,shale,Mesozoic,86.9
9.1862,22.4595,2974958,shale,Mesozoic,86.9
9.3645,22.4595,2974958,shale,Mesozoic,86.9
9.5429,22.4595,2974958,shale,Mesozoic,86.9
9.7213,22.4595,2974958,shale,Mesozoic,86.9
9.8996,22.4595,3004815,shale,Mesozoic,79.6
10.0780,22.4595,3004815,shale,Mesozoic,79.6
10.2564,22.4595,3004815,shale,Mesozoic,79.6
10.4348,22.4595,2954406,sandstone,Mesozoic,67.2
10.6131,22.4595,2954406,sandstone,Mesozoic,67.2
10.7915,22.4595,2954406,sandstone,Mesozoic,67.2
10.9699,22.4595,2954406,sandstone,Mesozoic,67.2
11.1482,22.4595,2954406,sandstone,Mesozoic,67.2
11.3266,22.4595,2954406,sandstone,Mesozoic,67.2
11.5050,22.4595,2954406,sandstone,Mesozoic,67.2
11.6834,22.4595,2954406,sandstone,Mesozoic,67.2
11.8617,22.4595,2954406,sandstone,Mesozoic,67.2
12.0401,22.4595,2954406,sandstone,Mesozoic,67.2
12.2185,22.4595,2954406,sandstone,Mesozoic,67.2
12.3968,22.4595,2954406,sandstone,Mesozoic,67.2
12.5752,22.4595,2954406,sandstone,Mesozoic,67.2
12.7536,22.4595,2954406,sandstone,Mesozoic,67.2
12.9320,22.4595,2954406,sandstone,Mesozoic,67.2
13.1103,22.4595,2954406,sandstone,Mesozoic,67.2
13.2887,22.4595,2954406,sandstone,Mesozoic,67.2
13.4671,22.4595,2954406,sandstone,Mesozoic,67.2
13.6455,22.4595,2954406,sandstone,Mesozoic,67.2
13.8238,22.4595,2954406,sandstone,Mesozoic,67.2
14.0022,22.4595,2954406,sandstone,Mesozoic,67.2
14.1806,22.4595,2954406,sandstone,Mesozoic,67.2
14.3589,22.4595,2954406,sandstone,Mesozoic,67.2
14.5373,22.4595,2954406,sandstone,Mesozoic,67.2
14.7157,22.4595,2954406,sandstone,Mesozoic,67.2
14.8941,22.4595,2954406,sandstone,Mesozoic,67.2
15.0724,22.4595,2954406,sandstone,Mesozoic,67.2
15.2508,22.4595,2954406,sandstone,Mesozoic,67.2
15.4292,22.4595,2954406,sandstone,Mesozoic,67.2
15.6075,22.4595,2954406,sandstone,Mesozoic,67.2
15.7859,22.4595,2954406,sandstone,Mesozoic,67.2
15.9643,22.4595,2954406,sandstone,Mesozoic,67.2
16.1427,22.4595,2954406,sandstone,Mesozoic,67.2
16.3210,22.4595,2954406,sandstone,Mesozoic,67.2
16.4994,22.4595,2954406,sandstone,Mesozoic,67.2
16.6778,22.4595,2954406,sandstone,Mesozoic,67.2
16.8561,22.4595,2954406,sandstone,Mesozoic,67.2
17.0345,22.4595,2954406,sandstone,Mesozoic,67.2
17.2129,22.4595,2954406,sandstone,Mesozoic,67.2
17.3913,22.4595,2954406,sandstone,Mesozoic,67.2
17.5696,22.4595,2954406,sandstone,Mesozoic,67.2
17.7480,22.4595,2954406,sandstone,Mesozoic,67.2
17.9264,22.4595,2954406,sandstone,Mesozoic,67.2
18.1048,22.4595,2954406,sandstone,Mesozoic,67.2
18.2831,22.4595,2954406,sandstone,Mesozoic,67.2
18.4615,22.4595,2954406,sandstone,Mesozoic,67.2
18.6399,22.4595,2954406,sandstone,Mesozoic,67.2
18.8182,22.4595,2954406,sandstone,Mesozoic,67.2
18.9966,22.4595,2954406,sandstone,Mesozoic,67.2
19.1750,22.4595,2954406,sandstone,Mesozoic,67.2
19.3534,22.4595,2954406,sandstone,Mesozoic,67.2
19.5317,22.4595,2954406,sandstone,Mesozoic,67.2
19.7101,22.4595,2954406,sandstone,Mesozoic,67.2
19.8885,22.4595,2954406,sandstone,Mesozoic,67.2
20.0668,22.4595,2954406,sandstone,Mesozoic,67.2
20.2452,22.4595,2954406,sandstone,Mesozoic,67.2
20.4236,22.4595,2954406,sandstone,Mesozoic,67.2
20.6020,22.4595,2954406,sandstone,Mesozoic,67.2
20.7803,22.4595,2954406,sandstone,Mesozoic,67.2
20.9587,22.4595,2954406,sandstone,Mesozoic,67.2
21.1371,22.4595,2954406,sandstone,Mesozoic,67.2
21.3154,22.4595,2960063,alluvium,Cenozoic,0.4
0.0892,22.6899,2855574,gneiss,Proterozoic,2050.0
0.2676,22.6899,2855574,gneiss,Proterozoic,2050.0
0.4459,22.6899,2855574,gneiss,Proterozoic,2050.0
0.6243,22.6899,2855574,gneiss,Proterozoic,2050.0
0.8027,22.6899,2855574,gneiss,Proterozoic,2050.0
0.9810,22.6899,2855574,gneiss,Proterozoic,2050.0
1.1594,22.6899,2855574,gneiss,Proterozoic,2050.0
1.3378,22.6899,2855574,gneiss,Proterozoic,2050.0
1.5162,22.6899,2832435,gneiss,Proterozoic,2050.0
1.6945,22.6899,2832435,gneiss,Proterozoic,2050.0
1.8729,22.6899,2832435,gneiss,Proterozoic,2050.0
2.0513,22.6899,2832435,gneiss,Proterozoic,2050.0
2.2296,22.6899,2832435,gneiss,Proterozoic,2050.0
2.4080,22.6899,2832435,gneiss,Proterozoic,2050.0
2.5864,22.6899,2832435,gneiss,Proterozoic,2050.0
2.7648,22.6899,2832435,gneiss,Proterozoic,2050.0
2.9431,22.6899,2832435,gneiss,Proterozoic,2050.0
3.1215,22.6899,2832435,gneiss,Proterozoic,2050.0
3.2999,22.6899,2832435,gneiss,Proterozoic,2050.0
3.4783,22.6899,2832435,gneiss,Proterozoic,2050.0
3.6566,22.6899,2832435,gneiss,Proterozoic,2050.0
3.8350,22.6899,2832435,gneiss,Proterozoic,2050.0
4.0134,22.6899,2832435,gneiss,Proterozoic,2050.0
4.1917,22.6899,2832435,gneiss,Proterozoic,2050.0
4.3701,22.6899,2832435,gneiss,Proterozoic,2050.0
4.5485,22.6899,2832435,gneiss,Proterozoic,2050.0
4.7269,22.6899,2832435,gneiss,Proterozoic,2050.0
4.9052,22.6899,2832435,gneiss,Proterozoic,2050.0
5.0836,22.6899,2832435,gneiss,Proterozoic,2050.0
5.2620,22.6899,2832435,gneiss,Proterozoic,2050.0
5.4403,22.6899,2832435,gneiss,Proterozoic,2050.0
5.6187,22.6899,2832435,gneiss,Proterozoic,2050.0
5.7971,22.6899,2832435,gneiss,Proterozoic,2050.0
5.9755,22.6899,2832435,gneiss,Proterozoic,2050.0
6.1538,22.6899,2832435,gneiss,Proterozoic,2050.0
6.3322,22.6899,2832435,gneiss,Proterozoic,2050.0
6.5106,22.6899,2832435,gneiss,Proterozoic,2050.0
6.6889,22.6899,2832435,gneiss,Proterozoic,2050.0
6.8673,22.6899,2832435,gneiss,Proterozoic,2050.0
7.0457,22.6899,2832435,gneiss,Proterozoic,2050.0
7.2241,22.6899,2832435,gneiss,Proterozoic,2050.0
7.4024,22.6899,2832435,gneiss,Proterozoic,2050.0
7.5808,22.6899,2832435,gneiss,Proterozoic,2050.0
7.7592,22.6899,2832435,gneiss,Proterozoic,2050.0
7.9376,22.6899,3001358,sandstone,Paleozoic,283.0
8.1159,22.6899,3001358,sandstone,Paleozoic,283.0
8.2943,22.6899,3001358,sandstone,Paleozoic,283.0
8.4727,22.6899,3018520,sandstone,Mesozoic,156.9
8.6510,22.6899,3018520,sandstone,Mesozoic,156.9
8.8294,22.6899,2974958,shale,Mesozoic,86.9
9.0078,22.6899,2974958,shale,Mesozoic,86.9
9.1862,22.6899,2974958,shale,Mesozoic,86.9
9.3645,22.6899,2974958,shale,Mesozoic,86.9
9.5429,22.6899,2974958,shale,Mesozoic,86.9
9.7213,22.6899,2974958,shale,Mesozoic,86.9
9.8996,22.6899,3004815,shale,Mesozoic,79.6
10.0780,22.6899,3004815,shale,Mesozoic,79.6
10.2564,22.6899,3004815,shale,Mesozoic,79.6
10.4348,22.6899,3004815,shale,Mesozoic,79.6
10.6131,22.6899,3004815,shale,Mesozoic,79.6
10.7915,22.6899,2954406,sandstone,Mesozoic,67.2
10.9699,22.6899,2954406,sandstone,Mesozoic,67.2
11.1482,22.6899,2954406,sandstone,Mesozoic,67.2
11.3266,22.6899,2954406,sandstone,Mesozoic,67.2
11.5050,22.6899,2954406,sandstone,Mesozoic,67.2
11.6834,22.6899,2954406,sandstone,Mesozoic,67.2
11.8617,22.6899,2954406,sandstone,Mesozoic,67.2
12.0401,22.6899,2954406,sandstone,Mesozoic,67.2
12.2185,22.6899,2954406,sandstone,Mesozoic,67.2
12.3968,22.6899,2954406,sandstone,Mesozoic,67.2
12.5752,22.6899,2954406,sandstone,Mesozoic,67.2
12.7536,22.6899,2954406,sandstone,Mesozoic,67.2
12.9320,22.6899,2954406,sandstone,Mesozoic,67.2
13.1103,22.6899,2954406,sandstone,Mesozoic,67.2
13.2887,22.6899,2954406,sandstone,Mesozoic,67.2
13.4671,22.6899,2954406,sandstone,Mesozoic,67.2
13.6455,22.6899,2954406,sandstone,Mesozoic,67.2
13.8238,22.6899,2954406,sandstone,Mesozoic,67.2
14.0022,22.6899,2954406,sandstone,Mesozoic,67.2
14.1806,22.6899,2954406,sandstone,Mesozoic,67.2
14.3589,22.6899,2954406,sandstone,Mesozoic,67.2
14.5373,22.6899,2954406,sandstone,Mesozoic,67.2
14.7157,22.6899,2954406,sandstone,Mesozoic,67.2
14.8941,22.6899,2954406,sandstone,Mesozoic,67.2
15.0724,22.6899,2954406,sandstone,Mesozoic,67.2
15.2508,22.6899,2954406,sandstone,Mesozoic,67.2
15.4292,22.6899,2954406,sandstone,Mesozoic,67.2
15.6075,22.6899,2954406,sandstone,Mesozoic,67.2
15.7859,22.6899,2954406,sandstone,Mesozoic,67.2
15.9643,22.6899,2954406,sandstone,Mesozoic,67.2
16.1427,22.6899,2954406,sandstone,Mesozoic,67.2
16.3210,22.6899,2954406,sandstone,Mesozoic,67.2
16.4994,22.6899,2954406,sandstone,Mesozoic,67.2
16.6778,22.6899,2954406,sandstone,Mesozoic,67.2
16.8561,22.6899,2954406,sandstone,Mesozoic,67.2
17.0345,22.6899,2954406,sandstone,Mesozoic,67.2
17.2129,22.6899,2954406,sandstone,Mesozoic,67.2
17.3913,22.6899,2954406,sandstone,Mesozoic,67.2
17.5696,22.6899,2954406,sandstone,Mesozoic,67.2
17.7480,22.6899,2954406,sandstone,Mesozoic,67.2
17.9264,22.6899,2954406,sandstone,Mesozoic,67.2
18.1048,22.6899,2954406,sandstone,Mesozoic,67.2
18.2831,22.6899,2954406,sandstone,Mesozoic,67.2
18.4615,22.6899,2954406,sandstone,Mesozoic,67.2
18.6399,22.6899,2954406,sandstone,Mesozoic,67.2
18.8182,22.6899,2954406,sandstone,Mesozoic,67.2
18.9966,22.6899,2954406,sandstone,Mesozoic,67.2
19.1750,22.6899,2954406,sandstone,Mesozoic,67.2
19.3534,22.6899,2954406,sandstone,Mesozoic,67.2
19.5317,22.6899,2954406,sandstone,Mesozoic,67.2
19.7101,22.6899,2954406,sandstone,Mesozoic,67.2
19.8885,22.6899,2954406,sandstone,Mesozoic,67.2
20.0668,22.6899,2954406,sandstone,Mesozoic,67.2
20.2452,22.6899,2954406,sandstone,Mesozoic,67.2
20.4236,22.6899,2954406,sandstone,Mesozoic,67.2
20.6020,22.6899,2954406,sandstone,Mesozoic,67.2
20.7803,22.6899,2954406,sandstone,Mesozoic,67.2
20.9587,22.6899,2954406,sandstone,Mesozoic,67.2
21.1371,22.6899,2954406,sandstone,Mesozoic,67.2
21.3154,22.6899,2954406,sandstone,Mesozoic,67.2
0.0892,22.9202,2855574,gneiss,Proterozoic,2050.0
0.2676,22.9202,2855574,gneiss,Proterozoic,2050.0
0.4459,22.9202,2855574,gneiss,Proterozoic,2050.0
0.6243,22.9202,2855574,gneiss,Proterozoic,2050.0
0.8027,22.9202,2855574,gneiss,Proterozoic,2050.0
0.9810,22.9202,2855574,gneiss,Proterozoic,2050.0
1.1594,22.9202,2855574,gneiss,Proterozoic,2050.0
1.3378,22.9202,2855574,gneiss,Proterozoic,2050.0
1.5162,22.9202,2832435,gneiss,Proterozoic,2050.0
1.6945,22.9202,2832435,gneiss,Proterozoic,2050.0
1.8729,22.9202,2832435,gneiss,Proterozoic,2050.0
2.0513,22.9202,2832435,gneiss,Proterozoic,2050.0
2.2296,22.9202,2832435,gneiss,Proterozoic,2050.0
2.4080,22.9202,2832435,gneiss,Proterozoic,2050.0
2.5864,22.9202,2832435,gneiss,Proterozoic,2050.0
2.7648,22.9202,2832435,gneiss,Proterozoic,2050.0
2.9431,22.9202,2832435,gneiss,Proterozoic,2050.0
3.1215,22.9202,2832435,gneiss,Proterozoic,2050.0
3.2999,22.9202,2832435,gneiss,Proterozoic,2050.0
3.4783,22.9202,2832435,gneiss,Proterozoic,2050.0
3.6566,22.9202,2832435,gneiss,Proterozoic,2050.0
3.8350,22.9202,2832435,gneiss,Proterozoic,2050.0
4.0134,22.9202,2832435,gneiss,Proterozoic,2050.0
4.1917,22.9202,2832435,gneiss,Proterozoic,2050.0
4.3701,22.9202,2832435,gneiss,Proterozoic,2050.0
4.5485,22.9202,2832435,gneiss,Proterozoic,2050.0
4.7269,22.9202,2832435,gneiss,Proterozoic,2050.0
4.9052,22.9202,2832435,gneiss,Proterozoic,2050.0
5.0836,22.9202,2832435,gneiss,Proterozoic,2050.0
5.2620,22.9202,2832435,gneiss,Proterozoic,2050.0
5.4403,22.9202,2832435,gneiss,Proterozoic,2050.0
5.6187,22.9202,2832435,gneiss,Proterozoic,2050.0
5.7971,22.9202,2832435,gneiss,Proterozoic,2050.0
5.9755,22.9202,2832435,gneiss,Proterozoic,2050.0
6.1538,22.9202,2832435,gneiss,Proterozoic,2050.0
6.3322,22.9202,2832435,gneiss,Proterozoic,2050.0
6.5106,22.9202,2832435,gneiss,Proterozoic,2050.0
6.6889,22.9202,2832435,gneiss,Proterozoic,2050.0
6.8673,22.9202,2832435,gneiss,Proterozoic,2050.0
7.0457,22.9202,2832435,gneiss,Proterozoic,2050.0
7.2241,22.9202,2832435,gneiss,Proterozoic,2050.0
7.4024,22.9202,2832435,gneiss,Proterozoic,2050.0
7.5808,22.9202,2832435,gneiss,Proterozoic,2050.0
7.7592,22.9202,2832435,gneiss,Proterozoic,2050.0
7.9376,22.9202,3001358,sandstone,Paleozoic,283.0
8.1159,22.9202,3001358,sandstone,Paleozoic,283.0
8.2943,22.9202,3001358,sandstone,Paleozoic,283.0
8.4727,22.9202,3018520,sandstone,Mesozoic,156.9
8.6510,22.9202,3018520,sandstone,Mesozoic,156.9
8.8294,22.9202,2974958,shale,Mesozoic,86.9
9.0078,22.9202,2974958,shale,Mesozoic,86.9
9.1862,22.9202,2974958,shale,Mesozoic,86.9
9.3645,22.9202,2974958,shale,Mesozoic,86.9
9.5429,22.9202,2974958,shale,Mesozoic,86.9
9.7213,22.9202,2974958,shale,Mesozoic,86.9
9.8996,22.9202,2952571,granite,Mesozoic,54.9
10.0780,22.9202,2952571,granite,Mesozoic,54.9
10.2564,22.9202,2952571,granite,Mesozoic,54.9
10.4348,22.9202,2952571,granite,Mesozoic,54.9
10.6131,22.9202,3004815,shale,Mesozoic,79.6
10.7915,22.9202,3004815,shale,Mesozoic,79.6
10.9699,22.9202,3004815,shale,Mesozoic,79.6
11.1482,22.9202,2954406,sandstone,Mesozoic,67.2
11.3266,22.9202,2954406,sandstone,Mesozoic,67.2
11.5050,22.9202,2954406,sandstone,Mesozoic,67.2
11.6834,22.9202,2954406,sandstone,Mesozoic,67.2
11.8617,22.9202,2954406,sandstone,Mesozoic,67.2
12.0401,22.9202,2954406,sandstone,Mesozoic,67.2
12.2185,22.9202,2954406,sandstone,Mesozoic,67.2
12.3968,22.9202,2954406,sandstone,Mesozoic,67.2
12.5752,22.9202,2954406,sandstone,Mesozoic,67.2
12.7536,22.9202,2954406,sandstone,Mesozoic,67.2
12.9320,22.9202,2954406,sandstone,Mesozoic,67.2
13.1103,22.9202,2954406,sandstone,Mesozoic,67.2
13.2887,22.9202,2954406,sandstone,Mesozoic,67.2
13.4671,22.9202,2954406,sandstone,Mesozoic,67.2
13.6455,22.9202,2954406,sandstone,Mesozoic,67.2
13.8238,22.9202,2954406,sandstone,Mesozoic,67.2
14.0022,22.9202,2954406,sandstone,Mesozoic,67.2
14.1806,22.9202,2954406,sandstone,Mesozoic,67.2
14.3589,22.9202,2954406,sandstone,Mesozoic,67.2
14.5373,22.9202,2954406,sandstone,Mesozoic,67.2
14.7157,22.9202,2954406,sandstone,Mesozoic,67.2
14.8941,22.9202,2954406,sandstone,Mesozoic,67.2
15.0724,22.9202,2954406,sandstone,Mesozoic,67.2
15.2508,22.9202,2954406,sandstone,Mesozoic,67.2
15.4292,22.9202,2954406,sandstone,Mesozoic,67.2
15.6075,22.9202,2954406,sandstone,Mesozoic,67.2
15.7859,22.9202,2954406,sandstone,Mesozoic,67.2
15.9643,22.9202,2954406,sandstone,Mesozoic,67.2
16.1427,22.9202,2954406,sandstone,Mesozoic,67.2
16.3210,22.9202,2954406,sandstone,Mesozoic,67.2
16.4994,22.9202,2954406,sandstone,Mesozoic,67.2
16.6778,22.9202,2954406,sandstone,Mesozoic,67.2
16.8561,22.9202,2954406,sandstone,Mesozoic,67.2
17.0345,22.9202,2954406,sandstone,Mesozoic,67.2
17.2129,22.9202,2954406,sandstone,Mesozoic,67.2
17.3913,22.9202,2954406,sandstone,Mesozoic,67.2
17.5696,22.9202,2954406,sandstone,Mesozoic,67.2
17.7480,22.9202,2954406,sandstone,Mesozoic,67.2
17.9264,22.9202,2954406,sandstone,Mesozoic,67.2
18.1048,22.9202,2954406,sandstone,Mesozoic,67.2
18.2831,22.9202,2954406,sandstone,Mesozoic,67.2
18.4615,22.9202,2954406,sandstone,Mesozoic,67.2
18.6399,22.9202,2954406,sandstone,Mesozoic,67.2
18.8182,22.9202,2954406,sandstone,Mesozoic,67.2
18.9966,22.9202,2954406,sandstone,Mesozoic,67.2
19.1750,22.9202,2954406,sandstone,Mesozoic,67.2
19.3534,22.9202,2954406,sandstone,Mesozoic,67.2
19.5317,22.9202,2954406,sandstone,Mesozoic,67.2
19.7101,22.9202,2954406,sandstone,Mesozoic,67.2
19.8885,22.9202,2954406,sandstone,Mesozoic,67.2
20.0668,22.9202,2954406,sandstone,Mesozoic,67.2
20.2452,22.9202,2954406,sandstone,Mesozoic,67.2
20.4236,22.9202,2954406,sandstone,Mesozoic,67.2
20.6020,22.9202,2954406,sandstone,Mesozoic,67.2
20.7803,22.9202,2954406,sandstone,Mesozoic,67.2
20.9587,22.9202,2954406,sandstone,Mesozoic,67.2
21.1371,22.9202,2954406,sandstone,Mesozoic,67.2
21.3154,22.9202,2954406,sandstone,Mesozoic,67.2
0.0892,23.1506,2855574,gneiss,Proterozoic,2050.0
0.2676,23.1506,2855574,gneiss,Proterozoic,2050.0
0.4459,23.1506,2855574,gneiss,Proterozoic,2050.0
0.6243,23.1506,2855574,gneiss,Proterozoic,2050.0
0.8027,23.1506,2855574,gneiss,Proterozoic,2050.0
0.9810,23.1506,2855574,gneiss,Proterozoic,2050.0
1.1594,23.1506,2855574,gneiss,Proterozoic,2050.0
1.3378,23.1506,2855574,gneiss,Proterozoic,2050.0
1.5162,23.1506,2855574,gneiss,Proterozoic,2050.0
1.6945,23.1506,2832435,gneiss,Proterozoic,2050.0
1.8729,23.1506,2832435,gneiss,Proterozoic,2050.0
2.0513,23.1506,2832435,gneiss,Proterozoic,2050.0
2.2296,23.1506,2832435,gneiss,Proterozoic,2050.0
2.4080,23.1506,2832435,gneiss,Proterozoic,2050.0
2.5864,23.1506,2832435,gneiss,Proterozoic,2050.0
2.7648,23.1506,2832435,gneiss,Proterozoic,2050.0
2.9431,23.1506,2832435,gneiss,Proterozoic,2050.0
3.1215,23.1506,2832435,gneiss,Proterozoic,2050.0
3.2999,23.1506,2832435,gneiss,Proterozoic,2050.0
3.4783,23.1506,2832435,gneiss,Proterozoic,2050.0
3.6566,23.1506,2832435,gneiss,Proterozoic,2050.0
3.8350,23.1506,2832435,gneiss,Proterozoic,2050.0
4.0134,23.1506,2832435,gneiss,Proterozoic,2050.0
4.1917,23.1506,2832435,gneiss,Proterozoic,2050.0
4.3701,23.1506,2832435,gneiss,Proterozoic,2050.0
4.5485,23.1506,2832435,gneiss,Proterozoic,2050.0
4.7269,23.1506,2832435,gneiss,Proterozoic,2050.0
4.9052,23.1506,2832435,gneiss,Proterozoic,2050.0
5.0836,23.1506,2832435,gneiss,Proterozoic,2050.0
5.2620,23.1506,2832435,gneiss,Proterozoic,2050.0
5.4403,23.1506,2832435,gneiss,Proterozoic,2050.0
5.6187,23.1506,2832435,gneiss,Proterozoic,2050.0
5.7971,23.1506,2832435,gneiss,Proterozoic,2050.0
5.9755,23.1506,2832435,gneiss,Proterozoic,2050.0
6.1538,23.1506,2832435,gneiss,Proterozoic,2050.0
6.3322,23.1506,2832435,gneiss,Proterozoic,2050.0
6.5106,23.1506,2832435,gneiss,Proterozoic,2050.0
6.6889,23.1506,2832435,gneiss,Proterozoic,2050.0
6.8673,23.1506,2832435,gneiss,Proterozoic,2050.0
7.0457,23.1506,2832435,gneiss,Proterozoic,2050.0
7.2241,23.1506,2832435,gneiss,Proterozoic,2050.0
7.4024,23.1506,2832435,gneiss,Proterozoic,2050.0
7.5808,23.1506,2832435,gneiss,Proterozoic,2050.0
7.7592,23.1506,2832435,gneiss,Proterozoic,2050.0
7.9376,23.1506,3001358,sandstone,Paleozoic,283.0
8.1159,23.1506,3001358,sandstone,Paleozoic,283.0
8.2943,23.1506,3001358,sandstone,Paleozoic,283.0
8.4727,23.1506,3018520,sandstone,Mesozoic,156.9
8.6510,23.1506,3018520,sandstone,Mesozoic,156.9
8.8294,23.1506,2974958,shale,Mesozoic,86.9
9.0078,23.1506,2974958,shale,Mesozoic,86.9
9.1862,23.1506,2974958,shale,Mesozoic,86.9
9.3645,23.1506,2974958,shale,Mesozoic,86.9
9.5429,23.1506,2974958,shale,Mesozoic,86.9
9.7213,23.1506,2974958,shale,Mesozoic,86.9
9.8996,23.1506,2952571,granite,Mesozoic,54.9
10.0780,23.1506,2952571,granite,Mesozoic,54.9
10.2564,23.1506,2952571,granite,Mesozoic,54.9
10.4348,23.1506,2952571,granite,Mesozoic,54.9
10.6131,23.1506,3004815,shale,Mesozoic,79.6
10.7915,23.1506,3004815,shale,Mesozoic,79.6
10.9699,23.1506,3004815,shale,Mesozoic,79.6
11.1482,23.1506,3004815,shale,Mesozoic,79.6
11.3266,23.1506,3004815,shale,Mesozoic,79.6
11.5050,23.1506,2954406,sandstone,Mesozoic,67.2
11.6834,23.1506,2954406,sandstone,Mesozoic,67.2
11.8617,23.1506,2954406,sandstone,Mesozoic,67.2
12.0401,23.1506,2954406,sandstone,Mesozoic,67.2
12.2185,23.1506,2954406,sandstone,Mesozoic,67.2
12.3968,23.1506,2954406,sandstone,Mesozoic,67.2
12.5752,23.1506,2954406,sandstone,Mesozoic,67.2
12.7536,23.1506,2954406,sandstone,Mesozoic,67.2
12.9320,23.1506,2954406,sandstone,Mesozoic,67.2
13.1103,23.1506,2954406,sandstone,Mesozoic,67.2
13.2887,23.1506,2954406,sandstone,Mesozoic,67.2
13.4671,23.1506,2954406,sandstone,Mesozoic,67.2
13.6455,23.1506,2954406,sandstone,Mesozoic,67.2
13.8238,23.1506,2954406,sandstone,Mesozoic,67.2
14.0022,23.1506,2954406,sandstone,Mesozoic,67.2
14.1806,23.1506,2954406,sandstone,Mesozoic,67.2
14.3589,23.1506,2954406,sandstone,Mesozoic,67.2
14.5373,23.1506,2954406,sandstone,Mesozoic,67.2
14.7157,23.1506,2954406,sandstone,Mesozoic,67.2
14.8941,23.1506,2954406,sandstone,Mesozoic,67.2
15.0724,23.1506,2954406,sandstone,Mesozoic,67.2
15.2508,23.1506,2954406,sandstone,Mesozoic,67.2
15.4292,23.1506,2954406,sandstone,Mesozoic,67.2
15.6075,23.1506,2954406,sandstone,Mesozoic,67.2
15.7859,23.1506,2954406,sandstone,Mesozoic,67.2
15.9643,23.1506,2954406,sandstone,Mesozoic,67.2
16.1427,23.1506,2954406,sandstone,Mesozoic,67.2
16.3210,23.1506,2954406,sandstone,Mesozoic,67.2
16.4994,23.1506,2954406,sandstone,Mesozoic,67.2
16.6778,23.1506,2954406,sandstone,Mesozoic,67.2
16.8561,23.1506,2954406,sandstone,Mesozoic,67.2
17.0345,23.1506,2954406,sandstone,Mesozoic,67.2
17.2129,23.1506,2954406,sandstone,Mesozoic,67.2
17.3913,23.1506,2954406,sandstone,Mesozoic,67.2
17.5696,23.1506,2954406,sandstone,Mesozoic,67.2
17.7480,23.1506,2954406,sandstone,Mesozoic,67.2
17.9264,23.1506,2954406,sandstone,Mesozoic,67.2
18.1048,23.1506,2954406,sandstone,Mesozoic,67.2
18.2831,23.1506,2954406,sandstone,Mesozoic,67.2
18.4615,23.1506,2954406,sandstone,Mesozoic,67.2
18.6399,23.1506,2954406,sandstone,Mesozoic,67.2
18.8182,23.1506,2954406,sandstone,Mesozoic,67.2
18.9966,23.1506,2954406,sandstone,Mesozoic,67.2
19.1750,23.1506,2954406,sandstone,Mesozoic,67.2
19.3534,23.1506,2954406,sandstone,Mesozoic,67.2
19.5317,23.1506,2954406,sandstone,Mesozoic,67.2
19.7101,23.1506,2954406,sandstone,Mesozoic,67.2
19.8885,23.1506,2954406,sandstone,Mesozoic,67.2
20.0668,23.1506,2954406,sandstone,Mesozoic,67.2
20.2452,23.1506,2954406,sandstone,Mesozoic,67.2
20.4236,23.1506,2954406,sandstone,Mesozoic,67.2
20.6020,23.1506,2954406,sandstone,Mesozoic,67.2
20.7803,23.1506,2954406,sandstone,Mesozoic,67.2
20.9587,23.1506,2966014,alluvium,Cenozoic,1.3
21.1371,23.1506,2966014,alluvium,Cenozoic,1.3
21.3154,23.1506,2966014,alluvium,Cenozoic,1.3
0.0892,23.3809,2855574,gneiss,Proterozoic,2050.0
0.2676,23.3809,2855574,gneiss,Proterozoic,2050.0
0.4459,23.3809,2855574,gneiss,Proterozoic,2050.0
0.6243,23.3809,2855574,gneiss,Proterozoic,2050.0
0.8027,23.3809,2855574,gneiss,Proterozoic,2050.0
0.9810,23.3809,2855574,gneiss,Proterozoic,2050.0
1.1594,23.3809,2855574,gneiss,Proterozoic,2050.0
1.3378,23.3809,2855574,gneiss,Proterozoic,2050.0
1.5162,23.3809,2855574,gneiss,Proterozoic,2050.0
1.6945,23.3809,2832435,gneiss,Proterozoic,2050.0
1.8729,23.3809,2832435,gneiss,Proterozoic,2050.0
2.0513,23.3809,2832435,gneiss,Proterozoic,2050.0
2.2296,23.3809,2832435,gneiss,Proterozoic,2050.0
2.4080,23.3809,2832435,gneiss,Proterozoic,2050.0
2.5864,23.3809,2832435,gneiss,Proterozoic,2050.0
2.7648,23.3809,2832435,gneiss,Proterozoic,2050.0
2.9431,23.3809,2832435,gneiss,Proterozoic,2050.0
3.1215,23.3809,2832435,gneiss,Proterozoic,2050.0
3.2999,23.3809,2832435,gneiss,Proterozoic,2050.0
3.4783,23.3809,2832435,gneiss,Proterozoic,2050.0
3.6566,23.3809,2832435,gneiss,Proterozoic,2050.0
3.8350,23.3809,2832435,gneiss,Proterozoic,2050.0
4.0134,23.3809,2832435,gneiss,Proterozoic,2050.0
4.1917,23.3809,2832435,gneiss,Proterozoic,2050.0
4.3701,23.3809,2832435,gneiss,Proterozoic,2050.0
4.5485,23.3809,2832435,gneiss,Proterozoic,2050.0
4.7269,23.3809,2832435,gneiss,Proterozoic,2050.0
4.9052,23.3809,2832435,gneiss,Proterozoic,2050.0
5.0836,23.3809,2832435,gneiss,Proterozoic,2050.0
5.2620,23.3809,2832435,gneiss,Proterozoic,2050.0
5.4403,23.3809,2832435,gneiss,Proterozoic,2050.0
5.6187,23.3809,2832435,gneiss,Proterozoic,2050.0
5.7971,23.3809,2832435,gneiss,Proterozoic,2050.0
5.9755,23.3809,2832435,gneiss,Proterozoic,2050.0
6.1538,23.3809,2832435,gneiss,Proterozoic,2050.0
6.3322,23.3809,2832435,gneiss,Proterozoic,2050.0
6.5106,23.3809,2832435,gneiss,Proterozoic,2050.0
6.6889,23.3809,2832435,gneiss,Proterozoic,2050.0
6.8673,23.3809,2832435,gneiss,Proterozoic,2050.0
7.0457,23.3809,2832435,gneiss,Proterozoic,2050.0
7.2241,23.3809,2832435,gneiss,Proterozoic,2050.0
7.4024,23.3809,2832435,gneiss,Proterozoic,2050.0
7.5808,23.3809,2832435,gneiss,Proterozoic,2050.0
7.7592,23.3809,3001358,sandstone,Paleozoic,283.0
7.9376,23.3809,3001358,sandstone,Paleozoic,283.0
8.1159,23.3809,3001358,sandstone,Paleozoic,283.0
8.2943,23.3809,3018520,sandstone,Mesozoic,156.9
8.4727,23.3809,3018520,sandstone,Mesozoic,156.9
8.6510,23.3809,2974958,shale,Mesozoic,86.9
8.8294,23.3809,2974958,shale,Mesozoic,86.9
9.0078,23.3809,2974958,shale,Mesozoic,86.9
9.1862,23.3809,2974958,shale,Mesozoic,86.9
9.3645,23.3809,2974958,shale,Mesozoic,86.9
9.5429,23.3809,2974958,shale,Mesozoic,86.9
9.7213,23.3809,2952571,granite,Mesozoic,54.9
9.8996,23.3809,2952571,granite,Mesozoic,54.9
10.0780,23.3809,2952571,granite,Mesozoic,54.9
10.2564,23.3809,3004815,shale,Mesozoic,79.6
10.4348,23.3809,3004815,shale,Mesozoic,79.6
10.6131,23.3809,3004815,shale,Mesozoic,79.6
10.7915,23.3809,3004815,shale,Mesozoic,79.6
10.9699,23.3809,3004815,shale,Mesozoic,79.6
11.1482,23.3809,3004815,shale,Mesozoic,79.6
11.3266,23.3809,3004815,shale,Mesozoic,79.6
11.5050,23.3809,2954406,sandstone,Mesozoic,67.2
11.6834,23.3809,2954406,sandstone,Mesozoic,67.2
11.8617,23.3809,2954406,sandstone,Mesozoic,67.2
12.0401,23.3809,2954406,sandstone,Mesozoic,67.2
12.2185,23.3809,2954406,sandstone,Mesozoic,67.2
12.3968,23.3809,2954406,sandstone,Mesozoic,67.2
12.5752,23.3809,2954406,sandstone,Mesozoic,67.2
12.7536,23.3809,2954406,sandstone,Mesozoic,67.2
12.9320,23.3809,2954406,sandstone,Mesozoic,67.2
13.1103,23.3809,2954406,sandstone,Mesozoic,67.2
13.2887,23.3809,2954406,sandstone,Mesozoic,67.2
13.4671,23.3809,2954406,sandstone,Mesozoic,67.2
13.6455,23.3809,2954406,sandstone,Mesozoic,67.2
13.8238,23.3809,2954406,sandstone,Mesozoic,67.2
14.0022,23.3809,2954406,sandstone,Mesozoic,67.2
14.1806,23.3809,2954406,sandstone,Mesozoic,67.2
14.3589,23.3809,2954406,sandstone,Mesozoic,67.2
14.5373,23.3809,2954406,sandstone,Mesozoic,67.2
14.7157,23.3809,2954406,sandstone,Mesozoic,67.2
14.8941,23.3809,2954406,sandstone,Mesozoic,67.2
15.0724,23.3809,2954406,sandstone,Mesozoic,67.2
15.2508,23.3809,2954406,sandstone,Mesozoic,67.2
15.4292,23.3809,2954406,sandstone,Mesozoic,67.2
15.6075,23.3809,2954406,sandstone,Mesozoic,67.2
15.7859,23.3809,2954406,sandstone,Mesozoic,67.2
15.9643,23.3809,2954406,sandstone,Mesozoic,67.2
16.1427,23.3809,2954406,sandstone,Mesozoic,67.2
16.3210,23.3809,2954406,sandstone,Mesozoic,67.2
16.4994,23.3809,2954406,sandstone,Mesozoic,67.2
16.6778,23.3809,2954406,sandstone,Mesozoic,67.2
16.8561,23.3809,2954406,sandstone,Mesozoic,67.2
17.0345,23.3809,2954406,sandstone,Mesozoic,67.2
17.2129,23.3809,2954406,sandstone,Mesozoic,67.2
17.3913,23.3809,2954406,sandstone,Mesozoic,67.2
17.5696,23.3809,2954406,sandstone,Mesozoic,67.2
17.7480,23.3809,2954406,sandstone,Mesozoic,67.2
17.9264,23.3809,2954406,sandstone,Mesozoic,67.2
18.1048,23.3809,2954406,sandstone,Mesozoic,67.2
18.2831,23.3809,2954406,sandstone,Mesozoic,67.2
18.4615,23.3809,2954406,sandstone,Mesozoic,67.2
18.6399,23.3809,2954406,sandstone,Mesozoic,67.2
18.8182,23.3809,2954406,sandstone,Mesozoic,67.2
18.9966,23.3809,2954406,sandstone,Mesozoic,67.2
19.1750,23.3809,2954406,sandstone,Mesozoic,67.2
19.3534,23.3809,2954406,sandstone,Mesozoic,67.2
19.5317,23.3809,2954406,sandstone,Mesozoic,67.2
19.7101,23.3809,2954406,sandstone,Mesozoic,67.2
19.8885,23.3809,2954406,sandstone,Mesozoic,67.2
20.0668,23.3809,2954406,sandstone,Mesozoic,67.2
20.2452,23.3809,2954406,sandstone,Mesozoic,67.2
20.4236,23.3809,2954406,sandstone,Mesozoic,67.2
20.6020,23.3809,2966014,alluvium,Cenozoic,1.3
20.7803,23.3809,2966014,alluvium,Cenozoic,1.3
20.9587,23.3809,2966014,alluvium,Cenozoic,1.3
21.1371,23.3809,2966014,alluvium,Cenozoic,1.3
21.3154,23.3809,2966014,alluvium,Cenozoic,1.3
0.0892,23.6113,2855574,gneiss,Proterozoic,2050.0
0.2676,23.6113,2855574,gneiss,Proterozoic,2050.0
0.4459,23.6113,2855574,gneiss,Proterozoic,2050.0
0.6243,23.6113,2855574,gneiss,Proterozoic,2050.0
0.8027,23.6113,2855574,gneiss,Proterozoic,2050.0
0.9810,23.6113,2855574,gneiss,Proterozoic,2050.0
1.1594,23.6113,2855574,gneiss,Proterozoic,2050.0
1.3378,23.6113,2855574,gneiss,Proterozoic,2050.0
1.5162,23.6113,2855574,gneiss,Proterozoic,2050.0
1.6945,23.6113,2855574,gneiss,Proterozoic,2050.0
1.8729,23.6113,2832435,gneiss,Proterozoic,2050.0
2.0513,23.6113,2832435,gneiss,Proterozoic,2050.0
2.2296,23.6113,2832435,gneiss,Proterozoic,2050.0
2.4080,23.6113,2832435,gneiss,Proterozoic,2050.0
2.5864,23.6113,2832435,gneiss,Proterozoic,2050.0
2.7648,23.6113,2832435,gneiss,Proterozoic,2050.0
2.9431,23.6113,2832435,gneiss,Proterozoic,2050.0
3.1215,23.6113,2832435,gneiss,Proterozoic,2050.0
3.2999,23.6113,2832435,gneiss,Proterozoic,2050.0
3.4783,23.6113,2832435,gneiss,Proterozoic,2050.0
3.6566,23.6113,2832435,gneiss,Proterozoic,2050.0
3.8350,23.6113,2832435,gneiss,Proterozoic,2050.0
4.0134,23.6113,2832435,gneiss,Proterozoic,2050.0
4.1917,23.6113,2832435,gneiss,Proterozoic,2050.0
4.3701,23.6113,2832435,gneiss,Proterozoic,2050.0
4.5485,23.6113,2832435,gneiss,Proterozoic,2050.0
4.7269,23.6113,2832435,gneiss,Proterozoic,2050.0
4.9052,23.6113,2832435,gneiss,Proterozoic,2050.0
5.0836,23.6113,2832435,gneiss,Proterozoic,2050.0
5.2620,23.6113,2832435,gneiss,Proterozoic,2050.0
5.4403,23.6113,2832435,gneiss,Proterozoic,2050.0
5.6187,23.6113,2832435,gneiss,Proterozoic,2050.0
5.7971,23.6113,2832435,gneiss,Proterozoic,2050.0
5.9755,23.6113,2832435,gneiss,Proterozoic,2050.0
6.1538,23.6113,2832435,gneiss,Proterozoic,2050.0
6.3322,23.6113,2832435,gneiss,Proterozoic,2050.0
6.5106,23.6113,2832435,gneiss,Proterozoic,2050.0
6.6889,23.6113,2832435,gneiss,Proterozoic,2050.0
6.8673,23.6113,2832435,gneiss,Proterozoic,2050.0
7.0457,23.6113,2832435,gneiss,Proterozoic,2050.0
7.2241,23.6113,2832435,gneiss,Proterozoic,2050.0
7.4024,23.6113,2832435,gneiss,Proterozoic,2050.0
7.5808,23.6113,2832435,gneiss,Proterozoic,2050.0
7.7592,23.6113,3001358,sandstone,Paleozoic,283.0
7.9376,23.6113,3001358,sandstone,Paleozoic,283.0
8.1159,23.6113,3001358,sandstone,Paleozoic,283.0
8.2943,23.6113,3018520,sandstone,Mesozoic,156.9
8.4727,23.6113,3018520,sandstone,Mesozoic,156.9
8.6510,23.6113,2974958,shale,Mesozoic,86.9
8.8294,23.6113,2974958,shale,Mesozoic,86.9
9.0078,23.6113,2974958,shale,Mesozoic,86.9
9.1862,23.6113,2974958,shale,Mesozoic,86.9
9.3645,23.6113,2974958,shale,Mesozoic,86.9
9.5429,23.6113,2952571,granite,Mesozoic,54.9
9.7213,23.6113,2952571,granite,Mesozoic,54.9
9.8996,23.6113,3004815,shale,Mesozoic,79.6
10.0780,23.6113,3004815,shale,Mesozoic,79.6
10.2564,23.6113,3004815,shale,Mesozoic,79.6
10.4348,23.6113,3004815,shale,Mesozoic,79.6
10.6131,23.6113,3004815,shale,Mesozoic,79.6
10.7915,23.6113,3004815,shale,Mesozoic,79.6
10.9699,23.6113,3004815,shale,Mesozoic,79.6
11.1482,23.6113,3004815,shale,Mesozoic,79.6
11.3266,23.6113,3004815,shale,Mesozoic,79.6
11.5050,23.6113,3004815,shale,Mesozoic,79.6
11.6834,23.6113,2954406,sandstone,Mesozoic,67.2
11.8617,23.6113,2954406,sandstone,Mesozoic,67.2
12.0401,23.6113,2954406,sandstone,Mesozoic,67.2
12.2185,23.6113,2954406,sandstone,Mesozoic,67.2
12.3968,23.6113,2954406,sandstone,Mesozoic,67.2
12.5752,23.6113,2954406,sandstone,Mesozoic,67.2
12.7536,23.6113,2954406,sandstone,Mesozoic,67.2
12.9320,23.6113,2954406,sandstone,Mesozoic,67.2
13.1103,23.6113,2954406,sandstone,Mesozoic,67.2
13.2887,23.6113,2954406,sandstone,Mesozoic,67.2
13.4671,23.6113,2954406,sandstone,Mesozoic,67.2
13.6455,23.6113,2954406,sandstone,Mesozoic,67.2
13.8238,23.6113,2954406,sandstone,Mesozoic,67.2
14.0022,23.6113,2954406,sandstone,Mesozoic,67.2
14.1806,23.6113,2954406,sandstone,Mesozoic,67.2
14.3589,23.6113,2954406,sandstone,Mesozoic,67.2
14.5373,23.6113,2954406,sandstone,Mesozoic,67.2
14.7157,23.6113,2954406,sandstone,Mesozoic,67.2
14.8941,23.6113,2954406,sandstone,Mesozoic,67.2
15.0724,23.6113,2954406,sandstone,Mesozoic,67.2
15.2508,23.6113,2954406,sandstone,Mesozoic,67.2
15.4292,23.6113,2954406,sandstone,Mesozoic,67.2
15.6075,23.6113,2954406,sandstone,Mesozoic,67.2
15.7859,23.6113,2989446,alluvium,Cenozoic,0.4
15.9643,23.6113,2989446,alluvium,Cenozoic,0.4
16.1427,23.6113,2989446,alluvium,Cenozoic,0.4
16.3210,23.6113,2954406,sandstone,Mesozoic,67.2
16.4994,23.6113,2954406,sandstone,Mesozoic,67.2
16.6778,23.6113,2954406,sandstone,Mesozoic,67.2
16.8561,23.6113,2954406,sandstone,Mesozoic,67.2
17.0345,23.6113,2954406,sandstone,Mesozoic,67.2
17.2129,23.6113,2954406,sandstone,Mesozoic,67.2
17.3913,23.6113,2954406,sandstone,Mesozoic,67.2
17.5696,23.6113,2954406,sandstone,Mesozoic,67.2
17.7480,23.6113,2954406,sandstone,Mesozoic,67.2
17.9264,23.6113,2954406,sandstone,Mesozoic,67.2
18.1048,23.6113,2954406,sandstone,Mesozoic,67.2
18.2831,23.6113,2954406,sandstone,Mesozoic,67.2
18.4615,23.6113,2954406,sandstone,Mesozoic,67.2
18.6399,23.6113,2954406,sandstone,Mesozoic,67.2
18.8182,23.6113,2954406,sandstone,Mesozoic,67.2
18.9966,23.6113,2954406,sandstone,Mesozoic,67.2
19.1750,23.6113,2954406,sandstone,Mesozoic,67.2
19.3534,23.6113,2954406,sandstone,Mesozoic,67.2
19.5317,23.6113,2954406,sandstone,Mesozoic,67.2
19.7101,23.6113,2954406,sandstone,Mesozoic,67.2
19.8885,23.6113,2954406,sandstone,Mesozoic,67.2
20.0668,23.6113,2954406,sandstone,Mesozoic,67.2
20.2452,23.6113,2966014,alluvium,Cenozoic,1.3
20.4236,23.6113,2966014,alluvium,Cenozoic,1.3
20.6020,23.6113,2966014,alluvium,Cenozoic,1.3
20.7803,23.6113,2966014,alluvium,Cenozoic,1.3
20.9587,23.6113,2966014,alluvium,Cenozoic,1.3
21.1371,23.6113,2966014,alluvium,Cenozoic,1.3
21.3154,23.6113,2954406,sandstone,Mesozoic,67.2
0.0892,23.8417,2855574,gneiss,Proterozoic,2050.0
0.2676,23.8417,2855574,gneiss,Proterozoic,2050.0
0.4459,23.8417,2855574,gneiss,Proterozoic,2050.0
0.6243,23.8417,2855574,gneiss,Proterozoic,2050.0
0.8027,23.8417,2855574,gneiss,Proterozoic,2050.0
0.9810,23.8417,2855574,gneiss,Proterozoic,2050.0
1.1594,23.8417,2855574,gneiss,Proterozoic,2050.0
1.3378,23.8417,2855574,gneiss,Proterozoic,2050.0
1.5162,23.8417,2855574,gneiss,Proterozoic,2050.0
1.6945,23.8417,2855574,gneiss,Proterozoic,2050.0
1.8729,23.8417,2855574,gneiss,Proterozoic,2050.0
2.0513,23.8417,2855574,gneiss,Proterozoic,2050.0
2.2296,23.8417,2832435,gneiss,Proterozoic,2050.0
2.4080,23.8417,2832435,gneiss,Proterozoic,2050.0
2.5864,23.8417,2832435,gneiss,Proterozoic,2050.0
2.7648,23.8417,2832435,gneiss,Proterozoic,2050.0
2.9431,23.8417,2832435,gneiss,Proterozoic,2050.0
3.1215,23.8417,2832435,gneiss,Proterozoic,2050.0
3.2999,23.8417,2832435,gneiss,Proterozoic,2050.0
3.4783,23.8417,2832435,gneiss,Proterozoic,2050.0
3.6566,23.8417,2832435,gneiss,Proterozoic,2050.0
3.8350,23.8417,2832435,gneiss,Proterozoic,2050.0
4.0134,23.8417,2832435,gneiss,Proterozoic,2050.0
4.1917,23.8417,2832435,gneiss,Proterozoic,2050.0
4.3701,23.8417,2832435,gneiss,Proterozoic,2050.0
4.5485,23.8417,2832435,gneiss,Proterozoic,2050.0
4.7269,23.8417,2832435,gneiss,Proterozoic,2050.0
4.9052,23.8417,2832435,gneiss,Proterozoic,2050.0
5.0836,23.8417,2832435,gneiss,Proterozoic,2050.0
5.2620,23.8417,2832435,gneiss,Proterozoic,2050.0
5.4403,23.8417,2832435,gneiss,Proterozoic,2050.0
5.6187,23.8417,2832435,gneiss,Proterozoic,2050.0
5.7971,23.8417,2832435,gneiss,Proterozoic,2050.0
5.9755,23.8417,2832435,gneiss,Proterozoic,2050.0
6.1538,23.8417,2832435,gneiss,Proterozoic,2050.0
6.3322,23.8417,2832435,gneiss,Proterozoic,2050.0
6.5106,23.8417,2832435,gneiss,Proterozoic,2050.0
6.6889,23.8417,2832435,gneiss,Proterozoic,2050.0
6.8673,23.8417,2832435,gneiss,Proterozoic,2050.0
7.0457,23.8417,2832435,gneiss,Proterozoic,2050.0
7.2241,23.8417,2832435,gneiss,Proterozoic,2050.0
7.4024,23.8417,2832435,gneiss,Proterozoic,2050.0
7.5808,23.8417,2832435,gneiss,Proterozoic,2050.0
7.7592,23.8417,3001358,sandstone,Paleozoic,283.0
7.9376,23.8417,3001358,sandstone,Paleozoic,283.0
8.1159,23.8417,3001358,sandstone,Paleozoic,283.0
8.2943,23.8417,3018520,sandstone,Mesozoic,156.9
8.4727,23.8417,3018520,sandstone,Mesozoic,156.9
8.6510,23.8417,2974958,shale,Mesozoic,86.9
8.8294,23.8417,2974958,shale,Mesozoic,86.9
9.0078,23.8417,2974958,shale,Mesozoic,86.9
9.1862,23.8417,2974958,shale,Mesozoic,86.9
9.3645,23.8417,2952571,granite,Mesozoic,54.9
9.5429,23.8417,2952571,granite,Mesozoic,54.9
9.7213,23.8417,2952571,granite,Mesozoic,54.9
9.8996,23.8417,3004815,shale,Mesozoic,79.6
10.0780,23.8417,3004815,shale,Mesozoic,79.6
10.2564,23.8417,3004815,shale,Mesozoic,79.6
10.4348,23.8417,3004815,shale,Mesozoic,79.6
10.6131,23.8417,3004815,shale,Mesozoic,79.6
10.7915,23.8417,3004815,shale,Mesozoic,79.6
10.9699,23.8417,3004815,shale,Mesozoic,79.6
11.1482,23.8417,3004815,shale,Mesozoic,79.6
11.3266,23.8417,3004815,shale,Mesozoic,79.6
11.5050,23.8417,3004815,shale,Mesozoic,79.6
11.6834,23.8417,2954406,sandstone,Mesozoic,67.2
11.8617,23.8417,2954406,sandstone,Mesozoic,67.2
12.0401,23.8417,2954406,sandstone,Mesozoic,67.2
12.2185,23.8417,2954406,sandstone,Mesozoic,67.2
12.3968,23.8417,2954406,sandstone,Mesozoic,67.2
12.5752,23.8417,2954406,sandstone,Mesozoic,67.2
12.7536,23.8417,2989446,alluvium,Cenozoic,0.4
12.9320,23.8417,2989446,alluvium,Cenozoic,0.4
13.1103,23.8417,2989446,alluvium,Cenozoic,0.4
13.2887,23.8417,2989446,alluvium,Cenozoic,0.4
13.4671,23.8417,2989446,alluvium,Cenozoic,0.4
13.6455,23.8417,2989446,alluvium,Cenozoic,0.4
13.8238,23.8417,2989446,alluvium,Cenozoic,0.4
14.0022,23.8417,2989446,alluvium,Cenozoic,0.4
14.1806,23.8417,2989446,alluvium,Cenozoic,0.4
14.3589,23.8417,2989446,alluvium,Cenozoic,0.4
14.5373,23.8417,2989446,alluvium,Cenozoic,0.4
14.7157,23.8417,2989446,alluvium,Cenozoic,0.4
14.8941,23.8417,2989446,alluvium,Cenozoic,0.4
15.0724,23.8417,2954406,sandstone,Mesozoic,67.2
15.2508,23.8417,2989446,alluvium,Cenozoic,0.4
15.4292,23.8417,2989446,alluvium,Cenozoic,0.4
15.6075,23.8417,2989446,alluvium,Cenozoic,0.4
15.7859,23.8417,2989446,alluvium,Cenozoic,0.4
15.9643,23.8417,2989446,alluvium,Cenozoic,0.4
16.1427,23.8417,2989446,alluvium,Cenozoic,0.4
16.3210,23.8417,2989446,alluvium,Cenozoic,0.4
16.4994,23.8417,2954406,sandstone,Mesozoic,67.2
16.6778,23.8417,2954406,sandstone,Mesozoic,67.2
16.8561,23.8417,2954406,sandstone,Mesozoic,67.2
17.0345,23.8417,2954406,sandstone,Mesozoic,67.2
17.2129,23.8417,2954406,sandstone,Mesozoic,67.2
17.3913,23.8417,2954406,sandstone,Mesozoic,67.2
17.5696,23.8417,2954406,sandstone,Mesozoic,67.2
17.7480,23.8417,2954406,sandstone,Mesozoic,67.2
17.9264,23.8417,2954406,sandstone,Mesozoic,67.2
18.1048,23.8417,2954406,sandstone,Mesozoic,67.2
18.2831,23.8417,2954406,sandstone,Mesozoic,67.2
18.4615,23.8417,2954406,sandstone,Mesozoic,67.2
18.6399,23.8417,2954406,sandstone,Mesozoic,67.2
18.8182,23.8417,2954406,sandstone,Mesozoic,67.2
18.9966,23.8417,2954406,sandstone,Mesozoic,67.2
19.1750,23.8417,2954406,sandstone,Mesozoic,67.2
19.3534,23.8417,2954406,sandstone,Mesozoic,67.2
19.5317,23.8417,2954406,sandstone,Mesozoic,67.2
19.7101,23.8417,2954406,sandstone,Mesozoic,67.2
19.8885,23.8417,2954406,sandstone,Mesozoic,67.2
20.0668,23.8417,2966014,alluvium,Cenozoic,1.3
20.2452,23.8417,2966014,alluvium,Cenozoic,1.3
20.4236,23.8417,2966014,alluvium,Cenozoic,1.3
20.6020,23.8417,2966014,alluvium,Cenozoic,1.3
20.7803,23.8417,2966014,alluvium,Cenozoic,1.3
20.9587,23.8417,2966014,alluvium,Cenozoic,1.3
21.1371,23.8417,2954406,sandstone,Mesozoic,67.2
21.3154,23.8417,2954406,sandstone,Mesozoic,67.2
0.0892,24.0720,2855574,gneiss,Proterozoic,2050.0
0.2676,24.0720,2855574,gneiss,Proterozoic,2050.0
0.4459,24.0720,2855574,gneiss,Proterozoic,2050.0
0.6243,24.0720,2855574,gneiss,Proterozoic,2050.0
0.8027,24.0720,2855574,gneiss,Proterozoic,2050.0
0.9810,24.0720,2855574,gneiss,Proterozoic,2050.0
1.1594,24.0720,2855574,gneiss,Proterozoic,2050.0
1.3378,24.0720,2855574,gneiss,Proterozoic,2050.0
1.5162,24.0720,2855574,gneiss,Proterozoic,2050.0
1.6945,24.0720,2855574,gneiss,Proterozoic,2050.0
1.8729,24.0720,2855574,gneiss,Proterozoic,2050.0
2.0513,24.0720,2855574,gneiss,Proterozoic,2050.0
2.2296,24.0720,2855574,gneiss,Proterozoic,2050.0
2.4080,24.0720,2832435,gneiss,Proterozoic,2050.0
2.5864,24.0720,2832435,gneiss,Proterozoic,2050.0
2.7648,24.0720,2832435,gneiss,Proterozoic,2050.0
2.9431,24.0720,2832435,gneiss,Proterozoic,2050.0
3.1215,24.0720,2832435,gneiss,Proterozoic,2050.0
3.2999,24.0720,2832435,gneiss,Proterozoic,2050.0
3.4783,24.0720,2832435,gneiss,Proterozoic,2050.0
3.6566,24.0720,2832435,gneiss,Proterozoic,2050.0
3.8350,24.0720,2832435,gneiss,Proterozoic,2050.0
4.0134,24.0720,2832435,gneiss,Proterozoic,2050.0
4.1917,24.0720,2832435,gneiss,Proterozoic,2050.0
4.3701,24.0720,2832435,gneiss,Proterozoic,2050.0
4.5485,24.0720,2832435,gneiss,Proterozoic,2050.0
4.7269,24.0720,2832435,gneiss,Proterozoic,2050.0
4.9052,24.0720,2832435,gneiss,Proterozoic,2050.0
5.0836,24.0720,2832435,gneiss,Proterozoic,2050.0
5.2620,24.0720,2832435,gneiss,Proterozoic,2050.0
5.4403,24.0720,2832435,gneiss,Proterozoic,2050.0
5.6187,24.0720,2832435,gneiss,Proterozoic,2050.0
5.7971,24.0720,2832435,gneiss,Proterozoic,2050.0
5.9755,24.0720,2832435,gneiss,Proterozoic,2050.0
6.1538,24.0720,2832435,gneiss,Proterozoic,2050.0
6.3322,24.0720,2832435,gneiss,Proterozoic,2050.0
6.5106,24.0720,2832435,gneiss,Proterozoic,2050.0
6.6889,24.0720,2832435,gneiss,Proterozoic,2050.0
6.8673,24.0720,2832435,gneiss,Proterozoic,2050.0
7.0457,24.0720,2832435,gneiss,Proterozoic,2050.0
7.2241,24.0720,2832435,gneiss,Proterozoic,2050.0
7.4024,24.0720,2832435,gneiss,Proterozoic,2050.0
7.5808,24.0720,3001358,sandstone,Paleozoic,283.0
7.7592,24.0720,3001358,sandstone,Paleozoic,283.0
7.9376,24.0720,3001358,sandstone,Paleozoic,283.0
8.1159,24.0720,3018520,sandstone,Mesozoic,156.9
8.2943,24.0720,3018520,sandstone,Mesozoic,156.9
8.4727,24.0720,2974958,shale,Mesozoic,86.9
8.6510,24.0720,2974958,shale,Mesozoic,86.9
8.8294,24.0720,2974958,shale,Mesozoic,86.9
9.0078,24.0720,2974958,shale,Mesozoic,86.9
9.1862,24.0720,2952571,granite,Mesozoic,54.9
9.3645,24.0720,2952571,granite,Mesozoic,54.9
9.5429,24.0720,2952571,granite,Mesozoic,54.9
9.7213,24.0720,2952571,granite,Mesozoic,54.9
9.8996,24.0720,3004815,shale,Mesozoic,79.6
10.0780,24.0720,3004815,shale,Mesozoic,79.6
10.2564,24.0720,3004815,shale,Mesozoic,79.6
10.4348,24.0720,3004815,shale,Mesozoic,79.6
10.6131,24.0720,3004815,shale,Mesozoic,79.6
10.7915,24.0720,3004815,shale,Mesozoic,79.6
10.9699,24.0720,3004815,shale,Mesozoic,79.6
11.1482,24.0720,3004815,shale,Mesozoic,79.6
11.3266,24.0720,2954406,sandstone,Mesozoic,67.2
11.5050,24.0720,2954406,sandstone,Mesozoic,67.2
11.6834,24.0720,2954406,sandstone,Mesozoic,67.2
11.8617,24.0720,2954406,sandstone,Mesozoic,67.2
12.0401,24.0720,2954406,sandstone,Mesozoic,67.2
12.2185,24.0720,2954406,sandstone,Mesozoic,67.2
12.3968,24.0720,2954406,sandstone,Mesozoic,67.2
12.5752,24.0720,2989446,alluvium,Cenozoic,0.4
12.7536,24.0720,2989446,alluvium,Cenozoic,0.4
12.9320,24.0720,2989446,alluvium,Cenozoic,0.4
13.1103,24.0720,2989446,alluvium,Cenozoic,0.4
13.2887,24.0720,2989446,alluvium,Cenozoic,0.4
13.4671,24.0720,2989446,alluvium,Cenozoic,0.4
13.6455,24.0720,2989446,alluvium,Cenozoic,0.4
13.8238,24.0720,2989446,alluvium,Cenozoic,0.4
14.0022,24.0720,2989446,alluvium,Cenozoic,0.4
14.1806,24.0720,2989446,alluvium,Cenozoic,0.4
14.3589,24.0720,2989446,alluvium,Cenozoic,0.4
14.5373,24.0720,2989446,alluvium,Cenozoic,0.4
14.7157,24.0720,2989446,alluvium,Cenozoic,0.4
14.8941,24.0720,2989446,alluvium,Cenozoic,0.4
15.0724,24.0720,2989446,alluvium,Cenozoic,0.4
15.2508,24.0720,2989446,alluvium,Cenozoic,0.4
15.4292,24.0720,2989446,alluvium,Cenozoic,0.4
15.6075,24.0720,2989446,alluvium,Cenozoic,0.4
15.7859,24.0720,2989446,alluvium,Cenozoic,0.4
15.9643,24.0720,2989446,alluvium,Cenozoic,0.4
16.1427,24.0720,2989446,alluvium,Cenozoic,0.4
16.3210,24.0720,2989446,alluvium,Cenozoic,0.4
16.4994,24.0720,2989446,alluvium,Cenozoic,0.4
16.6778,24.0720,2989446,alluvium,Cenozoic,0.4
16.8561,24.0720,2954406,sandstone,Mesozoic,67.2
17.0345,24.0720,2954406,sandstone,Mesozoic,67.2
17.2129,24.0720,2954406,sandstone,Mesozoic,67.2
17.3913,24.0720,2954406,sandstone,Mesozoic,67.2
17.5696,24.0720,2954406,sandstone,Mesozoic,67.2
17.7480,24.0720,2954406,sandstone,Mesozoic,67.2
17.9264,24.0720,2954406,sandstone,Mesozoic,67.2
18.1048,24.0720,2954406,sandstone,Mesozoic,67.2
18.2831,24.0720,2954406,sandstone,Mesozoic,67.2
18.4615,24.0720,2954406,sandstone,Mesozoic,67.2
18.6399,24.0720,2954406,sandstone,Mesozoic,67.2
18.8182,24.0720,2954406,sandstone,Mesozoic,67.2
18.9966,24.0720,2954406,sandstone,Mesozoic,67.2
19.1750,24.0720,2954406,sandstone,Mesozoic,67.2
19.3534,24.0720,2954406,sandstone,Mesozoic,67.2
19.5317,24.0720,2954406,sandstone,Mesozoic,67.2
19.7101,24.0720,2966014,alluvium,Cenozoic,1.3
19.8885,24.0720,2966014,alluvium,Cenozoic,1.3
20.0668,24.0720,2966014,alluvium,Cenozoic,1.3
20.2452,24.0720,2966014,alluvium,Cenozoic,1.3
20.4236,24.0720,2966014,alluvium,Cenozoic,1.3
20.6020,24.0720,2966014,alluvium,Cenozoic,1.3
20.7803,24.0720,2954406,sandstone,Mesozoic,67.2
20.9587,24.0720,2954406,sandstone,Mesozoic,67.2
21.1371,24.0720,2954406,sandstone,Mesozoic,67.2
21.3154,24.0720,2954406,sandstone,Mesozoic,67.2
0.0892,24.3024,2855574,gneiss,Proterozoic,2050.0
0.2676,24.3024,2855574,gneiss,Proterozoic,2050.0
0.4459,24.3024,2855574,gneiss,Proterozoic,2050.0
0.6243,24.3024,2855574,gneiss,Proterozoic,2050.0
0.8027,24.3024,2855574,gneiss,Proterozoic,2050.0
0.9810,24.3024,2855574,gneiss,Proterozoic,2050.0
1.1594,24.3024,2855574,gneiss,Proterozoic,2050.0
1.3378,24.3024,2855574,gneiss,Proterozoic,2050.0
1.5162,24.3024,2855574,gneiss,Proterozoic,2050.0
1.6945,24.3024,2855574,gneiss,Proterozoic,2050.0
1.8729,24.3024,2855574,gneiss,Proterozoic,2050.0
2.0513,24.3024,2855574,gneiss,Proterozoic,2050.0
2.2296,24.3024,2855574,gneiss,Proterozoic,2050.0
2.4080,24.3024,2832435,gneiss,Proterozoic,2050.0
2.5864,24.3024,2832435,gneiss,Proterozoic,2050.0
2.7648,24.3024,2832435,gneiss,Proterozoic,2050.0
2.9431,24.3024,2832435,gneiss,Proterozoic,2050.0
3.1215,24.3024,2832435,gneiss,Proterozoic,2050.0
3.2999,24.3024,2832435,gneiss,Proterozoic,2050.0
3.4783,24.3024,2832435,gneiss,Proterozoic,2050.0
3.6566,24.3024,2832435,gneiss,Proterozoic,2050.0
3.8350,24.3024,2832435,gneiss,Proterozoic,2050.0
4.0134,24.3024,2832435,gneiss,Proterozoic,2050.0
4.1917,24.3024,2832435,gneiss,Proterozoic,2050.0
4.3701,24.3024,2832435,gneiss,Proterozoic,2050.0
4.5485,24.3024,2832435,gneiss,Proterozoic,2050.0
4.7269,24.3024,2832435,gneiss,Proterozoic,2050.0
4.9052,24.3024,2832435,gneiss,Proterozoic,2050.0
5.0836,24.3024,2832435,gneiss,Proterozoic,2050.0
5.2620,24.3024,2832435,gneiss,Proterozoic,2050.0
5.4403,24.3024,2832435,gneiss,Proterozoic,2050.0
5.6187,24.3024,2832435,gneiss,Proterozoic,2050.0
5.7971,24.3024,2832435,gneiss,Proterozoic,2050.0
5.9755,24.3024,2832435,gneiss,Proterozoic,2050.0
6.1538,24.3024,2832435,gneiss,Proterozoic,2050.0
6.3322,24.3024,2832435,gneiss,Proterozoic,2050.0
6.5106,24.3024,2832435,gneiss,Proterozoic,2050.0
6.6889,24.3024,2832435,gneiss,Proterozoic,2050.0
6.8673,24.3024,2832435,gneiss,Proterozoic,2050.0
7.0457,24.3024,2832435,gneiss,Proterozoic,2050.0
7.2241,24.3024,2832435,gneiss,Proterozoic,2050.0
7.4024,24.3024,2832435,gneiss,Proterozoic,2050.0
7.5808,24.3024,3001358,sandstone,Paleozoic,283.0
7.7592,24.3024,3001358,sandstone,Paleozoic,283.0
7.9376,24.3024,3001358,sandstone,Paleozoic,283.0
8.1159,24.3024,3018520,sandstone,Mesozoic,156.9
8.2943,24.3024,3018520,sandstone,Mesozoic,156.9
8.4727,24.3024,2974958,shale,Mesozoic,86.9
8.6510,24.3024,2974958,shale,Mesozoic,86.9
8.8294,24.3024,2974958,shale,Mesozoic,86.9
9.0078,24.3024,2974958,shale,Mesozoic,86.9
9.1862,24.3024,2952571,granite,Mesozoic,54.9
9.3645,24.3024,2952571,granite,Mesozoic,54.9
9.5429,24.3024,2952571,granite,Mesozoic,54.9
9.7213,24.3024,2952571,granite,Mesozoic,54.9
9.8996,24.3024,3004815,shale,Mesozoic,79.6
10.0780,24.3024,3004815,shale,Mesozoic,79.6
10.2564,24.3024,3004815,shale,Mesozoic,79.6
10.4348,24.3024,3004815,shale,Mesozoic,79.6
10.6131,24.3024,2723657,sandstone,Mesozoic,72.0
10.7915,24.3024,2954406,sandstone,Mesozoic,67.2
10.9699,24.3024,2954406,sandstone,Mesozoic,67.2
11.1482,24.3024,2954406,sandstone,Mesozoic,67.2
11.3266,24.3024,2954406,sandstone,Mesozoic,67.2
11.5050,24.3024,2954406,sandstone,Mesozoic,67.2
11.6834,24.3024,2954406,sandstone,Mesozoic,67.2
11.8617,24.3024,2954406,sandstone,Mesozoic,67.2
12.0401,24.3024,2954406,sandstone,Mesozoic,67.2
12.2185,24.3024,2989446,alluvium,Cenozoic,0.4
12.3968,24.3024,2989446,alluvium,Cenozoic,0.4
12.5752,24.3024,2989446,alluvium,Cenozoic,0.4
12.7536,24.3024,2989446,alluvium,Cenozoic,0.4
12.9320,24.3024,2989446,alluvium,Cenozoic,0.4
13.1103,24.3024,2989446,alluvium,Cenozoic,0.4
13.2887,24.3024,2989446,alluvium,Cenozoic,0.4
13.4671,24.3024,2989446,alluvium,Cenozoic,0.4
13.6455,24.3024,2989446,alluvium,Cenozoic,0.4
13.8238,24.3024,2989446,alluvium,Cenozoic,0.4
14.0022,24.3024,2989446,alluvium,Cenozoic,0.4
14.1806,24.3024,2989446,alluvium,Cenozoic,0.4
14.3589,24.3024,2989446,alluvium,Cenozoic,0.4
14.5373,24.3024,2989446,alluvium,Cenozoic,0.4
14.7157,24.3024,2989446,alluvium,Cenozoic,0.4
14.8941,24.3024,2989446,alluvium,Cenozoic,0.4
15.0724,24.3024,2989446,alluvium,Cenozoic,0.4
15.2508,24.3024,2989446,alluvium,Cenozoic,0.4
15.4292,24.3024,2989446,alluvium,Cenozoic,0.4
15.6075,24.3024,2989446,alluvium,Cenozoic,0.4
15.7859,24.3024,2989446,alluvium,Cenozoic,0.4
15.9643,24.3024,2989446,alluvium,Cenozoic,0.4
16.1427,24.3024,2989446,alluvium,Cenozoic,0.4
16.3210,24.3024,2989446,alluvium,Cenozoic,0.4
16.4994,24.3024,2989446,alluvium,Cenozoic,0.4
16.6778,24.3024,2989446,alluvium,Cenozoic,0.4
16.8561,24.3024,2989446,alluvium,Cenozoic,0.4
17.0345,24.3024,2989446,alluvium,Cenozoic,0.4
17.2129,24.3024,2989446,alluvium,Cenozoic,0.4
17.3913,24.3024,2954406,sandstone,Mesozoic,67.2
17.5696,24.3024,2954406,sandstone,Mesozoic,67.2
17.7480,24.3024,2954406,sandstone,Mesozoic,67.2
17.9264,24.3024,2954406,sandstone,Mesozoic,67.2
18.1048,24.3024,2954406,sandstone,Mesozoic,67.2
18.2831,24.3024,2954406,sandstone,Mesozoic,67.2
18.4615,24.3024,2954406,sandstone,Mesozoic,67.2
18.6399,24.3024,2954406,sandstone,Mesozoic,67.2
18.8182,24.3024,2954406,sandstone,Mesozoic,67.2
18.9966,24.3024,2954406,sandstone,Mesozoic,67.2
19.1750,24.3024,2954406,sandstone,Mesozoic,67.2
19.3534,24.3024,2966014,alluvium,Cenozoic,1.3
19.5317,24.3024,2966014,alluvium,Cenozoic,1.3
19.7101,24.3024,2966014,alluvium,Cenozoic,1.3
19.8885,24.3024,2966014,alluvium,Cenozoic,1.3
20.0668,24.3024,2966014,alluvium,Cenozoic,1.3
20.2452,24.3024,2966014,alluvium,Cenozoic,1.3
20.4236,24.3024,2966014,alluvium,Cenozoic,1.3
20.6020,24.3024,2954406,sandstone,Mesozoic,67.2
20.7803,24.3024,2954406,sandstone,Mesozoic,67.2
20.9587,24.3024,2954406,sandstone,Mesozoic,67.2
21.1371,24.3024,2954406,sandstone,Mesozoic,67.2
21.3154,24.3024,2954406,sandstone,Mesozoic,67.2
0.0892,24.5327,2855909,granite,Proterozoic,2050.0
0.2676,24.5327,2855909,granite,Proterozoic,2050.0
0.4459,24.5327,2855909,granite,Proterozoic,2050.0
0.6243,24.5327,2855909,granite,Proterozoic,2050.0
0.8027,24.5327,2855909,granite,Proterozoic,2050.0
0.9810,24.5327,2855909,granite,Proterozoic,2050.0
1.1594,24.5327,2855909,granite,Proterozoic,2050.0
1.3378,24.5327,2855909,granite,Proterozoic,2050.0
1.5162,24.5327,2855574,gneiss,Proterozoic,2050.0
1.6945,24.5327,2855574,gneiss,Proterozoic,2050.0
1.8729,24.5327,2855574,gneiss,Proterozoic,2050.0
2.0513,24.5327,2855574,gneiss,Proterozoic,2050.0
2.2296,24.5327,2855574,gneiss,Proterozoic,2050.0
2.4080,24.5327,2832435,gneiss,Proterozoic,2050.0
2.5864,24.5327,2832435,gneiss,Proterozoic,2050.0
2.7648,24.5327,2832435,gneiss,Proterozoic,2050.0
2.9431,24.5327,2832435,gneiss,Proterozoic,2050.0
3.1215,24.5327,2832435,gneiss,Proterozoic,2050.0
3.2999,24.5327,2832435,gneiss,Proterozoic,2050.0
3.4783,24.5327,2832435,gneiss,Proterozoic,2050.0
3.6566,24.5327,2832435,gneiss,Proterozoic,2050.0
3.8350,24.5327,2832435,gneiss,Proterozoic,2050.0
4.0134,24.5327,2832435,gneiss,Proterozoic,2050.0
4.1917,24.5327,2832435,gneiss,Proterozoic,2050.0
4.3701,24.5327,2832435,gneiss,Proterozoic,2050.0
4.5485,24.5327,2832435,gneiss,Proterozoic,2050.0
4.7269,24.5327,2832435,gneiss,Proterozoic,2050.0
4.9052,24.5327,2832435,gneiss,Proterozoic,2050.0
5.0836,24.5327,2832435,gneiss,Proterozoic,2050.0
5.2620,24.5327,2832435,gneiss,Proterozoic,2050.0
5.4403,24.5327,2832435,gneiss,Proterozoic,2050.0
5.6187,24.5327,2832435,gneiss,Proterozoic,2050.0
5.7971,24.5327,2832435,gneiss,Proterozoic,2050.0
5.9755,24.5327,2832435,gneiss,Proterozoic,2050.0
6.1538,24.5327,2832435,gneiss,Proterozoic,2050.0
6.3322,24.5327,2832435,gneiss,Proterozoic,2050.0
6.5106,24.5327,2832435,gneiss,Proterozoic,2050.0
6.6889,24.5327,2832435,gneiss,Proterozoic,2050.0
6.8673,24.5327,2832435,gneiss,Proterozoic,2050.0
7.0457,24.5327,2832435,gneiss,Proterozoic,2050.0
7.2241,24.5327,2832435,gneiss,Proterozoic,2050.0
7.4024,24.5327,2832435,gneiss,Proterozoic,2050.0
7.5808,24.5327,3001358,sandstone,Paleozoic,283.0
7.7592,24.5327,3001358,sandstone,Paleozoic,283.0
7.9376,24.5327,2765597,,,
8.1159,24.5327,2765597,,,
8.2943,24.5327,2765597,,,
8.4727,24.5327,2765597,,,
8.6510,24.5327,2974958,shale,Mesozoic,86.9
8.8294,24.5327,2974958,shale,Mesozoic,86.9
9.0078,24.5327,2974958,shale,Mesozoic,86.9
9.1862,24.5327,2952571,granite,Mesozoic,54.9
9.3645,24.5327,2952571,granite,Mesozoic,54.9
9.5429,24.5327,2952571,granite,Mesozoic,54.9
9.7213,24.5327,2952571,granite,Mesozoic,54.9
9.8996,24.5327,2764857,,,
10.0780,24.5327,3004815,shale,Mesozoic,79.6
10.2564,24.5327,3004815,shale,Mesozoic,79.6
10.4348,24.5327,2723657,sandstone,Mesozoic,72.0
10.6131,24.5327,2723657,sandstone,Mesozoic,72.0
10.7915,24.5327,2954406,sandstone,Mesozoic,67.2
10.9699,24.5327,2954406,sandstone,Mesozoic,67.2
11.1482,24.5327,2954406,sandstone,Mesozoic,67.2
11.3266,24.5327,2954406,sandstone,Mesozoic,67.2
11.5050,24.5327,2954406,sandstone,Mesozoic,67.2
11.6834,24.5327,2954406,sandstone,Mesozoic,67.2
11.8617,24.5327,2989446,alluvium,Cenozoic,0.4
12.0401,24.5327,2989446,alluvium,Cenozoic,0.4
12.2185,24.5327,2989446,alluvium,Cenozoic,0.4
12.3968,24.5327,2989446,alluvium,Cenozoic,0.4
12.5752,24.5327,2989446,alluvium,Cenozoic,0.4
12.7536,24.5327,2989446,alluvium,Cenozoic,0.4
12.9320,24.5327,2989446,alluvium,Cenozoic,0.4
13.1103,24.5327,2989446,alluvium,Cenozoic,0.4
13.2887,24.5327,2989446,alluvium,Cenozoic,0.4
13.4671,24.5327,2989446,alluvium,Cenozoic,0.4
13.6455,24.5327,2989446,alluvium,Cenozoic,0.4
13.8238,24.5327,2989446,alluvium,Cenozoic,0.4
14.0022,24.5327,2989446,alluvium,Cenozoic,0.4
14.1806,24.5327,2989446,alluvium,Cenozoic,0.4
14.3589,24.5327,2989446,alluvium,Cenozoic,0.4
14.5373,24.5327,2989446,alluvium,Cenozoic,0.4
14.7157,24.5327,2989446,alluvium,Cenozoic,0.4
14.8941,24.5327,2989446,alluvium,Cenozoic,0.4
15.0724,24.5327,2989446,alluvium,Cenozoic,0.4
15.2508,24.5327,2989446,alluvium,Cenozoic,0.4
15.4292,24.5327,2989446,alluvium,Cenozoic,0.4
15.6075,24.5327,2989446,alluvium,Cenozoic,0.4
15.7859,24.5327,2989446,alluvium,Cenozoic,0.4
15.9643,24.5327,2989446,alluvium,Cenozoic,0.4
16.1427,24.5327,2989446,alluvium,Cenozoic,0.4
16.3210,24.5327,2989446,alluvium,Cenozoic,0.4
16.4994,24.5327,2989446,alluvium,Cenozoic,0.4
16.6778,24.5327,2989446,alluvium,Cenozoic,0.4
16.8561,24.5327,2989446,alluvium,Cenozoic,0.4
17.0345,24.5327,2989446,alluvium,Cenozoic,0.4
17.2129,24.5327,2989446,alluvium,Cenozoic,0.4
17.3913,24.5327,2989446,alluvium,Cenozoic,0.4
17.5696,24.5327,2989446,alluvium,Cenozoic,0.4
17.7480,24.5327,2989446,alluvium,Cenozoic,0.4
17.9264,24.5327,2989446,alluvium,Cenozoic,0.4
18.1048,24.5327,2989446,alluvium,Cenozoic,0.4
18.2831,24.5327,2989446,alluvium,Cenozoic,0.4
18.4615,24.5327,2989446,alluvium,Cenozoic,0.4
18.6399,24.5327,2989446,alluvium,Cenozoic,0.4
18.8182,24.5327,2989446,alluvium,Cenozoic,0.4
18.9966,24.5327,2989446,alluvium,Cenozoic,0.4
19.1750,24.5327,2966014,alluvium,Cenozoic,1.3
19.3534,24.5327,2966014,alluvium,Cenozoic,1.3
19.5317,24.5327,2966014,alluvium,Cenozoic,1.3
19.7101,24.5327,2966014,alluvium,Cenozoic,1.3
19.8885,24.5327,2966014,alluvium,Cenozoic,1.3
20.0668,24.5327,2966014,alluvium,Cenozoic,1.3
20.2452,24.5327,2966014,alluvium,Cenozoic,1.3
20.4236,24.5327,2966014,alluvium,Cenozoic,1.3
20.6020,24.5327,2954406,sandstone,Mesozoic,67.2
20.7803,24.5327,2954406,sandstone,Mesozoic,67.2
20.9587,24.5327,2954406,sandstone,Mesozoic,67.2
21.1371,24.5327,2954406,sandstone,Mesozoic,67.2
21.3154,24.5327,2954406,sandstone,Mesozoic,67.2
0.0892,24.7631,2855909,granite,Proterozoic,2050.0
0.2676,24.7631,2855909,granite,Proterozoic,2050.0
0.4459,24.7631,2855909,granite,Proterozoic,2050.0
0.6243,24.7631,2855909,granite,Proterozoic,2050.0
0.8027,24.7631,2855909,granite,Proterozoic,2050.0
0.9810,24.7631,2855909,granite,Proterozoic,2050.0
1.1594,24.7631,2855909,granite,Proterozoic,2050.0
1.3378,24.7631,2855909,granite,Proterozoic,2050.0
1.5162,24.7631,2855909,granite,Proterozoic,2050.0
1.6945,24.7631,2855574,gneiss,Proterozoic,2050.0
1.8729,24.7631,2855574,gneiss,Proterozoic,2050.0
2.0513,24.7631,2855574,gneiss,Proterozoic,2050.0
2.2296,24.7631,2832435,gneiss,Proterozoic,2050.0
2.4080,24.7631,2832435,gneiss,Proterozoic,2050.0
2.5864,24.7631,2832435,gneiss,Proterozoic,2050.0
2.7648,24.7631,2832435,gneiss,Proterozoic,2050.0
2.9431,24.7631,2832435,gneiss,Proterozoic,2050.0
3.1215,24.7631,2832435,gneiss,Proterozoic,2050.0
3.2999,24.7631,2832435,gneiss,Proterozoic,2050.0
3.4783,24.7631,2832435,gneiss,Proterozoic,2050.0
3.6566,24.7631,2832435,gneiss,Proterozoic,2050.0
3.8350,24.7631,2832435,gneiss,Proterozoic,2050.0
4.0134,24.7631,2832435,gneiss,Proterozoic,2050.0
4.1917,24.7631,2832435,gneiss,Proterozoic,2050.0
4.3701,24.7631,2832435,gneiss,Proterozoic,2050.0
4.5485,24.7631,2832435,gneiss,Proterozoic,2050.0
4.7269,24.7631,2832435,gneiss,Proterozoic,2050.0
4.9052,24.7631,2832435,gneiss,Proterozoic,2050.0
5.0836,24.7631,2832435,gneiss,Proterozoic,2050.0
5.2620,24.7631,2832435,gneiss,Proterozoic,2050.0
5.4403,24.7631,2832435,gneiss,Proterozoic,2050.0
5.6187,24.7631,2832435,gneiss,Proterozoic,2050.0
5.7971,24.7631,2832435,gneiss,Proterozoic,2050.0
5.9755,24.7631,2832435,gneiss,Proterozoic,2050.0
6.1538,24.7631,2832435,gneiss,Proterozoic,2050.0
6.3322,24.7631,2832435,gneiss,Proterozoic,2050.0
6.5106,24.7631,2832435,gneiss,Proterozoic,2050.0
6.6889,24.7631,2832435,gneiss,Proterozoic,2050.0
6.8673,24.7631,2832435,gneiss,Proterozoic,2050.0
7.0457,24.7631,2832435,gneiss,Proterozoic,2050.0
7.2241,24.7631,2832435,gneiss,Proterozoic,2050.0
7.4024,24.7631,3001358,sandstone,Paleozoic,283.0
7.5808,24.7631,3001358,sandstone,Paleozoic,283.0
7.7592,24.7631,3001358,sandstone,Paleozoic,283.0
7.9376,24.7631,2765597,,,
8.1159,24.7631,2765597,,,
8.2943,24.7631,2765597,,,
8.4727,24.7631,2765597,,,
8.6510,24.7631,2765597,,,
8.8294,24.7631,2974958,shale,Mesozoic,86.9
9.0078,24.7631,2974958,shale,Mesozoic,86.9
9.1862,24.7631,2952571,granite,Mesozoic,54.9
9.3645,24.7631,2952571,granite,Mesozoic,54.9
9.5429,24.7631,2952571,granite,Mesozoic,54.9
9.7213,24.7631,2764857,,,
9.8996,24.7631,2764857,,,
10.0780,24.7631,3004815,shale,Mesozoic,79.6
10.2564,24.7631,2723657,sandstone,Mesozoic,72.0
10.4348,24.7631,2723657,sandstone,Mesozoic,72.0
10.6131,24.7631,2723657,sandstone,Mesozoic,72.0
10.7915,24.7631,2723657,sandstone,Mesozoic,72.0
10.9699,24.7631,2954406,sandstone,Mesozoic,67.2
11.1482,24.7631,2954406,sandstone,Mesozoic,67.2
11.3266,24.7631,2954406,sandstone,Mesozoic,67.2
11.5050,24.7631,2989446,alluvium,Cenozoic,0.4
11.6834,24.7631,2989446,alluvium,Cenozoic,0.4
11.8617,24.7631,2989446,alluvium,Cenozoic,0.4
12.0401,24.7631,2989446,alluvium,Cenozoic,0.4
12.2185,24.7631,2954406,sandstone,Mesozoic,67.2
12.3968,24.7631,2954406,sandstone,Mesozoic,67.2
12.5752,24.7631,2954406,sandstone,Mesozoic,67.2
12.7536,24.7631,2954406,sandstone,Mesozoic,67.2
12.9320,24.7631,2954406,sandstone,Mesozoic,67.2
13.1103,24.7631,2954406,sandstone,Mesozoic,67.2
13.2887,24.7631,2954406,sandstone,Mesozoic,67.2
13.4671,24.7631,2954406,sandstone,Mesozoic,67.2
13.6455,24.7631,2954406,sandstone,Mesozoic,67.2
13.8238,24.7631,2954406,sandstone,Mesozoic,67.2
14.0022,24.7631,2954406,sandstone,Mesozoic,67.2
14.1806,24.7631,2954406,sandstone,Mesozoic,67.2
14.3589,24.7631,2954406,sandstone,Mesozoic,67.2
14.5373,24.7631,2954406,sandstone,Mesozoic,67.2
14.7157,24.7631,2954406,sandstone,Mesozoic,67.2
14.8941,24.7631,2954406,sandstone,Mesozoic,67.2
15.0724,24.7631,2954406,sandstone,Mesozoic,67.2
15.2508,24.7631,2954406,sandstone,Mesozoic,67.2
15.4292,24.7631,2954406,sandstone,Mesozoic,67.2
15.6075,24.7631,2989446,alluvium,Cenozoic,0.4
15.7859,24.7631,2989446,alluvium,Cenozoic,0.4
15.9643,24.7631,2989446,alluvium,Cenozoic,0.4
16.1427,24.7631,2989446,alluvium,Cenozoic,0.4
16.3210,24.7631,2989446,alluvium,Cenozoic,0.4
16.4994,24.7631,2989446,alluvium,Cenozoic,0.4
16.6778,24.7631,2989446,alluvium,Cenozoic,0.4
16.8561,24.7631,2989446,alluvium,Cenozoic,0.4
17.0345,24.7631,2989446,alluvium,Cenozoic,0.4
17.2129,24.7631,2989446,alluvium,Cenozoic,0.4
17.3913,24.7631,2989446,alluvium,Cenozoic,0.4
17.5696,24.7631,2989446,alluvium,Cenozoic,0.4
17.7480,24.7631,2989446,alluvium,Cenozoic,0.4
17.9264,24.7631,2989446,alluvium,Cenozoic,0.4
18.1048,24.7631,2989446,alluvium,Cenozoic,0.4
18.2831,24.7631,2989446,alluvium,Cenozoic,0.4
18.4615,24.7631,2989446,alluvium,Cenozoic,0.4
18.6399,24.7631,2989446,alluvium,Cenozoic,0.4
18.8182,24.7631,2989446,alluvium,Cenozoic,0.4
18.9966,24.7631,2966014,alluvium,Cenozoic,1.3
19.1750,24.7631,2966014,alluvium,Cenozoic,1.3
19.3534,24.7631,2966014,alluvium,Cenozoic,1.3
19.5317,24.7631,2966014,alluvium,Cenozoic,1.3
19.7101,24.7631,2966014,alluvium,Cenozoic,1.3
19.8885,24.7631,2966014,alluvium,Cenozoic,1.3
20.0668,24.7631,2966014,alluvium,Cenozoic,1.3
20.2452,24.7631,2966014,alluvium,Cenozoic,1.3
20.4236,24.7631,2954406,sandstone,Mesozoic,67.2
20.6020,24.7631,2954406,sandstone,Mesozoic,67.2
20.7803,24.7631,2954406,sandstone,Mesozoic,67.2
20.9587,24.7631,2954406,sandstone,Mesozoic,67.2
21.1371,24.7631,2954406,sandstone,Mesozoic,67.2
21.3154,24.7631,2954406,sandstone,Mesozoic,67.2
0.0892,24.9934,2855909,granite,Proterozoic,2050.0
0.2676,24.9934,2855909,granite,Proterozoic,2050.0
0.4459,24.9934,2855909,granite,Proterozoic,2050.0
0.6243,24.9934,2855909,granite,Proterozoic,2050.0
0.8027,24.9934,2855909,granite,Proterozoic,2050.0
0.9810,24.9934,2855909,granite,Proterozoic,2050.0
1.1594,24.9934,2855909,granite,Proterozoic,2050.0
1.3378,24.9934,2855909,granite,Proterozoic,2050.0
1.5162,24.9934,2855574,gneiss,Proterozoic,2050.0
1.6945,24.9934,2855574,gneiss,Proterozoic,2050.0
1.8729,24.9934,2855574,gneiss,Proterozoic,2050.0
2.0513,24.9934,2832435,gneiss,Proterozoic,2050.0
2.2296,24.9934,2832435,gneiss,Proterozoic,2050.0
2.4080,24.9934,2832435,gneiss,Proterozoic,2050.0
2.5864,24.9934,2832435,gneiss,Proterozoic,2050.0
2.7648,24.9934,2832435,gneiss,Proterozoic,2050.0
2.9431,24.9934,2832435,gneiss,Proterozoic,2050.0
3.1215,24.9934,2832435,gneiss,Proterozoic,2050.0
3.2999,24.9934,2832435,gneiss,Proterozoic,2050.0
3.4783,24.9934,2832435,gneiss,Proterozoic,2050.0
3.6566,24.9934,2832435,gneiss,Proterozoic,2050.0
3.8350,24.9934,2832435,gneiss,Proterozoic,2050.0
4.0134,24.9934,2832435,gneiss,Proterozoic,2050.0
4.1917,24.9934,2832435,gneiss,Proterozoic,2050.0
4.3701,24.9934,2832435,gneiss,Proterozoic,2050.0
4.5485,24.9934,2832435,gneiss,Proterozoic,2050.0
4.7269,24.9934,2832435,gneiss,Proterozoic,2050.0
4.9052,24.9934,2832435,gneiss,Proterozoic,2050.0
5.0836,24.9934,2832435,gneiss,Proterozoic,2050.0
5.2620,24.9934,2832435,gneiss,Proterozoic,2050.0
5.4403,24.9934,2832435,gneiss,Proterozoic,2050.0
5.6187,24.9934,2832435,gneiss,Proterozoic,2050.0
5.7971,24.9934,2832435,gneiss,Proterozoic,2050.0
5.9755,24.9934,2832435,gneiss,Proterozoic,2050.0
6.1538,24.9934,2832435,gneiss,Proterozoic,2050.0
6.3322,24.9934,2832435,gneiss,Proterozoic,2050.0
6.5106,24.9934,2832435,gneiss,Proterozoic,2050.0
6.6889,24.9934,2832435,gneiss,Proterozoic,2050.0
6.8673,24.9934,2832435,gneiss,Proterozoic,2050.0
7.0457,24.9934,2832435,gneiss,Proterozoic,2050.0
7.2241,24.9934,2832435,gneiss,Proterozoic,2050.0
7.4024,24.9934,3001358,sandstone,Paleozoic,283.0
7.5808,24.9934,3001358,sandstone,Paleozoic,283.0
7.7592,24.9934,3001358,sandstone,Paleozoic,283.0
7.9376,24.9934,2980507,sandstone,Mesozoic,156.9
8.1159,24.9934,2980507,sandstone,Mesozoic,156.9
8.2943,24.9934,3003626,shale,Mesozoic,86.9
8.4727,24.9934,3003626,shale,Mesozoic,86.9
8.6510,24.9934,2765597,,,
8.8294,24.9934,2765597,,,
9.0078,24.9934,2765597,,,
9.1862,24.9934,2952571,granite,Mesozoic,54.9
9.3645,24.9934,2952571,granite,Mesozoic,54.9
9.5429,24.9934,2952571,granite,Mesozoic,54.9
9.7213,24.9934,2764857,,,
9.8996,24.9934,3004815,shale,Mesozoic,79.6
10.0780,24.9934,3004815,shale,Mesozoic,79.6
10.2564,24.9934,2723657,sandstone,Mesozoic,72.0
10.4348,24.9934,2723657,sandstone,Mesozoic,72.0
10.6131,24.9934,2723657,sandstone,Mesozoic,72.0
10.7915,24.9934,2723657,sandstone,Mesozoic,72.0
10.9699,24.9934,2954406,sandstone,Mesozoic,67.2
11.1482,24.9934,2954406,sandstone,Mesozoic,67.2
11.3266,24.9934,2954406,sandstone,Mesozoic,67.2
11.5050,24.9934,2954406,sandstone,Mesozoic,67.2
11.6834,24.9934,2954406,sandstone,Mesozoic,67.2
11.8617,24.9934,2954406,sandstone,Mesozoic,67.2
12.0401,24.9934,2954406,sandstone,Mesozoic,67.2
12.2185,24.9934,2954406,sandstone,Mesozoic,67.2
12.3968,24.9934,2954406,sandstone,Mesozoic,67.2
12.5752,24.9934,2954406,sandstone,Mesozoic,67.2
12.7536,24.9934,2954406,sandstone,Mesozoic,67.2
12.9320,24.9934,2954406,sandstone,Mesozoic,67.2
13.1103,24.9934,2954406,sandstone,Mesozoic,67.2
13.2887,24.9934,2954406,sandstone,Mesozoic,67.2
13.4671,24.9934,2954406,sandstone,Mesozoic,67.2
13.6455,24.9934,2954406,sandstone,Mesozoic,67.2
13.8238,24.9934,2954406,sandstone,Mesozoic,67.2
14.0022,24.9934,2954406,sandstone,Mesozoic,67.2
14.1806,24.9934,2954406,sandstone,Mesozoic,67.2
14.3589,24.9934,2954406,sandstone,Mesozoic,67.2
14.5373,24.9934,2954406,sandstone,Mesozoic,67.2
14.7157,24.9934,2954406,sandstone,Mesozoic,67.2
14.8941,24.9934,2954406,sandstone,Mesozoic,67.2
15.0724,24.9934,2954406,sandstone,Mesozoic,67.2
15.2508,24.9934,2954406,sandstone,Mesozoic,67.2
15.4292,24.9934,2954406,sandstone,Mesozoic,67.2
15.6075,24.9934,2954406,sandstone,Mesozoic,67.2
15.7859,24.9934,2954406,sandstone,Mesozoic,67.2
15.9643,24.9934,2954406,sandstone,Mesozoic,67.2
16.1427,24.9934,2954406,sandstone,Mesozoic,67.2
16.3210,24.9934,2954406,sandstone,Mesozoic,67.2
16.4994,24.9934,2989446,alluvium,Cenozoic,0.4
16.6778,24.9934,2989446,alluvium,Cenozoic,0.4
16.8561,24.9934,2989446,alluvium,Cenozoic,0.4
17.0345,24.9934,2989446,alluvium,Cenozoic,0.4
17.2129,24.9934,2989446,alluvium,Cenozoic,0.4
17.3913,24.9934,2989446,alluvium,Cenozoic,0.4
17.5696,24.9934,2989446,alluvium,Cenozoic,0.4
17.7480,24.9934,2989446,alluvium,Cenozoic,0.4
17.9264,24.9934,2989446,alluvium,Cenozoic,0.4
18.1048,24.9934,2989446,alluvium,Cenozoic,0.4
18.2831,24.9934,2989446,alluvium,Cenozoic,0.4
18.4615,24.9934,2989446,alluvium,Cenozoic,0.4
18.6399,24.9934,2989446,alluvium,Cenozoic,0.4
18.8182,24.9934,2966014,alluvium,Cenozoic,1.3
18.9966,24.9934,2966014,alluvium,Cenozoic,1.3
19.1750,24.9934,2966014,alluvium,Cenozoic,1.3
19.3534,24.9934,2966014,alluvium,Cenozoic,1.3
19.5317,24.9934,2966014,alluvium,Cenozoic,1.3
19.7101,24.9934,2966014,alluvium,Cenozoic,1.3
19.8885,24.9934,2966014,alluvium,Cenozoic,1.3
20.0668,24.9934,2954406,sandstone,Mesozoic,67.2
20.2452,24.9934,2954406,sandstone,Mesozoic,67.2
20.4236,24.9934,2954406,sandstone,Mesozoic,67.2
20.6020,24.9934,2954406,sandstone,Mesozoic,67.2
20.7803,24.9934,2954406,sandstone,Mesozoic,67.2
20.9587,24.9934,2954406,sandstone,Mesozoic,67.2
21.1371,24.9934,2954406,sandstone,Mesozoic,67.2
21.3154,24.9934,2954406,sandstone,Mesozoic,67.2
0.0892,25.2238,2855909,granite,Proterozoic,2050.0
0.2676,25.2238,2855909,granite,Proterozoic,2050.0
0.4459,25.2238,2855909,granite,Proterozoic,2050.0
0.6243,25.2238,2855909,granite,Proterozoic,2050.0
0.8027,25.2238,2855909,granite,Proterozoic,2050.0
0.9810,25.2238,2855909,granite,Proterozoic,2050.0
1.1594,25.2238,2855909,granite,Proterozoic,2050.0
1.3378,25.2238,2855574,gneiss,Proterozoic,2050.0
1.5162,25.2238,2855574,gneiss,Proterozoic,2050.0
1.6945,25.2238,2855574,gneiss,Proterozoic,2050.0
1.8729,25.2238,2855574,gneiss,Proterozoic,2050.0
2.0513,25.2238,2832435,gneiss,Proterozoic,2050.0
2.2296,25.2238,2832435,gneiss,Proterozoic,2050.0
2.4080,25.2238,2832435,gneiss,Proterozoic,2050.0
2.5864,25.2238,2832435,gneiss,Proterozoic,2050.0
2.7648,25.2238,2832435,gneiss,Proterozoic,2050.0
2.9431,25.2238,2832435,gneiss,Proterozoic,2050.0
3.1215,25.2238,2832435,gneiss,Proterozoic,2050.0
3.2999,25.2238,2832435,gneiss,Proterozoic,2050.0
3.4783,25.2238,2832435,gneiss,Proterozoic,2050.0
3.6566,25.2238,2832435,gneiss,Proterozoic,2050.0
3.8350,25.2238,2832435,gneiss,Proterozoic,2050.0
4.0134,25.2238,2832435,gneiss,Proterozoic,2050.0
4.1917,25.2238,2832435,gneiss,Proterozoic,2050.0
4.3701,25.2238,2832435,gneiss,Proterozoic,2050.0
4.5485,25.2238,2832435,gneiss,Proterozoic,2050.0
4.7269,25.2238,2832435,gneiss,Proterozoic,2050.0
4.9052,25.2238,2832435,gneiss,Proterozoic,2050.0
5.0836,25.2238,2832435,gneiss,Proterozoic,2050.0
5.2620,25.2238,2832435,gneiss,Proterozoic,2050.0
5.4403,25.2238,2832435,gneiss,Proterozoic,2050.0
5.6187,25.2238,2832435,gneiss,Proterozoic,2050.0
5.7971,25.2238,2832435,gneiss,Proterozoic,2050.0
5.9755,25.2238,2832435,gneiss,Proterozoic,2050.0
6.1538,25.2238,2832435,gneiss,Proterozoic,2050.0
6.3322,25.2238,2832435,gneiss,Proterozoic,2050.0
6.5106,25.2238,2832435,gneiss,Proterozoic,2050.0
6.6889,25.2238,2832435,gneiss,Proterozoic,2050.0
6.8673,25.2238,2832435,gneiss,Proterozoic,2050.0
7.0457,25.2238,2832435,gneiss,Proterozoic,2050.0
7.2241,25.2238,3001358,sandstone,Paleozoic,283.0
7.4024,25.2238,3001358,sandstone,Paleozoic,283.0
7.5808,25.2238,3001358,sandstone,Paleozoic,283.0
7.7592,25.2238,3001358,sandstone,Paleozoic,283.0
7.9376,25.2238,2980507,sandstone,Mesozoic,156.9
8.1159,25.2238,2980507,sandstone,Mesozoic,156.9
8.2943,25.2238,3003626,shale,Mesozoic,86.9
8.4727,25.2238,3003626,shale,Mesozoic,86.9
8.6510,25.2238,2765597,,,
8.8294,25.2238,2765597,,,
9.0078,25.2238,2765597,,,
9.1862,25.2238,2952571,granite,Mesozoic,54.9
9.3645,25.2238,2952571,granite,Mesozoic,54.9
9.5429,25.2238,2952571,granite,Mesozoic,54.9
9.7213,25.2238,3004815,shale,Mesozoic,79.6
9.8996,25.2238,3004815,shale,Mesozoic,79.6
10.0780,25.2238,2723657,sandstone,Mesozoic,72.0
10.2564,25.2238,2723657,sandstone,Mesozoic,72.0
10.4348,25.2238,2723657,sandstone,Mesozoic,72.0
10.6131,25.2238,2723657,sandstone,Mesozoic,72.0
10.7915,25.2238,2723657,sandstone,Mesozoic,72.0
10.9699,25.2238,2723657,sandstone,Mesozoic,72.0
11.1482,25.2238,2954406,sandstone,Mesozoic,67.2
11.3266,25.2238,2954406,sandstone,Mesozoic,67.2
11.5050,25.2238,2954406,sandstone,Mesozoic,67.2
11.6834,25.2238,2954406,sandstone,Mesozoic,67.2
11.8617,25.2238,2954406,sandstone,Mesozoic,67.2
12.0401,25.2238,2954406,sandstone,Mesozoic,67.2
12.2185,25.2238,2954406,sandstone,Mesozoic,67.2
12.3968,25.2238,2954406,sandstone,Mesozoic,67.2
12.5752,25.2238,2954406,sandstone,Mesozoic,67.2
12.7536,25.2238,2954406,sandstone,Mesozoic,67.2
12.9320,25.2238,2954406,sandstone,Mesozoic,67.2
13.1103,25.2238,2954406,sandstone,Mesozoic,67.2
13.2887,25.2238,2954406,sandstone,Mesozoic,67.2
13.4671,25.2238,2954406,sandstone,Mesozoic,67.2
13.6455,25.2238,2954406,sandstone,Mesozoic,67.2
13.8238,25.2238,2954406,sandstone,Mesozoic,67.2
14.0022,25.2238,2954406,sandstone,Mesozoic,67.2
14.1806,25.2238,2954406,sandstone,Mesozoic,67.2
14.3589,25.2238,2954406,sandstone,Mesozoic,67.2
14.5373,25.2238,2954406,sandstone,Mesozoic,67.2
14.7157,25.2238,2954406,sandstone,Mesozoic,67.2
14.8941,25.2238,2954406,sandstone,Mesozoic,67.2
15.0724,25.2238,2954406,sandstone,Mesozoic,67.2
15.2508,25.2238,2954406,sandstone,Mesozoic,67.2
15.4292,25.2238,2954406,sandstone,Mesozoic,67.2
15.6075,25.2238,2954406,sandstone,Mesozoic,67.2
15.7859,25.2238,2954406,sandstone,Mesozoic,67.2
15.9643,25.2238,2954406,sandstone,Mesozoic,67.2
16.1427,25.2238,2954406,sandstone,Mesozoic,67.2
16.3210,25.2238,2954406,sandstone,Mesozoic,67.2
16.4994,25.2238,2954406,sandstone,Mesozoic,67.2
16.6778,25.2238,2954406,sandstone,Mesozoic,67.2
16.8561,25.2238,2954406,sandstone,Mesozoic,67.2
17.0345,25.2238,2954406,sandstone,Mesozoic,67.2
17.2129,25.2238,2954406,sandstone,Mesozoic,67.2
17.3913,25.2238,2954406,sandstone,Mesozoic,67.2
17.5696,25.2238,2954406,sandstone,Mesozoic,67.2
17.7480,25.2238,2954406,sandstone,Mesozoic,67.2
17.9264,25.2238,2989446,alluvium,Cenozoic,0.4
18.1048,25.2238,2989446,alluvium,Cenozoic,0.4
18.2831,25.2238,2989446,alluvium,Cenozoic,0.4
18.4615,25.2238,2989446,alluvium,Cenozoic,0.4
18.6399,25.2238,2966014,alluvium,Cenozoic,1.3
18.8182,25.2238,2966014,alluvium,Cenozoic,1.3
18.9966,25.2238,2966014,alluvium,Cenozoic,1.3
19.1750,25.2238,2966014,alluvium,Cenozoic,1.3
19.3534,25.2238,2966014,alluvium,Cenozoic,1.3
19.5317,25.2238,2966014,alluvium,Cenozoic,1.3
19.7101,25.2238,2966014,alluvium,Cenozoic,1.3
19.8885,25.2238,2954406,sandstone,Mesozoic,67.2
20.0668,25.2238,2954406,sandstone,Mesozoic,67.2
20.2452,25.2238,2954406,sandstone,Mesozoic,67.2
20.4236,25.2238,2954406,sandstone,Mesozoic,67.2
20.6020,25.2238,2954406,sandstone,Mesozoic,67.2
20.7803,25.2238,2954406,sandstone,Mesozoic,67.2
20.9587,25.2238,2954406,sandstone,Mesozoic,67.2
21.1371,25.2238,2954406,sandstone,Mesozoic,67.2
21.3154,25.2238,2954406,sandstone,Mesozoic,67.2
0.0892,25.4541,2855909,granite,Proterozoic,2050.0
0.2676,25.4541,2855909,granite,Proterozoic,2050.0
0.4459,25.4541,2855909,granite,Proterozoic,2050.0
0.6243,25.4541,2855909,granite,Proterozoic,2050.0
0.8027,25.4541,2855909,granite,Proterozoic,2050.0
0.9810,25.4541,2855909,granite,Proterozoic,2050.0
1.1594,25.4541,2855574,gneiss,Proterozoic,2050.0
1.3378,25.4541,2855574,gneiss,Proterozoic,2050.0
1.5162,25.4541,2855574,gneiss,Proterozoic,2050.0
1.6945,25.4541,2855574,gneiss,Proterozoic,2050.0
1.8729,25.4541,2855574,gneiss,Proterozoic,2050.0
2.0513,25.4541,2832435,gneiss,Proterozoic,2050.0
2.2296,25.4541,2832435,gneiss,Proterozoic,2050.0
2.4080,25.4541,2832435,gneiss,Proterozoic,2050.0
2.5864,25.4541,2832435,gneiss,Proterozoic,2050.0
2.7648,25.4541,2832435,gneiss,Proterozoic,2050.0
2.9431,25.4541,2832435,gneiss,Proterozoic,2050.0
3.1215,25.4541,2832435,gneiss,Proterozoic,2050.0
3.2999,25.4541,2832435,gneiss,Proterozoic,2050.0
3.4783,25.4541,2832435,gneiss,Proterozoic,2050.0
3.6566,25.4541,2832435,gneiss,Proterozoic,2050.0
3.8350,25.4541,2832435,gneiss,Proterozoic,2050.0
4.0134,25.4541,2832435,gneiss,Proterozoic,2050.0
4.1917,25.4541,2832435,gneiss,Proterozoic,2050.0
4.3701,25.4541,2832435,gneiss,Proterozoic,2050.0
4.5485,25.4541,2832435,gneiss,Proterozoic,2050.0
4.7269,25.4541,2832435,gneiss,Proterozoic,2050.0
4.9052,25.4541,2832435,gneiss,Proterozoic,2050.0
5.0836,25.4541,2832435,gneiss,Proterozoic,2050.0
5.2620,25.4541,2832435,gneiss,Proterozoic,2050.0
5.4403,25.4541,2832435,gneiss,Proterozoic,2050.0
5.6187,25.4541,2832435,gneiss,Proterozoic,2050.0
5.7971,25.4541,2832435,gneiss,Proterozoic,2050.0
5.9755,25.4541,2832435,gneiss,Proterozoic,2050.0
6.1538,25.4541,2832435,gneiss,Proterozoic,2050.0
6.3322,25.4541,2832435,gneiss,Proterozoic,2050.0
6.5106,25.4541,2832435,gneiss,Proterozoic,2050.0
6.6889,25.4541,2832435,gneiss,Proterozoic,2050.0
6.8673,25.4541,2832435,gneiss,Proterozoic,2050.0
7.0457,25.4541,2832435,gneiss,Proterozoic,2050.0
7.2241,25.4541,3001358,sandstone,Paleozoic,283.0
7.4024,25.4541,3001358,sandstone,Paleozoic,283.0
7.5808,25.4541,3001358,sandstone,Paleozoic,283.0
7.7592,25.4541,2980507,sandstone,Mesozoic,156.9
7.9376,25.4541,2980507,sandstone,Mesozoic,156.9
8.1159,25.4541,2980507,sandstone,Mesozoic,156.9
8.2943,25.4541,3003626,shale,Mesozoic,86.9
8.4727,25.4541,3003626,shale,Mesozoic,86.9
8.6510,25.4541,2765597,,,
8.8294,25.4541,2765597,,,
9.0078,25.4541,2765597,,,
9.1862,25.4541,2952571,granite,Mesozoic,54.9
9.3645,25.4541,2952571,granite,Mesozoic,54.9
9.5429,25.4541,2952571,granite,Mesozoic,54.9
9.7213,25.4541,3004815,shale,Mesozoic,79.6
9.8996,25.4541,3004815,shale,Mesozoic,79.6
10.0780,25.4541,2723657,sandstone,Mesozoic,72.0
10.2564,25.4541,2723657,sandstone,Mesozoic,72.0
10.4348,25.4541,2723657,sandstone,Mesozoic,72.0
10.6131,25.4541,2723657,sandstone,Mesozoic,72.0
10.7915,25.4541,2723657,sandstone,Mesozoic,72.0
10.9699,25.4541,2723657,sandstone,Mesozoic,72.0
11.1482,25.4541,2854768,alluvium,Cenozoic,1.0
11.3266,25.4541,2854768,alluvium,Cenozoic,1.0
11.5050,25.4541,2854768,alluvium,Cenozoic,1.0
11.6834,25.4541,2954406,sandstone,Mesozoic,67.2
11.8617,25.4541,2954406,sandstone,Mesozoic,67.2
12.0401,25.4541,2954406,sandstone,Mesozoic,67.2
12.2185,25.4541,2954406,sandstone,Mesozoic,67.2
12.3968,25.4541,2954406,sandstone,Mesozoic,67.2
12.5752,25.4541,2954406,sandstone,Mesozoic,67.2
12.7536,25.4541,2954406,sandstone,Mesozoic,67.2
12.9320,25.4541,2954406,sandstone,Mesozoic,67.2
13.1103,25.4541,2954406,sandstone,Mesozoic,67.2
13.2887,25.4541,2954406,sandstone,Mesozoic,67.2
13.4671,25.4541,2954406,sandstone,Mesozoic,67.2
13.6455,25.4541,2954406,sandstone,Mesozoic,67.2
13.8238,25.4541,2954406,sandstone,Mesozoic,67.2
14.0022,25.4541,2954406,sandstone,Mesozoic,67.2
14.1806,25.4541,2954406,sandstone,Mesozoic,67.2
14.3589,25.4541,2954406,sandstone,Mesozoic,67.2
14.5373,25.4541,2954406,sandstone,Mesozoic,67.2
14.7157,25.4541,2954406,sandstone,Mesozoic,67.2
14.8941,25.4541,2954406,sandstone,Mesozoic,67.2
15.0724,25.4541,2954406,sandstone,Mesozoic,67.2
15.2508,25.4541,2954406,sandstone,Mesozoic,67.2
15.4292,25.4541,2954406,sandstone,Mesozoic,67.2
15.6075,25.4541,2954406,sandstone,Mesozoic,67.2
15.7859,25.4541,2954406,sandstone,Mesozoic,67.2
15.9643,25.4541,2954406,sandstone,Mesozoic,67.2
16.1427,25.4541,2954406,sandstone,Mesozoic,67.2
16.3210,25.4541,2954406,sandstone,Mesozoic,67.2
16.4994,25.4541,2954406,sandstone,Mesozoic,67.2
16.6778,25.4541,2954406,sandstone,Mesozoic,67.2
16.8561,25.4541,2954406,sandstone,Mesozoic,67.2
17.0345,25.4541,2954406,sandstone,Mesozoic,67.2
17.2129,25.4541,2954406,sandstone,Mesozoic,67.2
17.3913,25.4541,2954406,sandstone,Mesozoic,67.2
17.5696,25.4541,2954406,sandstone,Mesozoic,67.2
17.7480,25.4541,2954406,sandstone,Mesozoic,67.2
17.9264,25.4541,2954406,sandstone,Mesozoic,67.2
18.1048,25.4541,2954406,sandstone,Mesozoic,67.2
18.2831,25.4541,2954406,sandstone,Mesozoic,67.2
18.4615,25.4541,2966014,alluvium,Cenozoic,1.3
18.6399,25.4541,2966014,alluvium,Cenozoic,1.3
18.8182,25.4541,2966014,alluvium,Cenozoic,1.3
18.9966,25.4541,2966014,alluvium,Cenozoic,1.3
19.1750,25.4541,2966014,alluvium,Cenozoic,1.3
19.3534,25.4541,2954406,sandstone,Mesozoic,67.2
19.5317,25.4541,2954406,sandstone,Mesozoic,67.2
19.7101,25.4541,2954406,sandstone,Mesozoic,67.2
19.8885,25.4541,2954406,sandstone,Mesozoic,67.2
20.0668,25.4541,2954406,sandstone,Mesozoic,67.2
20.2452,25.4541,2954406,sandstone,Mesozoic,67.2
20.4236,25.4541,2954406,sandstone,Mesozoic,67.2
20.6020,25.4541,2954406,sandstone,Mesozoic,67.2
20.7803,25.4541,2954406,sandstone,Mesozoic,67.2
20.9587,25.4541,2954406,sandstone,Mesozoic,67.2
21.1371,25.4541,2954406,sandstone,Mesozoic,67.2
21.3154,25.4541,2954406,sandstone,Mesozoic,67.2
0.0892,25.6845,2855909,granite,Proterozoic,2050.0
0.2676,25.6845,2855909,granite,Proterozoic,2050.0
0.4459,25.6845,2855909,granite,Proterozoic,2050.0
0.6243,25.6845,2855909,granite,Proterozoic,2050.0
0.8027,25.6845,2855574,gneiss,Proterozoic,2050.0
0.9810,25.6845,2855574,gneiss,Proterozoic,2050.0
1.1594,25.6845,2855574,gneiss,Proterozoic,2050.0
1.3378,25.6845,2855574,gneiss,Proterozoic,2050.0
1.5162,25.6845,2855574,gneiss,Proterozoic,2050.0
1.6945,25.6845,2855574,gneiss,Proterozoic,2050.0
1.8729,25.6845,2832435,gneiss,Proterozoic,2050.0
2.0513,25.6845,2832435,gneiss,Proterozoic,2050.0
2.2296,25.6845,2832435,gneiss,Proterozoic,2050.0
2.4080,25.6845,2832435,gneiss,Proterozoic,2050.0
2.5864,25.6845,2832435,gneiss,Proterozoic,2050.0
2.7648,25.6845,2832435,gneiss,Proterozoic,2050.0
2.9431,25.6845,2832435,gneiss,Proterozoic,2050.0
3.1215,25.6845,2832435,gneiss,Proterozoic,2050.0
3.2999,25.6845,2832435,gneiss,Proterozoic,2050.0
3.4783,25.6845,2832435,gneiss,Proterozoic,2050.0
3.6566,25.6845,2832435,gneiss,Proterozoic,2050.0
3.8350,25.6845,2832435,gneiss,Proterozoic,2050.0
4.0134,25.6845,2832435,gneiss,Proterozoic,2050.0
4.1917,25.6845,2832435,gneiss,Proterozoic,2050.0
4.3701,25.6845,2832435,gneiss,Proterozoic,2050.0
4.5485,25.6845,2832435,gneiss,Proterozoic,2050.0
4.7269,25.6845,2832435,gneiss,Proterozoic,2050.0
4.9052,25.6845,2832435,gneiss,Proterozoic,2050.0
5.0836,25.6845,2832435,gneiss,Proterozoic,2050.0
5.2620,25.6845,2832435,gneiss,Proterozoic,2050.0
5.4403,25.6845,2832435,gneiss,Proterozoic,2050.0
5.6187,25.6845,2832435,gneiss,Proterozoic,2050.0
5.7971,25.6845,2832435,gneiss,Proterozoic,2050.0
5.9755,25.6845,2832435,gneiss,Proterozoic,2050.0
6.1538,25.6845,2832435,gneiss,Proterozoic,2050.0
6.3322,25.6845,2832435,gneiss,Proterozoic,2050.0
6.5106,25.6845,2832435,gneiss,Proterozoic,2050.0
6.6889,25.6845,2832435,gneiss,Proterozoic,2050.0
6.8673,25.6845,2832435,gneiss,Proterozoic,2050.0
7.0457,25.6845,3001358,sandstone,Paleozoic,283.0
7.2241,25.6845,3001358,sandstone,Paleozoic,283.0
7.4024,25.6845,3001358,sandstone,Paleozoic,283.0
7.5808,25.6845,3001358,sandstone,Paleozoic,283.0
7.7592,25.6845,2980507,sandstone,Mesozoic,156.9
7.9376,25.6845,2980507,sandstone,Mesozoic,156.9
8.1159,25.6845,2980507,sandstone,Mesozoic,156.9
8.2943,25.6845,3003626,shale,Mesozoic,86.9
8.4727,25.6845,3003626,shale,Mesozoic,86.9
8.6510,25.6845,2765597,,,
8.8294,25.6845,2765597,,,
9.0078,25.6845,2765597,,,
9.1862,25.6845,2765597,,,
9.3645,25.6845,3004815,shale,Mesozoic,79.6
9.5429,25.6845,3004815,shale,Mesozoic,79.6
9.7213,25.6845,3004815,shale,Mesozoic,79.6
9.8996,25.6845,2962864,shale,Mesozoic,79.6
10.0780,25.6845,2723657,sandstone,Mesozoic,72.0
10.2564,25.6845,2723657,sandstone,Mesozoic,72.0
10.4348,25.6845,2723657,sandstone,Mesozoic,72.0
10.6131,25.6845,2854768,alluvium,Cenozoic,1.0
10.7915,25.6845,2854768,alluvium,Cenozoic,1.0
10.9699,25.6845,2854768,alluvium,Cenozoic,1.0
11.1482,25.6845,2854768,alluvium,Cenozoic,1.0
11.3266,25.6845,2854768,alluvium,Cenozoic,1.0
11.5050,25.6845,2854768,alluvium,Cenozoic,1.0
11.6834,25.6845,2854768,alluvium,Cenozoic,1.0
11.8617,25.6845,2854768,alluvium,Cenozoic,1.0
12.0401,25.6845,2854768,alluvium,Cenozoic,1.0
12.2185,25.6845,2954406,sandstone,Mesozoic,67.2
12.3968,25.6845,2954406,sandstone,Mesozoic,67.2
12.5752,25.6845,2954406,sandstone,Mesozoic,67.2
12.7536,25.6845,2954406,sandstone,Mesozoic,67.2
12.9320,25.6845,2954406,sandstone,Mesozoic,67.2
13.1103,25.6845,2954406,sandstone,Mesozoic,67.2
13.2887,25.6845,2954406,sandstone,Mesozoic,67.2
13.4671,25.6845,2954406,sandstone,Mesozoic,67.2
13.6455,25.6845,2954406,sandstone,Mesozoic,67.2
13.8238,25.6845,2954406,sandstone,Mesozoic,67.2
14.0022,25.6845,2954406,sandstone,Mesozoic,67.2
14.1806,25.6845,2954406,sandstone,Mesozoic,67.2
14.3589,25.6845,2954406,sandstone,Mesozoic,67.2
14.5373,25.6845,2954406,sandstone,Mesozoic,67.2
14.7157,25.6845,2954406,sandstone,Mesozoic,67.2
14.8941,25.6845,2954406,sandstone,Mesozoic,67.2
15.0724,25.6845,2954406,sandstone,Mesozoic,67.2
15.2508,25.6845,2954406,sandstone,Mesozoic,67.2
15.4292,25.6845,2954406,sandstone,Mesozoic,67.2
15.6075,25.6845,2954406,sandstone,Mesozoic,67.2
15.7859,25.6845,2954406,sandstone,Mesozoic,67.2
15.9643,25.6845,2954406,sandstone,Mesozoic,67.2
16.1427,25.6845,2954406,sandstone,Mesozoic,67.2
16.3210,25.6845,2954406,sandstone,Mesozoic,67.2
16.4994,25.6845,2954406,sandstone,Mesozoic,67.2
16.6778,25.6845,2954406,sandstone,Mesozoic,67.2
16.8561,25.6845,2954406,sandstone,Mesozoic,67.2
17.0345,25.6845,2954406,sandstone,Mesozoic,67.2
17.2129,25.6845,2954406,sandstone,Mesozoic,67.2
17.3913,25.6845,2954406,sandstone,Mesozoic,67.2
17.5696,25.6845,2954406,sandstone,Mesozoic,67.2
17.7480,25.6845,2954406,sandstone,Mesozoic,67.2
17.9264,25.6845,2954406,sandstone,Mesozoic,67.2
18.1048,25.6845,2954406,sandstone,Mesozoic,67.2
18.2831,25.6845,2954406,sandstone,Mesozoic,67.2
18.4615,25.6845,2954406,sandstone,Mesozoic,67.2
18.6399,25.6845,2954406,sandstone,Mesozoic,67.2
18.8182,25.6845,2954406,sandstone,Mesozoic,67.2
18.9966,25.6845,2954406,sandstone,Mesozoic,67.2
19.1750,25.6845,2954406,sandstone,Mesozoic,67.2
19.3534,25.6845,2954406,sandstone,Mesozoic,67.2
19.5317,25.6845,2954406,sandstone,Mesozoic,67.2
19.7101,25.6845,2954406,sandstone,Mesozoic,67.2
19.8885,25.6845,2954406,sandstone,Mesozoic,67.2
20.0668,25.6845,2954406,sandstone,Mesozoic,67.2
20.2452,25.6845,2954406,sandstone,Mesozoic,67.2
20.4236,25.6845,2954406,sandstone,Mesozoic,67.2
20.6020,25.6845,2954406,sandstone,Mesozoic,67.2
20.7803,25.6845,2954406,sandstone,Mesozoic,67.2
20.9587,25.6845,2954406,sandstone,Mesozoic,67.2
21.1371,25.6845,2954406,sandstone,Mesozoic,67.2
21.3154,25.6845,2954406,sandstone,Mesozoic,67.2
0.0892,25.9148,2855909,granite,Proterozoic,2050.0
0.2676,25.9148,2855909,granite,Proterozoic,2050.0
0.4459,25.9148,2855574,gneiss,Proterozoic,2050.0
0.6243,25.9148,2855574,gneiss,Proterozoic,2050.0
0.8027,25.9148,2855574,gneiss,Proterozoic,2050.0
0.9810,25.9148,2855574,gneiss,Proterozoic,2050.0
1.1594,25.9148,2855574,gneiss,Proterozoic,2050.0
1.3378,25.9148,2855574,gneiss,Proterozoic,2050.0
1.5162,25.9148,2855574,gneiss,Proterozoic,2050.0
1.6945,25.9148,2855574,gneiss,Proterozoic,2050.0
1.8729,25.9148,2832435,gneiss,Proterozoic,2050.0
2.0513,25.9148,2832435,gneiss,Proterozoic,2050.0
2.2296,25.9148,2832435,gneiss,Proterozoic,2050.0
2.4080,25.9148,2832435,gneiss,Proterozoic,2050.0
2.5864,25.9148,2832435,gneiss,Proterozoic,2050.0
2.7648,25.9148,2832435,gneiss,Proterozoic,2050.0
2.9431,25.9148,2832435,gneiss,Proterozoic,2050.0
3.1215,25.9148,2832435,gneiss,Proterozoic,2050.0
3.2999,25.9148,2832435,gneiss,Proterozoic,2050.0
3.4783,25.9148,2832435,gneiss,Proterozoic,2050.0
3.6566,25.9148,2832435,gneiss,Proterozoic,2050.0
3.8350,25.9148,2832435,gneiss,Proterozoic,2050.0
4.0134,25.9148,2832435,gneiss,Proterozoic,2050.0
4.1917,25.9148,2832435,gneiss,Proterozoic,2050.0
4.3701,25.9148,2832435,gneiss,Proterozoic,2050.0
4.5485,25.9148,2832435,gneiss,Proterozoic,2050.0
4.7269,25.9148,2832435,gneiss,Proterozoic,2050.0
4.9052,25.9148,2832435,gneiss,Proterozoic,2050.0
5.0836,25.9148,2832435,gneiss,Proterozoic,2050.0
5.2620,25.9148,2832435,gneiss,Proterozoic,2050.0
5.4403,25.9148,2832435,gneiss,Proterozoic,2050.0
5.6187,25.9148,2832435,gneiss,Proterozoic,2050.0
5.7971,25.9148,2832435,gneiss,Proterozoic,2050.0
5.9755,25.9148,2832435,gneiss,Proterozoic,2050.0
6.1538,25.9148,2832435,gneiss,Proterozoic,2050.0
6.3322,25.9148,2832435,gneiss,Proterozoic,2050.0
6.5106,25.9148,2832435,gneiss,Proterozoic,2050.0
6.6889,25.9148,2832435,gneiss,Proterozoic,2050.0
6.8673,25.9148,2832435,gneiss,Proterozoic,2050.0
7.0457,25.9148,3001358,sandstone,Paleozoic,283.0
7.2241,25.9148,3001358,sandstone,Paleozoic,283.0
7.4024,25.9148,3001358,sandstone,Paleozoic,283.0
7.5808,25.9148,2980507,sandstone,Mesozoic,156.9
7.7592,25.9148,2980507,sandstone,Mesozoic,156.9
7.9376,25.9148,2980507,sandstone,Mesozoic,156.9
8.1159,25.9148,2980507,sandstone,Mesozoic,156.9
8.2943,25.9148,2980507,sandstone,Mesozoic,156.9
8.4727,25.9148,3003626,shale,Mesozoic,86.9
8.6510,25.9148,3003626,shale,Mesozoic,86.9
8.8294,25.9148,3003626,shale,Mesozoic,86.9
9.0078,25.9148,2765597,,,
9.1862,25.9148,2765597,,,
9.3645,25.9148,3004815,shale,Mesozoic,79.6
9.5429,25.9148,3004815,shale,Mesozoic,79.6
9.7213,25.9148,2962864,shale,Mesozoic,79.6
9.8996,25.9148,2962864,shale,Mesozoic,79.6
10.0780,25.9148,2854768,alluvium,Cenozoic,1.0
10.2564,25.9148,2854768,alluvium,Cenozoic,1.0
10.4348,25.9148,2854768,alluvium,Cenozoic,1.0
10.6131,25.9148,2854768,alluvium,Cenozoic,1.0
10.7915,25.9148,2854768,alluvium,Cenozoic,1.0
10.9699,25.9148,2854768,alluvium,Cenozoic,1.0
11.1482,25.9148,2854768,alluvium,Cenozoic,1.0
11.3266,25.9148,2854768,alluvium,Cenozoic,1.0
11.5050,25.9148,2854768,alluvium,Cenozoic,1.0
11.6834,25.9148,2854768,alluvium,Cenozoic,1.0
11.8617,25.9148,2854768,alluvium,Cenozoic,1.0
12.0401,25.9148,2854768,alluvium,Cenozoic,1.0
12.2185,25.9148,2854768,alluvium,Cenozoic,1.0
12.3968,25.9148,2854768,alluvium,Cenozoic,1.0
12.5752,25.9148,2954406,sandstone,Mesozoic,67.2
12.7536,25.9148,2954406,sandstone,Mesozoic,67.2
12.9320,25.9148,2954406,sandstone,Mesozoic,67.2
13.1103,25.9148,2954406,sandstone,Mesozoic,67.2
13.2887,25.9148,2954406,sandstone,Mesozoic,67.2
13.4671,25.9148,2954406,sandstone,Mesozoic,67.2
13.6455,25.9148,2954406,sandstone,Mesozoic,67.2
13.8238,25.9148,2954406,sandstone,Mesozoic,67.2
14.0022,25.9148,2954406,sandstone,Mesozoic,67.2
14.1806,25.9148,2954406,sandstone,Mesozoic,67.2
14.3589,25.9148,2954406,sandstone,Mesozoic,67.2
14.5373,25.9148,2954406,sandstone,Mesozoic,67.2
14.7157,25.9148,2954406,sandstone,Mesozoic,67.2
14.8941,25.9148,2954406,sandstone,Mesozoic,67.2
15.0724,25.9148,2954406,sandstone,Mesozoic,67.2
15.2508,25.9148,2954406,sandstone,Mesozoic,67.2
15.4292,25.9148,2954406,sandstone,Mesozoic,67.2
15.6075,25.9148,2954406,sandstone,Mesozoic,67.2
15.7859,25.9148,2954406,sandstone,Mesozoic,67.2
15.9643,25.9148,2954406,sandstone,Mesozoic,67.2
16.1427,25.9148,2954406,sandstone,Mesozoic,67.2
16.3210,25.9148,2954406,sandstone,Mesozoic,67.2
16.4994,25.9148,2954406,sandstone,Mesozoic,67.2
16.6778,25.9148,2954406,sandstone,Mesozoic,67.2
16.8561,25.9148,2954406,sandstone,Mesozoic,67.2
17.0345,25.9148,2954406,sandstone,Mesozoic,67.2
17.2129,25.9148,2954406,sandstone,Mesozoic,67.2
17.3913,25.9148,2954406,sandstone,Mesozoic,67.2
17.5696,25.9148,2954406,sandstone,Mesozoic,67.2
17.7480,25.9148,2954406,sandstone,Mesozoic,67.2
17.9264,25.9148,2954406,sandstone,Mesozoic,67.2
18.1048,25.9148,2954406,sandstone,Mesozoic,67.2
18.2831,25.9148,2954406,sandstone,Mesozoic,67.2
18.4615,25.9148,2954406,sandstone,Mesozoic,67.2
18.6399,25.9148,2954406,sandstone,Mesozoic,67.2
18.8182,25.9148,2954406,sandstone,Mesozoic,67.2
18.9966,25.9148,2954406,sandstone,Mesozoic,67.2
19.1750,25.9148,2954406,sandstone,Mesozoic,67.2
19.3534,25.9148,2954406,sandstone,Mesozoic,67.2
19.5317,25.9148,2954406,sandstone,Mesozoic,67.2
19.7101,25.9148,2954406,sandstone,Mesozoic,67.2
19.8885,25.9148,2954406,sandstone,Mesozoic,67.2
20.0668,25.9148,2954406,sandstone,Mesozoic,67.2
20.2452,25.9148,2954406,sandstone,Mesozoic,67.2
20.4236,25.9148,2954406,sandstone,Mesozoic,67.2
20.6020,25.9148,2954406,sandstone,Mesozoic,67.2
20.7803,25.9148,2954406,sandstone,Mesozoic,67.2
20.9587,25.9148,2954406,sandstone,Mesozoic,67.2
21.1371,25.9148,2954406,sandstone,Mesozoic,67.2
21.3154,25.9148,2954406,sandstone,Mesozoic,67.2
0.0892,26.1452,2855574,gneiss,Proterozoic,2050.0
0.2676,26.1452,2855574,gneiss,Proterozoic,2050.0
0.4459,26.1452,2855574,gneiss,Proterozoic,2050.0
0.6243,26.1452,2855574,gneiss,Proterozoic,2050.0
0.8027,26.1452,2855574,gneiss,Proterozoic,2050.0
0.9810,26.1452,2855574,gneiss,Proterozoic,2050.0
1.1594,26.1452,2855574,gneiss,Proterozoic,2050.0
1.3378,26.1452,2855574,gneiss,Proterozoic,2050.0
1.5162,26.1452,2855574,gneiss,Proterozoic,2050.0
1.6945,26.1452,2832435,gneiss,Proterozoic,2050.0
1.8729,26.1452,2832435,gneiss,Proterozoic,2050.0
2.0513,26.1452,2832435,gneiss,Proterozoic,2050.0
2.2296,26.1452,2832435,gneiss,Proterozoic,2050.0
2.4080,26.1452,2832435,gneiss,Proterozoic,2050.0
2.5864,26.1452,2832435,gneiss,Proterozoic,2050.0
2.7648,26.1452,2832435,gneiss,Proterozoic,2050.0
2.9431,26.1452,2832435,gneiss,Proterozoic,2050.0
3.1215,26.1452,2832435,gneiss,Proterozoic,2050.0
3.2999,26.1452,2832435,gneiss,Proterozoic,2050.0
3.4783,26.1452,2832435,gneiss,Proterozoic,2050.0
3.6566,26.1452,2832435,gneiss,Proterozoic,2050.0
3.8350,26.1452,2832435,gneiss,Proterozoic,2050.0
4.0134,26.1452,2841871,gneiss,Proterozoic,2050.0
4.1917,26.1452,2841871,gneiss,Proterozoic,2050.0
4.3701,26.1452,2841871,gneiss,Proterozoic,2050.0
4.5485,26.1452,2832435,gneiss,Proterozoic,2050.0
4.7269,26.1452,2832435,gneiss,Proterozoic,2050.0
4.9052,26.1452,2832435,gneiss,Proterozoic,2050.0
5.0836,26.1452,2832435,gneiss,Proterozoic,2050.0
5.2620,26.1452,2832435,gneiss,Proterozoic,2050.0
5.4403,26.1452,2832435,gneiss,Proterozoic,2050.0
5.6187,26.1452,2832435,gneiss,Proterozoic,2050.0
5.7971,26.1452,2832435,gneiss,Proterozoic,2050.0
5.9755,26.1452,2832435,gneiss,Proterozoic,2050.0
6.1538,26.1452,2832435,gneiss,Proterozoic,2050.0
6.3322,26.1452,2832435,gneiss,Proterozoic,2050.0
6.5106,26.1452,2832435,gneiss,Proterozoic,2050.0
6.6889,26.1452,2832435,gneiss,Proterozoic,2050.0
6.8673,26.1452,3001358,sandstone,Paleozoic,283.0
7.0457,26.1452,3001358,sandstone,Paleozoic,283.0
7.2241,26.1452,3001358,sandstone,Paleozoic,283.0
7.4024,26.1452,3001358,sandstone,Paleozoic,283.0
7.5808,26.1452,2980507,sandstone,Mesozoic,156.9
7.7592,26.1452,2980507,sandstone,Mesozoic,156.9
7.9376,26.1452,2980507,sandstone,Mesozoic,156.9
8.1159,26.1452,2980507,sandstone,Mesozoic,156.9
8.2943,26.1452,3003626,shale,Mesozoic,86.9
8.4727,26.1452,3003626,shale,Mesozoic,86.9
8.6510,26.1452,3003626,shale,Mesozoic,86.9
8.8294,26.1452,3003626,shale,Mesozoic,86.9
9.0078,26.1452,2765597,,,
9.1862,26.1452,2765597,,,
9.3645,26.1452,3004815,shale,Mesozoic,79.6
9.5429,26.1452,2962864,shale,Mesozoic,79.6
9.7213,26.1452,2962864,shale,Mesozoic,79.6
9.8996,26.1452,2962864,shale,Mesozoic,79.6
10.0780,26.1452,2854768,alluvium,Cenozoic,1.0
10.2564,26.1452,2854768,alluvium,Cenozoic,1.0
10.4348,26.1452,2854768,alluvium,Cenozoic,1.0
10.6131,26.1452,2854768,alluvium,Cenozoic,1.0
10.7915,26.1452,2854768,alluvium,Cenozoic,1.0
10.9699,26.1452,2854768,alluvium,Cenozoic,1.0
11.1482,26.1452,2854768,alluvium,Cenozoic,1.0
11.3266,26.1452,2854768,alluvium,Cenozoic,1.0
11.5050,26.1452,2854768,alluvium,Cenozoic,1.0
11.6834,26.1452,2854768,alluvium,Cenozoic,1.0
11.8617,26.1452,2854768,alluvium,Cenozoic,1.0
12.0401,26.1452,2854768,alluvium,Cenozoic,1.0
12.2185,26.1452,2854768,alluvium,Cenozoic,1.0
12.3968,26.1452,2854768,alluvium,Cenozoic,1.0
12.5752,26.1452,2854768,alluvium,Cenozoic,1.0
12.7536,26.1452,2854768,alluvium,Cenozoic,1.0
12.9320,26.1452,2954406,sandstone,Mesozoic,67.2
13.1103,26.1452,2954406,sandstone,Mesozoic,67.2
13.2887,26.1452,2954406,sandstone,Mesozoic,67.2
13.4671,26.1452,2954406,sandstone,Mesozoic,67.2
13.6455,26.1452,2954406,sandstone,Mesozoic,67.2
13.8238,26.1452,2954406,sandstone,Mesozoic,67.2
14.0022,26.1452,2954406,sandstone,Mesozoic,67.2
14.1806,26.1452,2954406,sandstone,Mesozoic,67.2
14.3589,26.1452,2954406,sandstone,Mesozoic,67.2
14.5373,26.1452,2954406,sandstone,Mesozoic,67.2
14.7157,26.1452,2954406,sandstone,Mesozoic,67.2
14.8941,26.1452,2954406,sandstone,Mesozoic,67.2
15.0724,26.1452,2954406,sandstone,Mesozoic,67.2
15.2508,26.1452,2954406,sandstone,Mesozoic,67.2
15.4292,26.1452,2954406,sandstone,Mesozoic,67.2
15.6075,26.1452,2954406,sandstone,Mesozoic,67.2
15.7859,26.1452,2954406,sandstone,Mesozoic,67.2
15.9643,26.1452,2954406,sandstone,Mesozoic,67.2
16.1427,26.1452,2954406,sandstone,Mesozoic,67.2
16.3210,26.1452,2954406,sandstone,Mesozoic,67.2
16.4994,26.1452,2954406,sandstone,Mesozoic,67.2
16.6778,26.1452,2954406,sandstone,Mesozoic,67.2
16.8561,26.1452,2954406,sandstone,Mesozoic,67.2
17.0345,26.1452,2954406,sandstone,Mesozoic,67.2
17.2129,26.1452,2954406,sandstone,Mesozoic,67.2
17.3913,26.1452,2954406,sandstone,Mesozoic,67.2
17.5696,26.1452,2954406,sandstone,Mesozoic,67.2
17.7480,26.1452,2954406,sandstone,Mesozoic,67.2
17.9264,26.1452,2954406,sandstone,Mesozoic,67.2
18.1048,26.1452,2954406,sandstone,Mesozoic,67.2
18.2831,26.1452,2954406,sandstone,Mesozoic,67.2
18.4615,26.1452,2954406,sandstone,Mesozoic,67.2
18.6399,26.1452,2954406,sandstone,Mesozoic,67.2
18.8182,26.1452,2954406,sandstone,Mesozoic,67.2
18.9966,26.1452,2954406,sandstone,Mesozoic,67.2
19.1750,26.1452,2954406,sandstone,Mesozoic,67.2
19.3534,26.1452,2954406,sandstone,Mesozoic,67.2
19.5317,26.1452,2954406,sandstone,Mesozoic,67.2
19.7101,26.1452,2954406,sandstone,Mesozoic,67.2
19.8885,26.1452,2954406,sandstone,Mesozoic,67.2
20.0668,26.1452,2954406,sandstone,Mesozoic,67.2
20.2452,26.1452,2954406,sandstone,Mesozoic,67.2
20.4236,26.1452,2954406,sandstone,Mesozoic,67.2
20.6020,26.1452,2954406,sandstone,Mesozoic,67.2
20.7803,26.1452,2954406,sandstone,Mesozoic,67.2
20.9587,26.1452,2954406,sandstone,Mesozoic,67.2
21.1371,26.1452,2954406,sandstone,Mesozoic,67.2
21.3154,26.1452,2954406,sandstone,Mesozoic,67.2
0.0892,26.3756,2855574,gneiss,Proterozoic,2050.0
0.2676,26.3756,2855574,gneiss,Proterozoic,2050.0
0.4459,26.3756,2855574,gneiss,Proterozoic,2050.0
0.6243,26.3756,2855574,gneiss,Proterozoic,2050.0
0.8027,26.3756,2855574,gneiss,Proterozoic,2050.0
0.9810,26.3756,2855574,gneiss,Proterozoic,2050.0
1.1594,26.3756,2855574,gneiss,Proterozoic,2050.0
1.3378,26.3756,2855574,gneiss,Proterozoic,2050.0
1.5162,26.3756,2855574,gneiss,Proterozoic,2050.0
1.6945,26.3756,2832435,gneiss,Proterozoic,2050.0
1.8729,26.3756,2832435,gneiss,Proterozoic,2050.0
2.0513,26.3756,2832435,gneiss,Proterozoic,2050.0
2.2296,26.3756,2832435,gneiss,Proterozoic,2050.0
2.4080,26.3756,2832435,gneiss,Proterozoic,2050.0
2.5864,26.3756,2832435,gneiss,Proterozoic,2050.0
2.7648,26.3756,2832435,gneiss,Proterozoic,2050.0
2.9431,26.3756,2832435,gneiss,Proterozoic,2050.0
3.1215,26.3756,2832435,gneiss,Proterozoic,2050.0
3.2999,26.3756,2832435,gneiss,Proterozoic,2050.0
3.4783,26.3756,2832435,gneiss,Proterozoic,2050.0
3.6566,26.3756,2832435,gneiss,Proterozoic,2050.0
3.8350,26.3756,2841871,gneiss,Proterozoic,2050.0
4.0134,26.3756,2841871,gneiss,Proterozoic,2050.0
4.1917,26.3756,2841871,gneiss,Proterozoic,2050.0
4.3701,26.3756,2841871,gneiss,Proterozoic,2050.0
4.5485,26.3756,2841871,gneiss,Proterozoic,2050.0
4.7269,26.3756,2841871,gneiss,Proterozoic,2050.0
4.9052,26.3756,2832435,gneiss,Proterozoic,2050.0
5.0836,26.3756,2832435,gneiss,Proterozoic,2050.0
5.2620,26.3756,2832435,gneiss,Proterozoic,2050.0
5.4403,26.3756,2832435,gneiss,Proterozoic,2050.0
5.6187,26.3756,2832435,gneiss,Proterozoic,2050.0
5.7971,26.3756,2832435,gneiss,Proterozoic,2050.0
5.9755,26.3756,2832435,gneiss,Proterozoic,2050.0
6.1538,26.3756,2832435,gneiss,Proterozoic,2050.0
6.3322,26.3756,2832435,gneiss,Proterozoic,2050.0
6.5106,26.3756,2832435,gneiss,Proterozoic,2050.0
6.6889,26.3756,3001358,sandstone,Paleozoic,283.0
6.8673,26.3756,3001358,sandstone,Paleozoic,283.0
7.0457,26.3756,3001358,sandstone,Paleozoic,283.0
7.2241,26.3756,3001358,sandstone,Paleozoic,283.0
7.4024,26.3756,3001358,sandstone,Paleozoic,283.0
7.5808,26.3756,3001358,sandstone,Paleozoic,283.0
7.7592,26.3756,2980507,sandstone,Mesozoic,156.9
7.9376,26.3756,2980507,sandstone,Mesozoic,156.9
8.1159,26.3756,2980507,sandstone,Mesozoic,156.9
8.2943,26.3756,3003626,shale,Mesozoic,86.9
8.4727,26.3756,3003626,shale,Mesozoic,86.9
8.6510,26.3756,3003626,shale,Mesozoic,86.9
8.8294,26.3756,3003626,shale,Mesozoic,86.9
9.0078,26.3756,3003626,shale,Mesozoic,86.9
9.1862,26.3756,3004815,shale,Mesozoic,79.6
9.3645,26.3756,2731039,shale,Mesozoic,79.6
9.5429,26.3756,2962864,shale,Mesozoic,79.6
9.7213,26.3756,2962864,shale,Mesozoic,79.6
9.8996,26.3756,2962864,shale,Mesozoic,79.6
10.0780,26.3756,2854768,alluvium,Cenozoic,1.0
10.2564,26.3756,2854768,alluvium,Cenozoic,1.0
10.4348,26.3756,2854768,alluvium,Cenozoic,1.0
10.6131,26.3756,2854768,alluvium,Cenozoic,1.0
10.7915,26.3756,2854768,alluvium,Cenozoic,1.0
10.9699,26.3756,2854768,alluvium,Cenozoic,1.0
11.1482,26.3756,2854768,alluvium,Cenozoic,1.0
11.3266,26.3756,2854768,alluvium,Cenozoic,1.0
11.5050,26.3756,2854768,alluvium,Cenozoic,1.0
11.6834,26.3756,2854768,alluvium,Cenozoic,1.0
11.8617,26.3756,2854768,alluvium,Cenozoic,1.0
12.0401,26.3756,2854768,alluvium,Cenozoic,1.0
12.2185,26.3756,2854768,alluvium,Cenozoic,1.0
12.3968,26.3756,2854768,alluvium,Cenozoic,1.0
12.5752,26.3756,2854768,alluvium,Cenozoic,1.0
12.7536,26.3756,2854768,alluvium,Cenozoic,1.0
12.9320,26.3756,2854768,alluvium,Cenozoic,1.0
13.1103,26.3756,2854768,alluvium,Cenozoic,1.0
13.2887,26.3756,2954406,sandstone,Mesozoic,67.2
13.4671,26.3756,2954406,sandstone,Mesozoic,67.2
13.6455,26.3756,2954406,sandstone,Mesozoic,67.2
13.8238,26.3756,2954406,sandstone,Mesozoic,67.2
14.0022,26.3756,2954406,sandstone,Mesozoic,67.2
14.1806,26.3756,2954406,sandstone,Mesozoic,67.2
14.3589,26.3756,2954406,sandstone,Mesozoic,67.2
14.5373,26.3756,2954406,sandstone,Mesozoic,67.2
14.7157,26.3756,2954406,sandstone,Mesozoic,67.2
14.8941,26.3756,2954406,sandstone,Mesozoic,67.2
15.0724,26.3756,2954406,sandstone,Mesozoic,67.2
15.2508,26.3756,2954406,sandstone,Mesozoic,67.2
15.4292,26.3756,2954406,sandstone,Mesozoic,67.2
15.6075,26.3756,2954406,sandstone,Mesozoic,67.2
15.7859,26.3756,2954406,sandstone,Mesozoic,67.2
15.9643,26.3756,2954406,sandstone,Mesozoic,67.2
16.1427,26.3756,2954406,sandstone,Mesozoic,67.2
16.3210,26.3756,2954406,sandstone,Mesozoic,67.2
16.4994,26.3756,2954406,sandstone,Mesozoic,67.2
16.6778,26.3756,2954406,sandstone,Mesozoic,67.2
16.8561,26.3756,2954406,sandstone,Mesozoic,67.2
17.0345,26.3756,2954406,sandstone,Mesozoic,67.2
17.2129,26.3756,2954406,sandstone,Mesozoic,67.2
17.3913,26.3756,2954406,sandstone,Mesozoic,67.2
17.5696,26.3756,2954406,sandstone,Mesozoic,67.2
17.7480,26.3756,2954406,sandstone,Mesozoic,67.2
17.9264,26.3756,2954406,sandstone,Mesozoic,67.2
18.1048,26.3756,2954406,sandstone,Mesozoic,67.2
18.2831,26.3756,2954406,sandstone,Mesozoic,67.2
18.4615,26.3756,2954406,sandstone,Mesozoic,67.2
18.6399,26.3756,2954406,sandstone,Mesozoic,67.2
18.8182,26.3756,2954406,sandstone,Mesozoic,67.2
18.9966,26.3756,2954406,sandstone,Mesozoic,67.2
19.1750,26.3756,2954406,sandstone,Mesozoic,67.2
19.3534,26.3756,2954406,sandstone,Mesozoic,67.2
19.5317,26.3756,2954406,sandstone,Mesozoic,67.2
19.7101,26.3756,2954406,sandstone,Mesozoic,67.2
19.8885,26.3756,2954406,sandstone,Mesozoic,67.2
20.0668,26.3756,2954406,sandstone,Mesozoic,67.2
20.2452,26.3756,2954406,sandstone,Mesozoic,67.2
20.4236,26.3756,2954406,sandstone,Mesozoic,67.2
20.6020,26.3756,2954406,sandstone,Mesozoic,67.2
20.7803,26.3756,2954406,sandstone,Mesozoic,67.2
20.9587,26.3756,2954406,sandstone,Mesozoic,67.2
21.1371,26.3756,2954406,sandstone,Mesozoic,67.2
21.3154,26.3756,2954406,sandstone,Mesozoic,67.2
0.0892,26.6059,2855574,gneiss,Proterozoic,2050.0
0.2676,26.6059,2855574,gneiss,Proterozoic,2050.0
0.4459,26.6059,2855574,gneiss,Proterozoic,2050.0
0.6243,26.6059,2855574,gneiss,Proterozoic,2050.0
0.8027,26.6059,2855574,gneiss,Proterozoic,2050.0
0.9810,26.6059,2855574,gneiss,Proterozoic,2050.0
1.1594,26.6059,2855574,gneiss,Proterozoic,2050.0
1.3378,26.6059,2855574,gneiss,Proterozoic,2050.0
1.5162,26.6059,2832435,gneiss,Proterozoic,2050.0
1.6945,26.6059,2832435,gneiss,Proterozoic,2050.0
1.8729,26.6059,2832435,gneiss,Proterozoic,2050.0
2.0513,26.6059,2832435,gneiss,Proterozoic,2050.0
2.2296,26.6059,2832435,gneiss,Proterozoic,2050.0
2.4080,26.6059,2832435,gneiss,Proterozoic,2050.0
2.5864,26.6059,2832435,gneiss,Proterozoic,2050.0
2.7648,26.6059,2832435,gneiss,Proterozoic,2050.0
2.9431,26.6059,2832435,gneiss,Proterozoic,2050.0
3.1215,26.6059,2832435,gneiss,Proterozoic,2050.0
3.2999,26.6059,2832435,gneiss,Proterozoic,2050.0
3.4783,26.6059,2832435,gneiss,Proterozoic,2050.0
3.6566,26.6059,2841871,gneiss,Proterozoic,2050.0
3.8350,26.6059,2841871,gneiss,Proterozoic,2050.0
4.0134,26.6059,2841871,gneiss,Proterozoic,2050.0
4.1917,26.6059,2841871,gneiss,Proterozoic,2050.0
4.3701,26.6059,2841871,gneiss,Proterozoic,2050.0
4.5485,26.6059,2841871,gneiss,Proterozoic,2050.0
4.7269,26.6059,2841871,gneiss,Proterozoic,2050.0
4.9052,26.6059,2841871,gneiss,Proterozoic,2050.0
5.0836,26.6059,2832435,gneiss,Proterozoic,2050.0
5.2620,26.6059,2832435,gneiss,Proterozoic,2050.0
5.4403,26.6059,2832435,gneiss,Proterozoic,2050.0
5.6187,26.6059,2832435,gneiss,Proterozoic,2050.0
5.7971,26.6059,2832435,gneiss,Proterozoic,2050.0
5.9755,26.6059,2832435,gneiss,Proterozoic,2050.0
6.1538,26.6059,2832435,gneiss,Proterozoic,2050.0
6.3322,26.6059,2832435,gneiss,Proterozoic,2050.0
6.5106,26.6059,3001358,sandstone,Paleozoic,283.0
6.6889,26.6059,3001358,sandstone,Paleozoic,283.0
6.8673,26.6059,3001358,sandstone,Paleozoic,283.0
7.0457,26.6059,3001358,sandstone,Paleozoic,283.0
7.2241,26.6059,3001358,sandstone,Paleozoic,283.0
7.4024,26.6059,3001358,sandstone,Paleozoic,283.0
7.5808,26.6059,3001358,sandstone,Paleozoic,283.0
7.7592,26.6059,2980507,sandstone,Mesozoic,156.9
7.9376,26.6059,2980507,sandstone,Mesozoic,156.9
8.1159,26.6059,2980507,sandstone,Mesozoic,156.9
8.2943,26.6059,3003626,shale,Mesozoic,86.9
8.4727,26.6059,3003626,shale,Mesozoic,86.9
8.6510,26.6059,3003626,shale,Mesozoic,86.9
8.8294,26.6059,3003626,shale,Mesozoic,86.9
9.0078,26.6059,3003626,shale,Mesozoic,86.9
9.1862,26.6059,2731039,shale,Mesozoic,79.6
9.3645,26.6059,2731039,shale,Mesozoic,79.6
9.5429,26.6059,2962864,shale,Mesozoic,79.6
9.7213,26.6059,2962864,shale,Mesozoic,79.6
9.8996,26.6059,2962864,shale,Mesozoic,79.6
10.0780,26.6059,2854768,alluvium,Cenozoic,1.0
10.2564,26.6059,2854768,alluvium,Cenozoic,1.0
10.4348,26.6059,2854768,alluvium,Cenozoic,1.0
10.6131,26.6059,2854768,alluvium,Cenozoic,1.0
10.7915,26.6059,2854768,alluvium,Cenozoic,1.0
10.9699,26.6059,2854768,alluvium,Cenozoic,1.0
11.1482,26.6059,2854768,alluvium,Cenozoic,1.0
11.3266,26.6059,2854768,alluvium,Cenozoic,1.0
11.5050,26.6059,2854768,alluvium,Cenozoic,1.0
11.6834,26.6059,2854768,alluvium,Cenozoic,1.0
11.8617,26.6059,2854768,alluvium,Cenozoic,1.0
12.0401,26.6059,2854768,alluvium,Cenozoic,1.0
12.2185,26.6059,2854768,alluvium,Cenozoic,1.0
12.3968,26.6059,2854768,alluvium,Cenozoic,1.0
12.5752,26.6059,2854768,alluvium,Cenozoic,1.0
12.7536,26.6059,2854768,alluvium,Cenozoic,1.0
12.9320,26.6059,2854768,alluvium,Cenozoic,1.0
13.1103,26.6059,2854768,alluvium,Cenozoic,1.0
13.2887,26.6059,2854768,alluvium,Cenozoic,1.0
13.4671,26.6059,2854768,alluvium,Cenozoic,1.0
13.6455,26.6059,2954406,sandstone,Mesozoic,67.2
13.8238,26.6059,2954406,sandstone,Mesozoic,67.2
14.0022,26.6059,2954406,sandstone,Mesozoic,67.2
14.1806,26.6059,2954406,sandstone,Mesozoic,67.2
14.3589,26.6059,2954406,sandstone,Mesozoic,67.2
14.5373,26.6059,2954406,sandstone,Mesozoic,67.2
14.7157,26.6059,2954406,sandstone,Mesozoic,67.2
14.8941,26.6059,2954406,sandstone,Mesozoic,67.2
15.0724,26.6059,2954406,sandstone,Mesozoic,67.2
15.2508,26.6059,2954406,sandstone,Mesozoic,67.2
15.4292,26.6059,2954406,sandstone,Mesozoic,67.2
15.6075,26.6059,2954406,sandstone,Mesozoic,67.2
15.7859,26.6059,2954406,sandstone,Mesozoic,67.2
15.9643,26.6059,2954406,sandstone,Mesozoic,67.2
16.1427,26.6059,2954406,sandstone,Mesozoic,67.2
16.3210,26.6059,2954406,sandstone,Mesozoic,67.2
16.4994,26.6059,2954406,sandstone,Mesozoic,67.2
16.6778,26.6059,2954406,sandstone,Mesozoic,67.2
16.8561,26.6059,2954406,sandstone,Mesozoic,67.2
17.0345,26.6059,2954406,sandstone,Mesozoic,67.2
17.2129,26.6059,2954406,sandstone,Mesozoic,67.2
17.3913,26.6059,2954406,sandstone,Mesozoic,67.2
17.5696,26.6059,2954406,sandstone,Mesozoic,67.2
17.7480,26.6059,2954406,sandstone,Mesozoic,67.2
17.9264,26.6059,2954406,sandstone,Mesozoic,67.2
18.1048,26.6059,2954406,sandstone,Mesozoic,67.2
18.2831,26.6059,2954406,sandstone,Mesozoic,67.2
18.4615,26.6059,2954406,sandstone,Mesozoic,67.2
18.6399,26.6059,2954406,sandstone,Mesozoic,67.2
18.8182,26.6059,2954406,sandstone,Mesozoic,67.2
18.9966,26.6059,2954406,sandstone,Mesozoic,67.2
19.1750,26.6059,2954406,sandstone,Mesozoic,67.2
19.3534,26.6059,2954406,sandstone,Mesozoic,67.2
19.5317,26.6059,2954406,sandstone,Mesozoic,67.2
19.7101,26.6059,2954406,sandstone,Mesozoic,67.2
19.8885,26.6059,2954406,sandstone,Mesozoic,67.2
20.0668,26.6059,2954406,sandstone,Mesozoic,67.2
20.2452,26.6059,2954406,sandstone,Mesozoic,67.2
20.4236,26.6059,2954406,sandstone,Mesozoic,67.2
20.6020,26.6059,2954406,sandstone,Mesozoic,67.2
20.7803,26.6059,2954406,sandstone,Mesozoic,67.2
20.9587,26.6059,2954406,sandstone,Mesozoic,67.2
21.1371,26.6059,2954406,sandstone,Mesozoic,67.2
21.3154,26.6059,2954406,sandstone,Mesozoic,67.2
0.0892,26.8363,2855574,gneiss,Proterozoic,2050.0
0.2676,26.8363,2855574,gneiss,Proterozoic,2050.0
0.4459,26.8363,2855574,gneiss,Proterozoic,2050.0
0.6243,26.8363,2855574,gneiss,Proterozoic,2050.0
0.8027,26.8363,2855574,gneiss,Proterozoic,2050.0
0.9810,26.8363,2832435,gneiss,Proterozoic,2050.0
1.1594,26.8363,2832435,gneiss,Proterozoic,2050.0
1.3378,26.8363,2832435,gneiss,Proterozoic,2050.0
1.5162,26.8363,2832435,gneiss,Proterozoic,2050.0
1.6945,26.8363,2832435,gneiss,Proterozoic,2050.0
1.8729,26.8363,2832435,gneiss,Proterozoic,2050.0
2.0513,26.8363,2832435,gneiss,Proterozoic,2050.0
2.2296,26.8363,2832435,gneiss,Proterozoic,2050.0
2.4080,26.8363,2832435,gneiss,Proterozoic,2050.0
2.5864,26.8363,2832435,gneiss,Proterozoic,2050.0
2.7648,26.8363,2832435,gneiss,Proterozoic,2050.0
2.9431,26.8363,2832435,gneiss,Proterozoic,2050.0
3.1215,26.8363,2832435,gneiss,Proterozoic,2050.0
3.2999,26.8363,2832435,gneiss,Proterozoic,2050.0
3.4783,26.8363,2841871,gneiss,Proterozoic,2050.0
3.6566,26.8363,2841871,gneiss,Proterozoic,2050.0
3.8350,26.8363,2841871,gneiss,Proterozoic,2050.0
4.0134,26.8363,2841871,gneiss,Proterozoic,2050.0
4.1917,26.8363,2841871,gneiss,Proterozoic,2050.0
4.3701,26.8363,2841871,gneiss,Proterozoic,2050.0
4.5485,26.8363,2841871,gneiss,Proterozoic,2050.0
4.7269,26.8363,2841871,gneiss,Proterozoic,2050.0
4.9052,26.8363,2841871,gneiss,Proterozoic,2050.0
5.0836,26.8363,2841871,gneiss,Proterozoic,2050.0
5.2620,26.8363,2832435,gneiss,Proterozoic,2050.0
5.4403,26.8363,2832435,gneiss,Proterozoic,2050.0
5.6187,26.8363,2832435,gneiss,Proterozoic,2050.0
5.7971,26.8363,2832435,gneiss,Proterozoic,2050.0
5.9755,26.8363,2832435,gneiss,Proterozoic,2050.0
6.1538,26.8363,3001358,sandstone,Paleozoic,283.0
6.3322,26.8363,3001358,sandstone,Paleozoic,283.0
6.5106,26.8363,3001358,sandstone,Paleozoic,283.0
6.6889,26.8363,3001358,sandstone,Paleozoic,283.0
6.8673,26.8363,3001358,sandstone,Paleozoic,283.0
7.0457,26.8363,3001358,sandstone,Paleozoic,283.0
7.2241,26.8363,3001358,sandstone,Paleozoic,283.0
7.4024,26.8363,3001358,sandstone,Paleozoic,283.0
7.5808,26.8363,3001358,sandstone,Paleozoic,283.0
7.7592,26.8363,2980507,sandstone,Mesozoic,156.9
7.9376,26.8363,2980507,sandstone,Mesozoic,156.9
8.1159,26.8363,3003626,shale,Mesozoic,86.9
8.2943,26.8363,3003626,shale,Mesozoic,86.9
8.4727,26.8363,3003626,shale,Mesozoic,86.9
8.6510,26.8363,3003626,shale,Mesozoic,86.9
8.8294,26.8363,3003626,shale,Mesozoic,86.9
9.0078,26.8363,2731039,shale,Mesozoic,79.6
9.1862,26.8363,2731039,shale,Mesozoic,79.6
9.3645,26.8363,2731039,shale,Mesozoic,79.6
9.5429,26.8363,2962864,shale,Mesozoic,79.6
9.7213,26.8363,2962864,shale,Mesozoic,79.6
9.8996,26.8363,2962864,shale,Mesozoic,79.6
10.0780,26.8363,2854768,alluvium,Cenozoic,1.0
10.2564,26.8363,2854768,alluvium,Cenozoic,1.0
10.4348,26.8363,2854768,alluvium,Cenozoic,1.0
10.6131,26.8363,2854768,alluvium,Cenozoic,1.0
10.7915,26.8363,2854768,alluvium,Cenozoic,1.0
10.9699,26.8363,2854768,alluvium,Cenozoic,1.0
11.1482,26.8363,2854768,alluvium,Cenozoic,1.0
11.3266,26.8363,2854768,alluvium,Cenozoic,1.0
11.5050,26.8363,2854768,alluvium,Cenozoic,1.0
11.6834,26.8363,2854768,alluvium,Cenozoic,1.0
11.8617,26.8363,2854768,alluvium,Cenozoic,1.0
12.0401,26.8363,2854768,alluvium,Cenozoic,1.0
12.2185,26.8363,2854768,alluvium,Cenozoic,1.0
12.3968,26.8363,2854768,alluvium,Cenozoic,1.0
12.5752,26.8363,2954406,sandstone,Mesozoic,67.2
12.7536,26.8363,2954406,sandstone,Mesozoic,67.2
12.9320,26.8363,2954406,sandstone,Mesozoic,67.2
13.1103,26.8363,2954406,sandstone,Mesozoic,67.2
13.2887,26.8363,2954406,sandstone,Mesozoic,67.2
13.4671,26.8363,2954406,sandstone,Mesozoic,67.2
13.6455,26.8363,2954406,sandstone,Mesozoic,67.2
13.8238,26.8363,2954406,sandstone,Mesozoic,67.2
14.0022,26.8363,2954406,sandstone,Mesozoic,67.2
14.1806,26.8363,2954406,sandstone,Mesozoic,67.2
14.3589,26.8363,2954406,sandstone,Mesozoic,67.2
14.5373,26.8363,2954406,sandstone,Mesozoic,67.2
14.7157,26.8363,2954406,sandstone,Mesozoic,67.2
14.8941,26.8363,2954406,sandstone,Mesozoic,67.2
15.0724,26.8363,2954406,sandstone,Mesozoic,67.2
15.2508,26.8363,2954406,sandstone,Mesozoic,67.2
15.4292,26.8363,2954406,sandstone,Mesozoic,67.2
15.6075,26.8363,2954406,sandstone,Mesozoic,67.2
15.7859,26.8363,2954406,sandstone,Mesozoic,67.2
15.9643,26.8363,2954406,sandstone,Mesozoic,67.2
16.1427,26.8363,2954406,sandstone,Mesozoic,67.2
16.3210,26.8363,2954406,sandstone,Mesozoic,67.2
16.4994,26.8363,2954406,sandstone,Mesozoic,67.2
16.6778,26.8363,2954406,sandstone,Mesozoic,67.2
16.8561,26.8363,2954406,sandstone,Mesozoic,67.2
17.0345,26.8363,2954406,sandstone,Mesozoic,67.2
17.2129,26.8363,2954406,sandstone,Mesozoic,67.2
17.3913,26.8363,2954406,sandstone,Mesozoic,67.2
17.5696,26.8363,2954406,sandstone,Mesozoic,67.2
17.7480,26.8363,2954406,sandstone,Mesozoic,67.2
17.9264,26.8363,2954406,sandstone,Mesozoic,67.2
18.1048,26.8363,2954406,sandstone,Mesozoic,67.2
18.2831,26.8363,2954406,sandstone,Mesozoic,67.2
18.4615,26.8363,2954406,sandstone,Mesozoic,67.2
18.6399,26.8363,2954406,sandstone,Mesozoic,67.2
18.8182,26.8363,2954406,sandstone,Mesozoic,67.2
18.9966,26.8363,2954406,sandstone,Mesozoic,67.2
19.1750,26.8363,2954406,sandstone,Mesozoic,67.2
19.3534,26.8363,2954406,sandstone,Mesozoic,67.2
19.5317,26.8363,2954406,sandstone,Mesozoic,67.2
19.7101,26.8363,2954406,sandstone,Mesozoic,67.2
19.8885,26.8363,2954406,sandstone,Mesozoic,67.2
20.0668,26.8363,2954406,sandstone,Mesozoic,67.2
20.2452,26.8363,2954406,sandstone,Mesozoic,67.2
20.4236,26.8363,2954406,sandstone,Mesozoic,67.2
20.6020,26.8363,2954406,sandstone,Mesozoic,67.2
20.7803,26.8363,2954406,sandstone,Mesozoic,67.2
20.9587,26.8363,2954406,sandstone,Mesozoic,67.2
21.1371,26.8363,2954406,sandstone,Mesozoic,67.2
21.3154,26.8363,2954406,sandstone,Mesozoic,67.2
0.0892,27.0666,2832435,gneiss,Proterozoic,2050.0
0.2676,27.0666,2832435,gneiss,Proterozoic,2050.0
0.4459,27.0666,2832435,gneiss,Proterozoic,2050.0
0.6243,27.0666,2832435,gneiss,Proterozoic,2050.0
0.8027,27.0666,2832435,gneiss,Proterozoic,2050.0
0.9810,27.0666,2832435,gneiss,Proterozoic,2050.0
1.1594,27.0666,2832435,gneiss,Proterozoic,2050.0
1.3378,27.0666,2832435,gneiss,Proterozoic,2050.0
1.5162,27.0666,2832435,gneiss,Proterozoic,2050.0
1.6945,27.0666,2832435,gneiss,Proterozoic,2050.0
1.8729,27.0666,2832435,gneiss,Proterozoic,2050.0
2.0513,27.0666,2832435,gneiss,Proterozoic,2050.0
2.2296,27.0666,2832435,gneiss,Proterozoic,2050.0
2.4080,27.0666,2832435,gneiss,Proterozoic,2050.0
2.5864,27.0666,2832435,gneiss,Proterozoic,2050.0
2.7648,27.0666,2832435,gneiss,Proterozoic,2050.0
2.9431,27.0666,2832435,gneiss,Proterozoic,2050.0
3.1215,27.0666,2832435,gneiss,Proterozoic,2050.0
3.2999,27.0666,2841871,gneiss,Proterozoic,2050.0
3.4783,27.0666,2841871,gneiss,Proterozoic,2050.0
3.6566,27.0666,2841871,gneiss,Proterozoic,2050.0
3.8350,27.0666,2841871,gneiss,Proterozoic,2050.0
4.0134,27.0666,2841871,gneiss,Proterozoic,2050.0
4.1917,27.0666,2841871,gneiss,Proterozoic,2050.0
4.3701,27.0666,2841871,gneiss,Proterozoic,2050.0
4.5485,27.0666,2841871,gneiss,Proterozoic,2050.0
4.7269,27.0666,2841871,gneiss,Proterozoic,2050.0
4.9052,27.0666,2841871,gneiss,Proterozoic,2050.0
5.0836,27.0666,2841871,gneiss,Proterozoic,2050.0
5.2620,27.0666,2841871,gneiss,Proterozoic,2050.0
5.4403,27.0666,2841871,gneiss,Proterozoic,2050.0
5.6187,27.0666,2841871,gneiss,Proterozoic,2050.0
5.7971,27.0666,2841871,gneiss,Proterozoic,2050.0
5.9755,27.0666,3001358,sandstone,Paleozoic,283.0
6.1538,27.0666,3001358,sandstone,Paleozoic,283.0
6.3322,27.0666,3001358,sandstone,Paleozoic,283.0
6.5106,27.0666,2841871,gneiss,Proterozoic,2050.0
6.6889,27.0666,3001358,sandstone,Paleozoic,283.0
6.8673,27.0666,3001358,sandstone,Paleozoic,283.0
7.0457,27.0666,3001358,sandstone,Paleozoic,283.0
7.2241,27.0666,3001358,sandstone,Paleozoic,283.0
7.4024,27.0666,3001358,sandstone,Paleozoic,283.0
7.5808,27.0666,3001358,sandstone,Paleozoic,283.0
7.7592,27.0666,2980507,sandstone,Mesozoic,156.9
7.9376,27.0666,2980507,sandstone,Mesozoic,156.9
8.1159,27.0666,3003626,shale,Mesozoic,86.9
8.2943,27.0666,3003626,shale,Mesozoic,86.9
8.4727,27.0666,3003626,shale,Mesozoic,86.9
8.6510,27.0666,3003626,shale,Mesozoic,86.9
8.8294,27.0666,2731039,shale,Mesozoic,79.6
9.0078,27.0666,2731039,shale,Mesozoic,79.6
9.1862,27.0666,2731039,shale,Mesozoic,79.6
9.3645,27.0666,2962864,shale,Mesozoic,79.6
9.5429,27.0666,2962864,shale,Mesozoic,79.6
9.7213,27.0666,2962864,shale,Mesozoic,79.6
9.8996,27.0666,2962864,shale,Mesozoic,79.6
10.0780,27.0666,2825373,sandstone,Mesozoic,72.0
10.2564,27.0666,2825373,sandstone,Mesozoic,72.0
10.4348,27.0666,2825373,sandstone,Mesozoic,72.0
10.6131,27.0666,2825373,sandstone,Mesozoic,72.0
10.7915,27.0666,2825373,sandstone,Mesozoic,72.0
10.9699,27.0666,2854768,alluvium,Cenozoic,1.0
11.1482,27.0666,2854768,alluvium,Cenozoic,1.0
11.3266,27.0666,2854768,alluvium,Cenozoic,1.0
11.5050,27.0666,2854768,alluvium,Cenozoic,1.0
11.6834,27.0666,2854768,alluvium,Cenozoic,1.0
11.8617,27.0666,2854768,alluvium,Cenozoic,1.0
12.0401,27.0666,2825373,sandstone,Mesozoic,72.0
12.2185,27.0666,2825373,sandstone,Mesozoic,72.0
12.3968,27.0666,2825373,sandstone,Mesozoic,72.0
12.5752,27.0666,2825373,sandstone,Mesozoic,72.0
12.7536,27.0666,2825373,sandstone,Mesozoic,72.0
12.9320,27.0666,2954406,sandstone,Mesozoic,67.2
13.1103,27.0666,2954406,sandstone,Mesozoic,67.2
13.2887,27.0666,2954406,sandstone,Mesozoic,67.2
13.4671,27.0666,2954406,sandstone,Mesozoic,67.2
13.6455,27.0666,2825373,sandstone,Mesozoic,72.0
13.8238,27.0666,2825373,sandstone,Mesozoic,72.0
14.0022,27.0666,2825373,sandstone,Mesozoic,72.0
14.1806,27.0666,2825373,sandstone,Mesozoic,72.0
14.3589,27.0666,2954406,sandstone,Mesozoic,67.2
14.5373,27.0666,2954406,sandstone,Mesozoic,67.2
14.7157,27.0666,2954406,sandstone,Mesozoic,67.2
14.8941,27.0666,2954406,sandstone,Mesozoic,67.2
15.0724,27.0666,2954406,sandstone,Mesozoic,67.2
15.2508,27.0666,2954406,sandstone,Mesozoic,67.2
15.4292,27.0666,2954406,sandstone,Mesozoic,67.2
15.6075,27.0666,2954406,sandstone,Mesozoic,67.2
15.7859,27.0666,2954406,sandstone,Mesozoic,67.2
15.9643,27.0666,2954406,sandstone,Mesozoic,67.2
16.1427,27.0666,2954406,sandstone,Mesozoic,67.2
16.3210,27.0666,2954406,sandstone,Mesozoic,67.2
16.4994,27.0666,2954406,sandstone,Mesozoic,67.2
16.6778,27.0666,2954406,sandstone,Mesozoic,67.2
16.8561,27.0666,2954406,sandstone,Mesozoic,67.2
17.0345,27.0666,2954406,sandstone,Mesozoic,67.2
17.2129,27.0666,2954406,sandstone,Mesozoic,67.2
17.3913,27.0666,2954406,sandstone,Mesozoic,67.2
17.5696,27.0666,2954406,sandstone,Mesozoic,67.2
17.7480,27.0666,2954406,sandstone,Mesozoic,67.2
17.9264,27.0666,2954406,sandstone,Mesozoic,67.2
18.1048,27.0666,2954406,sandstone,Mesozoic,67.2
18.2831,27.0666,2954406,sandstone,Mesozoic,67.2
18.4615,27.0666,2954406,sandstone,Mesozoic,67.2
18.6399,27.0666,2954406,sandstone,Mesozoic,67.2
18.8182,27.0666,2954406,sandstone,Mesozoic,67.2
18.9966,27.0666,2954406,sandstone,Mesozoic,67.2
19.1750,27.0666,2954406,sandstone,Mesozoic,67.2
19.3534,27.0666,2954406,sandstone,Mesozoic,67.2
19.5317,27.0666,2954406,sandstone,Mesozoic,67.2
19.7101,27.0666,2954406,sandstone,Mesozoic,67.2
19.8885,27.0666,2954406,sandstone,Mesozoic,67.2
20.0668,27.0666,2954406,sandstone,Mesozoic,67.2
20.2452,27.0666,2954406,sandstone,Mesozoic,67.2
20.4236,27.0666,2954406,sandstone,Mesozoic,67.2
20.6020,27.0666,2954406,sandstone,Mesozoic,67.2
20.7803,27.0666,2954406,sandstone,Mesozoic,67.2
20.9587,27.0666,2954406,sandstone,Mesozoic,67.2
21.1371,27.0666,2954406,sandstone,Mesozoic,67.2
21.3154,27.0666,2954406,sandstone,Mesozoic,67.2
0.0892,27.2970,2832435,gneiss,Proterozoic,2050.0
0.2676,27.2970,2832435,gneiss,Proterozoic,2050.0
0.4459,27.2970,2832435,gneiss,Proterozoic,2050.0
0.6243,27.2970,2832435,gneiss,Proterozoic,2050.0
0.8027,27.2970,2832435,gneiss,Proterozoic,2050.0
0.9810,27.2970,2832435,gneiss,Proterozoic,2050.0
1.1594,27.2970,2832435,gneiss,Proterozoic,2050.0
1.3378,27.2970,2832435,gneiss,Proterozoic,2050.0
1.5162,27.2970,2832435,gneiss,Proterozoic,2050.0
1.6945,27.2970,2832435,gneiss,Proterozoic,2050.0
1.8729,27.2970,2832435,gneiss,Proterozoic,2050.0
2.0513,27.2970,2832435,gneiss,Proterozoic,2050.0
2.2296,27.2970,2832435,gneiss,Proterozoic,2050.0
2.4080,27.2970,2832435,gneiss,Proterozoic,2050.0
2.5864,27.2970,2841871,gneiss,Proterozoic,2050.0
2.7648,27.2970,2841871,gneiss,Proterozoic,2050.0
2.9431,27.2970,2841871,gneiss,Proterozoic,2050.0
3.1215,27.2970,2841871,gneiss,Proterozoic,2050.0
3.2999,27.2970,2841871,gneiss,Proterozoic,2050.0
3.4783,27.2970,2841871,gneiss,Proterozoic,2050.0
3.6566,27.2970,2841871,gneiss,Proterozoic,2050.0
3.8350,27.2970,2841871,gneiss,Proterozoic,2050.0
4.0134,27.2970,2841871,gneiss,Proterozoic,2050.0
4.1917,27.2970,2841871,gneiss,Proterozoic,2050.0
4.3701,27.2970,2841871,gneiss,Proterozoic,2050.0
4.5485,27.2970,2841871,gneiss,Proterozoic,2050.0
4.7269,27.2970,2841871,gneiss,Proterozoic,2050.0
4.9052,27.2970,2841871,gneiss,Proterozoic,2050.0
5.0836,27.2970,2841871,gneiss,Proterozoic,2050.0
5.2620,27.2970,2841871,gneiss,Proterozoic,2050.0
5.4403,27.2970,2841871,gneiss,Proterozoic,2050.0
5.6187,27.2970,2841871,gneiss,Proterozoic,2050.0
5.7971,27.2970,2841871,gneiss,Proterozoic,2050.0
5.9755,27.2970,3001358,sandstone,Paleozoic,283.0
6.1538,27.2970,3001358,sandstone,Paleozoic,283.0
6.3322,27.2970,2841871,gneiss,Proterozoic,2050.0
6.5106,27.2970,2841871,gneiss,Proterozoic,2050.0
6.6889,27.2970,3001358,sandstone,Paleozoic,283.0
6.8673,27.2970,3001358,sandstone,Paleozoic,283.0
7.0457,27.2970,3001358,sandstone,Paleozoic,283.0
7.2241,27.2970,3001358,sandstone,Paleozoic,283.0
7.4024,27.2970,3001358,sandstone,Paleozoic,283.0
7.5808,27.2970,3001358,sandstone,Paleozoic,283.0
7.7592,27.2970,2980507,sandstone,Mesozoic,156.9
7.9376,27.2970,2980507,sandstone,Mesozoic,156.9
8.1159,27.2970,3003626,shale,Mesozoic,86.9
8.2943,27.2970,3003626,shale,Mesozoic,86.9
8.4727,27.2970,3003626,shale,Mesozoic,86.9
8.6510,27.2970,2731039,shale,Mesozoic,79.6
8.8294,27.2970,2731039,shale,Mesozoic,79.6
9.0078,27.2970,2731039,shale,Mesozoic,79.6
9.1862,27.2970,2731039,shale,Mesozoic,79.6
9.3645,27.2970,2962864,shale,Mesozoic,79.6
9.5429,27.2970,2962864,shale,Mesozoic,79.6
9.7213,27.2970,2962864,shale,Mesozoic,79.6
9.8996,27.2970,2962864,shale,Mesozoic,79.6
10.0780,27.2970,2825373,sandstone,Mesozoic,72.0
10.2564,27.2970,2825373,sandstone,Mesozoic,72.0
10.4348,27.2970,2825373,sandstone,Mesozoic,72.0
10.6131,27.2970,2825373,sandstone,Mesozoic,72.0
10.7915,27.2970,2825373,sandstone,Mesozoic,72.0
10.9699,27.2970,2825373,sandstone,Mesozoic,72.0
11.1482,27.2970,2825373,sandstone,Mesozoic,72.0
11.3266,27.2970,2825373,sandstone,Mesozoic,72.0
11.5050,27.2970,2825373,sandstone,Mesozoic,72.0
11.6834,27.2970,2825373,sandstone,Mesozoic,72.0
11.8617,27.2970,2825373,sandstone,Mesozoic,72.0
12.0401,27.2970,2825373,sandstone,Mesozoic,72.0
12.2185,27.2970,2825373,sandstone,Mesozoic,72.0
12.3968,27.2970,2825373,sandstone,Mesozoic,72.0
12.5752,27.2970,2825373,sandstone,Mesozoic,72.0
12.7536,27.2970,2825373,sandstone,Mesozoic,72.0
12.9320,27.2970,2825373,sandstone,Mesozoic,72.0
13.1103,27.2970,2825373,sandstone,Mesozoic,72.0
13.2887,27.2970,2825373,sandstone,Mesozoic,72.0
13.4671,27.2970,2825373,sandstone,Mesozoic,72.0
13.6455,27.2970,2825373,sandstone,Mesozoic,72.0
13.8238,27.2970,2825373,sandstone,Mesozoic,72.0
14.0022,27.2970,2825373,sandstone,Mesozoic,72.0
14.1806,27.2970,2825373,sandstone,Mesozoic,72.0
14.3589,27.2970,2954406,sandstone,Mesozoic,67.2
14.5373,27.2970,2954406,sandstone,Mesozoic,67.2
14.7157,27.2970,2954406,sandstone,Mesozoic,67.2
14.8941,27.2970,2954406,sandstone,Mesozoic,67.2
15.0724,27.2970,2954406,sandstone,Mesozoic,67.2
15.2508,27.2970,2954406,sandstone,Mesozoic,67.2
15.4292,27.2970,2954406,sandstone,Mesozoic,67.2
15.6075,27.2970,2954406,sandstone,Mesozoic,67.2
15.7859,27.2970,2954406,sandstone,Mesozoic,67.2
15.9643,27.2970,2954406,sandstone,Mesozoic,67.2
16.1427,27.2970,2954406,sandstone,Mesozoic,67.2
16.3210,27.2970,2954406,sandstone,Mesozoic,67.2
16.4994,27.2970,2954406,sandstone,Mesozoic,67.2
16.6778,27.2970,2954406,sandstone,Mesozoic,67.2
16.8561,27.2970,2954406,sandstone,Mesozoic,67.2
17.0345,27.2970,2954406,sandstone,Mesozoic,67.2
17.2129,27.2970,2954406,sandstone,Mesozoic,67.2
17.3913,27.2970,2954406,sandstone,Mesozoic,67.2
17.5696,27.2970,2954406,sandstone,Mesozoic,67.2
17.7480,27.2970,2954406,sandstone,Mesozoic,67.2
17.9264,27.2970,2954406,sandstone,Mesozoic,67.2
18.1048,27.2970,2954406,sandstone,Mesozoic,67.2
18.2831,27.2970,2954406,sandstone,Mesozoic,67.2
18.4615,27.2970,2954406,sandstone,Mesozoic,67.2
18.6399,27.2970,2954406,sandstone,Mesozoic,67.2
18.8182,27.2970,2954406,sandstone,Mesozoic,67.2
18.9966,27.2970,2954406,sandstone,Mesozoic,67.2
19.1750,27.2970,2954406,sandstone,Mesozoic,67.2
19.3534,27.2970,2954406,sandstone,Mesozoic,67.2
19.5317,27.2970,2954406,sandstone,Mesozoic,67.2
19.7101,27.2970,2954406,sandstone,Mesozoic,67.2
19.8885,27.2970,2954406,sandstone,Mesozoic,67.2
20.0668,27.2970,2954406,sandstone,Mesozoic,67.2
20.2452,27.2970,2954406,sandstone,Mesozoic,67.2
20.4236,27.2970,2954406,sandstone,Mesozoic,67.2
20.6020,27.2970,2954406,sandstone,Mesozoic,67.2
20.7803,27.2970,2954406,sandstone,Mesozoic,67.2
20.9587,27.2970,2954406,sandstone,Mesozoic,67.2
21.1371,27.2970,2954406,sandstone,Mesozoic,67.2
21.3154,27.2970,2954406,sandstone,Mesozoic,67.2
0.0892,27.5273,2832435,gneiss,Proterozoic,2050.0
0.2676,27.5273,2832435,gneiss,Proterozoic,2050.0
0.4459,27.5273,2832435,gneiss,Proterozoic,2050.0
0.6243,27.5273,2832435,gneiss,Proterozoic,2050.0
0.8027,27.5273,2841871,gneiss,Proterozoic,2050.0
0.9810,27.5273,2841871,gneiss,Proterozoic,2050.0
1.1594,27.5273,2841871,gneiss,Proterozoic,2050.0
1.3378,27.5273,2841871,gneiss,Proterozoic,2050.0
1.5162,27.5273,2841871,gneiss,Proterozoic,2050.0
1.6945,27.5273,2841871,gneiss,Proterozoic,2050.0
1.8729,27.5273,2841871,gneiss,Proterozoic,2050.0
2.0513,27.5273,2841871,gneiss,Proterozoic,2050.0
2.2296,27.5273,2841871,gneiss,Proterozoic,2050.0
2.4080,27.5273,2841871,gneiss,Proterozoic,2050.0
2.5864,27.5273,2841871,gneiss,Proterozoic,2050.0
2.7648,27.5273,2841871,gneiss,Proterozoic,2050.0
2.9431,27.5273,2841871,gneiss,Proterozoic,2050.0
3.1215,27.5273,2841871,gneiss,Proterozoic,2050.0
3.2999,27.5273,2841871,gneiss,Proterozoic,2050.0
3.4783,27.5273,2841871,gneiss,Proterozoic,2050.0
3.6566,27.5273,2841871,gneiss,Proterozoic,2050.0
3.8350,27.5273,2841871,gneiss,Proterozoic,2050.0
4.0134,27.5273,2841871,gneiss,Proterozoic,2050.0
4.1917,27.5273,2841871,gneiss,Proterozoic,2050.0
4.3701,27.5273,2841871,gneiss,Proterozoic,2050.0
4.5485,27.5273,2841871,gneiss,Proterozoic,2050.0
4.7269,27.5273,2841871,gneiss,Proterozoic,2050.0
4.9052,27.5273,2841871,gneiss,Proterozoic,2050.0
5.0836,27.5273,2841871,gneiss,Proterozoic,2050.0
5.2620,27.5273,2841871,gneiss,Proterozoic,2050.0
5.4403,27.5273,2841871,gneiss,Proterozoic,2050.0
5.6187,27.5273,2841871,gneiss,Proterozoic,2050.0
5.7971,27.5273,3001358,sandstone,Paleozoic,283.0
5.9755,27.5273,3001358,sandstone,Paleozoic,283.0
6.1538,27.5273,2841871,gneiss,Proterozoic,2050.0
6.3322,27.5273,2841871,gneiss,Proterozoic,2050.0
6.5106,27.5273,2841871,gneiss,Proterozoic,2050.0
6.6889,27.5273,3001358,sandstone,Paleozoic,283.0
6.8673,27.5273,3001358,sandstone,Paleozoic,283.0
7.0457,27.5273,3001358,sandstone,Paleozoic,283.0
7.2241,27.5273,3001358,sandstone,Paleozoic,283.0
7.4024,27.5273,3001358,sandstone,Paleozoic,283.0
7.5808,27.5273,2980507,sandstone,Mesozoic,156.9
7.7592,27.5273,2980507,sandstone,Mesozoic,156.9
7.9376,27.5273,3003626,shale,Mesozoic,86.9
8.1159,27.5273,3003626,shale,Mesozoic,86.9
8.2943,27.5273,3003626,shale,Mesozoic,86.9
8.4727,27.5273,3003626,shale,Mesozoic,86.9
8.6510,27.5273,2731039,shale,Mesozoic,79.6
8.8294,27.5273,2731039,shale,Mesozoic,79.6
9.0078,27.5273,2731039,shale,Mesozoic,79.6
9.1862,27.5273,2731039,shale,Mesozoic,79.6
9.3645,27.5273,2962864,shale,Mesozoic,79.6
9.5429,27.5273,2962864,shale,Mesozoic,79.6
9.7213,27.5273,2962864,shale,Mesozoic,79.6
9.8996,27.5273,2962864,shale,Mesozoic,79.6
10.0780,27.5273,2825373,sandstone,Mesozoic,72.0
10.2564,27.5273,2825373,sandstone,Mesozoic,72.0
10.4348,27.5273,2825373,sandstone,Mesozoic,72.0
10.6131,27.5273,2825373,sandstone,Mesozoic,72.0
10.7915,27.5273,2825373,sandstone,Mesozoic,72.0
10.9699,27.5273,2825373,sandstone,Mesozoic,72.0
11.1482,27.5273,2825373,sandstone,Mesozoic,72.0
11.3266,27.5273,2825373,sandstone,Mesozoic,72.0
11.5050,27.5273,2825373,sandstone,Mesozoic,72.0
11.6834,27.5273,2825373,sandstone,Mesozoic,72.0
11.8617,27.5273,2825373,sandstone,Mesozoic,72.0
12.0401,27.5273,2825373,sandstone,Mesozoic,72.0
12.2185,27.5273,2825373,sandstone,Mesozoic,72.0
12.3968,27.5273,2825373,sandstone,Mesozoic,72.0
12.5752,27.5273,2825373,sandstone,Mesozoic,72.0
12.7536,27.5273,2825373,sandstone,Mesozoic,72.0
12.9320,27.5273,2825373,sandstone,Mesozoic,72.0
13.1103,27.5273,2825373,sandstone,Mesozoic,72.0
13.2887,27.5273,2825373,sandstone,Mesozoic,72.0
13.4671,27.5273,2825373,sandstone,Mesozoic,72.0
13.6455,27.5273,2825373,sandstone,Mesozoic,72.0
13.8238,27.5273,2825373,sandstone,Mesozoic,72.0
14.0022,27.5273,2825373,sandstone,Mesozoic,72.0
14.1806,27.5273,2954406,sandstone,Mesozoic,67.2
14.3589,27.5273,2954406,sandstone,Mesozoic,67.2
14.5373,27.5273,2954406,sandstone,Mesozoic,67.2
14.7157,27.5273,2954406,sandstone,Mesozoic,67.2
14.8941,27.5273,2954406,sandstone,Mesozoic,67.2
15.0724,27.5273,2954406,sandstone,Mesozoic,67.2
15.2508,27.5273,2954406,sandstone,Mesozoic,67.2
15.4292,27.5273,2954406,sandstone,Mesozoic,67.2
15.6075,27.5273,2954406,sandstone,Mesozoic,67.2
15.7859,27.5273,2954406,sandstone,Mesozoic,67.2
15.9643,27.5273,2954406,sandstone,Mesozoic,67.2
16.1427,27.5273,2954406,sandstone,Mesozoic,67.2
16.3210,27.5273,2954406,sandstone,Mesozoic,67.2
16.4994,27.5273,2954406,sandstone,Mesozoic,67.2
16.6778,27.5273,2954406,sandstone,Mesozoic,67.2
16.8561,27.5273,2954406,sandstone,Mesozoic,67.2
17.0345,27.5273,2954406,sandstone,Mesozoic,67.2
17.2129,27.5273,2954406,sandstone,Mesozoic,67.2
17.3913,27.5273,2954406,sandstone,Mesozoic,67.2
17.5696,27.5273,2954406,sandstone,Mesozoic,67.2
17.7480,27.5273,2954406,sandstone,Mesozoic,67.2
17.9264,27.5273,2954406,sandstone,Mesozoic,67.2
18.1048,27.5273,2954406,sandstone,Mesozoic,67.2
18.2831,27.5273,2954406,sandstone,Mesozoic,67.2
18.4615,27.5273,2954406,sandstone,Mesozoic,67.2
18.6399,27.5273,2954406,sandstone,Mesozoic,67.2
18.8182,27.5273,2954406,sandstone,Mesozoic,67.2
18.9966,27.5273,2954406,sandstone,Mesozoic,67.2
19.1750,27.5273,2954406,sandstone,Mesozoic,67.2
19.3534,27.5273,2954406,sandstone,Mesozoic,67.2
19.5317,27.5273,2954406,sandstone,Mesozoic,67.2
19.7101,27.5273,2954406,sandstone,Mesozoic,67.2
19.8885,27.5273,2954406,sandstone,Mesozoic,67.2
20.0668,27.5273,2954406,sandstone,Mesozoic,67.2
20.2452,27.5273,2954406,sandstone,Mesozoic,67.2
20.4236,27.5273,2954406,sandstone,Mesozoic,67.2
20.6020,27.5273,2954406,sandstone,Mesozoic,67.2
20.7803,27.5273,2954406,sandstone,Mesozoic,67.2
20.9587,27.5273,2954406,sandstone,Mesozoic,67.2
21.1371,27.5273,2954406,sandstone,Mesozoic,67.2
21.3154,27.5273,2954406,sandstone,Mesozoic,67.2
